ERHJAHR,PUBJAHR,X_KOORD,Y_KOORD,E_KOORD,N_KOORD,RELI,GDENR,GTOT,GA01,GA02,GA03,GA05,GA06,GA07,GA08,GB01,GB02,GB03,GB04,GB05,GB06,GB07,GB08,GB09,GB10,GB11,GB12,GG01,GG02,GG03,GG04,GG05,GG06,GG07,GG08,GG09,GH01,GH02,GH03,GH04,GH05,GH17,GH19,GE01,GE02,GE03,GE04,GE05,GE06,GE07,GE08,GE17,GE19,GEWW01,GEWW02,GEWW03,GEWW04,GEWW05,GEWW06,GEWW07,GEWW08,GEWW17,GEWW19,GW00,GW01,GW02,GW03,GW04,GW05,GW06,GW07,GW10,WTOT,WTF,WT01,WT02,WT03,WT04,WT05,WT06,WT07,WT08,WT09,WT10,WT11,WT12,WT1,WT1F,WT101,WT102,WT103,WT104,WT105,WT106,WT107,WT108,WT109,WT110,WT111,WT112,WT2,WT2F,WT201,WT202,WT203,WT204,WT205,WT206,WT207,WT208,WT209,WT210,WT211,WT212,WT3,WT3F,WT301,WT302,WT303,WT304,WT305,WT306,WT307,WT308,WT309,WT310,WT311,WT312,WT4,WT4F,WT401,WT402,WT403,WT404,WT405,WT406,WT407,WT408,WT409,WT410,WT411,WT412,WT5,WT5F,WT501,WT502,WT503,WT504,WT505,WT506,WT507,WT508,WT509,WT510,WT511,WT512,WT6,WT6F,WT601,WT602,WT603,WT604,WT605,WT606,WT607,WT608,WT609,WT610,WT611,WT612
2019,2020,694300,277100,2694300,1277100,69432771,40,1,1,1,0,1,0,0,0,0,0,0,0,1,0,0,0,0,0,0,0,0,0,1,0,0,0,0,0,0,,,,,,,,,,,,,,,,,,,,,,,,,,,,0,0,0,0,1,0,0,0,0,4,374,0,0,0,0,4,0,0,0,0,0,0,0,0,0,0,0,0,0,0,0,0,0,0,0,0,0,2,136,0,0,0,0,2,0,0,0,0,0,0,0,0,0,0,0,0,0,0,0,0,0,0,0,0,0,1,115,0,0,0,0,1,0,0,0,0,0,0,0,1,123,0,0,0,0,1,0,0,0,0,0,0,0,0,0,0,0,0,0,0,0,0,0,0,0,0,0
2019,2020,671500,255400,2671500,1255400,67152554,87,6,6,6,6,0,0,0,0,1,0,0,2,0,2,0,0,1,0,0,0,0,1,5,0,0,0,0,0,0,,,,,,,,,,,,,,,,,,,,,,,,,,,,0,6,0,0,0,0,0,0,0,6,996,1,0,0,2,0,2,0,0,1,0,0,0,0,0,0,0,0,0,0,0,0,0,0,0,0,0,0,0,0,0,0,0,0,0,0,0,0,0,0,0,0,0,0,0,0,0,0,0,0,0,0,0,0,0,3,498,1,0,0,1,0,1,0,0,0,0,0,0,3,498,0,0,0,1,0,1,0,0,1,0,0,0,0,0,0,0,0,0,0,0,0,0,0,0,0,0
2019,2020,590000,213700,2590000,1213700,59002137,306,1,1,1,1,0,0,0,0,0,0,0,0,0,0,0,0,0,0,0,1,0,0,1,0,0,0,0,0,0,,,,,,,,,,,,,,,,,,,,,,,,,,,,0,1,0,0,0,0,0,0,0,1,120,0,0,0,0,0,0,0,0,0,0,0,1,0,0,0,0,0,0,0,0,0,0,0,0,0,0,0,0,0,0,0,0,0,0,0,0,0,0,0,0,0,0,0,0,0,0,0,0,0,0,0,0,0,0,1,120,0,0,0,0,0,0,0,0,0,0,0,1,0,0,0,0,0,0,0,0,0,0,0,0,0,0,0,0,0,0,0,0,0,0,0,0,0,0,0,0
2019,2020,626400,229100,2626400,1229100,62642291,329,11,9,9,7,2,0,2,0,1,1,0,0,1,1,0,0,2,3,1,1,2,5,3,1,0,0,0,0,0,,,,,,,,,,,,,,,,,,,,,,,,,,,,2,7,1,0,0,1,0,0,0,14,2104,2,1,0,0,0,1,0,0,2,7,1,0,0,0,0,0,0,0,0,0,0,0,0,0,0,0,0,0,0,0,0,0,0,0,0,0,0,0,0,0,3,232,2,1,0,0,0,0,0,0,0,0,0,0,7,1021,0,0,0,0,0,1,0,0,1,5,0,0,4,851,0,0,0,0,0,0,0,0,1,2,1,0,0,0,0,0,0,0,0,0,0,0,0,0,0,0
2019,2020,629000,232200,2629000,1232200,62902322,337,1,1,1,1,0,0,0,0,0,0,0,0,0,0,0,0,1,0,0,0,1,0,0,0,0,0,0,0,0,,,,,,,,,,,,,,,,,,,,,,,,,,,,0,1,0,0,0,0,0,0,0,1,41,0,0,0,0,0,0,0,0,1,0,0,0,0,0,0,0,0,0,0,0,0,0,0,0,0,0,1,41,0,0,0,0,0,0,0,0,1,0,0,0,0,0,0,0,0,0,0,0,0,0,0,0,0,0,0,0,0,0,0,0,0,0,0,0,0,0,0,0,0,0,0,0,0,0,0,0,0,0,0,0,0,0,0,0,0,0,0,0,0,0,0,0,0,0,0,0
2019,2020,603700,197700,2603700,1197700,60371977,356,3,3,3,3,0,0,0,0,0,0,0,0,0,0,0,0,0,0,0,3,0,2,1,0,0,0,0,0,0,,,,,,,,,,,,,,,,,,,,,,,,,,,,0,3,0,0,0,0,0,0,0,3,472,0,0,0,0,0,0,0,0,0,0,0,3,0,0,0,0,0,0,0,0,0,0,0,0,0,0,0,0,0,0,0,0,0,0,0,0,0,0,0,0,0,0,0,0,0,0,0,0,0,0,0,0,0,0,3,472,0,0,0,0,0,0,0,0,0,0,0,3,0,0,0,0,0,0,0,0,0,0,0,0,0,0,0,0,0,0,0,0,0,0,0,0,0,0,0,0
2019,2020,609300,199400,2609300,1199400,60931994,359,3,3,2,2,0,1,0,0,1,1,0,0,0,0,0,0,0,1,0,0,1,2,0,0,0,0,0,0,0,,,,,,,,,,,,,,,,,,,,,,,,,,,,0,2,1,0,0,0,0,0,0,4,405,1,2,0,0,0,0,0,0,0,1,0,0,0,0,0,0,0,0,0,0,0,0,0,0,0,0,0,0,0,0,0,0,0,0,0,0,0,0,0,0,0,0,0,0,0,0,0,0,0,0,0,0,0,0,3,215,1,2,0,0,0,0,0,0,0,0,0,0,0,0,0,0,0,0,0,0,0,0,0,0,0,0,1,190,0,0,0,0,0,0,0,0,0,1,0,0
2019,2020,593900,202500,2593900,1202500,59392025,360,1,1,1,0,1,0,0,0,0,0,0,0,1,0,0,0,0,0,0,0,0,1,0,0,0,0,0,0,0,,,,,,,,,,,,,,,,,,,,,,,,,,,,0,0,1,0,0,0,0,0,0,2,243,0,0,0,0,2,0,0,0,0,0,0,0,0,0,0,0,0,0,0,0,0,0,0,0,0,0,0,0,0,0,0,0,0,0,0,0,0,0,0,0,0,0,0,0,0,0,0,0,0,0,0,0,0,0,1,108,0,0,0,0,1,0,0,0,0,0,0,0,1,135,0,0,0,0,1,0,0,0,0,0,0,0,0,0,0,0,0,0,0,0,0,0,0,0,0,0
2019,2020,585500,221200,2585500,1221200,58552212,371,1,0,0,0,0,0,0,1,0,0,0,0,0,0,0,0,0,0,0,0,0,0,0,0,0,0,0,0,0,,,,,,,,,,,,,,,,,,,,,,,,,,,,0,0,0,0,0,0,0,0,0,0,0,0,0,0,0,0,0,0,0,0,0,0,0,0,0,0,0,0,0,0,0,0,0,0,0,0,0,0,0,0,0,0,0,0,0,0,0,0,0,0,0,0,0,0,0,0,0,0,0,0,0,0,0,0,0,0,0,0,0,0,0,0,0,0,0,0,0,0,0,0,0,0,0,0,0,0,0,0,0,0,0,0,0,0,0,0,0,0,0,0,0,0,0,0,0,0,0
2019,2020,585000,222000,2585000,1222000,58502220,372,1,1,1,1,0,0,0,0,1,0,0,0,0,0,0,0,0,0,0,0,1,0,0,0,0,0,0,0,0,,,,,,,,,,,,,,,,,,,,,,,,,,,,0,1,0,0,0,0,0,0,0,1,97,1,0,0,0,0,0,0,0,0,0,0,0,0,0,0,0,0,0,0,0,0,0,0,0,0,0,0,0,0,0,0,0,0,0,0,0,0,0,0,0,1,97,1,0,0,0,0,0,0,0,0,0,0,0,0,0,0,0,0,0,0,0,0,0,0,0,0,0,0,0,0,0,0,0,0,0,0,0,0,0,0,0,0,0,0,0,0,0,0,0,0,0,0,0,0,0
2019,2020,609000,216000,2609000,1216000,60902160,401,1,1,1,1,0,0,0,0,0,0,0,0,0,0,0,0,0,0,0,1,0,1,0,0,0,0,0,0,0,,,,,,,,,,,,,,,,,,,,,,,,,,,,0,1,0,0,0,0,0,0,0,1,143,0,0,0,0,0,0,0,0,0,0,0,1,0,0,0,0,0,0,0,0,0,0,0,0,0,0,0,0,0,0,0,0,0,0,0,0,0,0,0,0,0,0,0,0,0,0,0,0,0,0,0,0,0,0,0,0,0,0,0,0,0,0,0,0,0,0,0,0,0,0,0,0,0,0,0,0,0,0,0,0,0,0,1,143,0,0,0,0,0,0,0,0,0,0,0,1
2019,2020,570800,224700,2570800,1224700,57082247,432,1,0,0,0,0,0,1,0,0,1,0,0,0,0,0,0,0,0,0,0,0,1,0,0,0,0,0,0,0,,,,,,,,,,,,,,,,,,,,,,,,,,,,0,1,0,0,0,0,0,0,0,1,80,0,1,0,0,0,0,0,0,0,0,0,0,0,0,0,0,0,0,0,0,0,0,0,0,0,0,0,0,0,0,0,0,0,0,0,0,0,0,0,0,1,80,0,1,0,0,0,0,0,0,0,0,0,0,0,0,0,0,0,0,0,0,0,0,0,0,0,0,0,0,0,0,0,0,0,0,0,0,0,0,0,0,0,0,0,0,0,0,0,0,0,0,0,0,0,0
2019,2020,618100,149300,2618100,1149300,61811493,565,1,0,0,0,0,0,1,0,0,0,0,1,0,0,0,0,0,0,0,0,1,0,0,0,0,0,0,0,0,,,,,,,,,,,,,,,,,,,,,,,,,,,,0,1,0,0,0,0,0,0,0,1,15,0,0,0,1,0,0,0,0,0,0,0,0,1,15,0,0,0,1,0,0,0,0,0,0,0,0,0,0,0,0,0,0,0,0,0,0,0,0,0,0,0,0,0,0,0,0,0,0,0,0,0,0,0,0,0,0,0,0,0,0,0,0,0,0,0,0,0,0,0,0,0,0,0,0,0,0,0,0,0,0,0,0,0,0,0,0,0,0,0,0,0,0,0,0,0,0
2019,2020,619500,163800,2619500,1163800,61951638,567,7,0,0,0,0,0,7,0,1,0,2,2,2,0,0,0,0,0,0,0,3,4,0,0,0,0,0,0,0,,,,,,,,,,,,,,,,,,,,,,,,,,,,0,7,0,0,0,0,0,0,0,7,275,1,0,2,2,2,0,0,0,0,0,0,0,2,48,0,0,0,2,0,0,0,0,0,0,0,0,2,46,1,0,1,0,0,0,0,0,0,0,0,0,1,55,0,0,1,0,0,0,0,0,0,0,0,0,2,126,0,0,0,0,2,0,0,0,0,0,0,0,0,0,0,0,0,0,0,0,0,0,0,0,0,0,0,0,0,0,0,0,0,0,0,0,0,0,0,0
2019,2020,645300,178500,2645300,1178500,64531785,573,1,0,0,0,0,0,1,0,0,0,0,0,0,1,0,0,0,0,0,0,0,1,0,0,0,0,0,0,0,,,,,,,,,,,,,,,,,,,,,,,,,,,,0,1,0,0,0,0,0,0,0,1,22,0,0,0,0,0,1,0,0,0,0,0,0,1,22,0,0,0,0,0,1,0,0,0,0,0,0,0,0,0,0,0,0,0,0,0,0,0,0,0,0,0,0,0,0,0,0,0,0,0,0,0,0,0,0,0,0,0,0,0,0,0,0,0,0,0,0,0,0,0,0,0,0,0,0,0,0,0,0,0,0,0,0,0,0,0,0,0,0,0,0,0,0,0,0,0,0
2019,2020,645700,163900,2645700,1163900,64571639,576,1,1,1,0,1,0,0,0,0,0,1,0,0,0,0,0,0,0,0,0,0,0,1,0,0,0,0,0,0,,,,,,,,,,,,,,,,,,,,,,,,,,,,0,0,0,0,0,1,0,0,0,5,369,0,0,5,0,0,0,0,0,0,0,0,0,0,0,0,0,0,0,0,0,0,0,0,0,0,0,2,122,0,0,2,0,0,0,0,0,0,0,0,0,1,83,0,0,1,0,0,0,0,0,0,0,0,0,2,164,0,0,2,0,0,0,0,0,0,0,0,0,0,0,0,0,0,0,0,0,0,0,0,0,0,0,0,0,0,0,0,0,0,0,0,0,0,0,0,0
2019,2020,633300,167100,2633300,1167100,63331671,577,1,1,1,1,0,0,0,0,0,0,1,0,0,0,0,0,0,0,0,0,1,0,0,0,0,0,0,0,0,,,,,,,,,,,,,,,,,,,,,,,,,,,,0,1,0,0,0,0,0,0,0,1,50,0,0,1,0,0,0,0,0,0,0,0,0,0,0,0,0,0,0,0,0,0,0,0,0,0,0,1,50,0,0,1,0,0,0,0,0,0,0,0,0,0,0,0,0,0,0,0,0,0,0,0,0,0,0,0,0,0,0,0,0,0,0,0,0,0,0,0,0,0,0,0,0,0,0,0,0,0,0,0,0,0,0,0,0,0,0,0,0,0,0,0,0,0,0,0,0
2019,2020,625600,167000,2625600,1167000,62561670,585,2,2,2,2,0,0,0,0,2,0,0,0,0,0,0,0,0,0,0,0,0,2,0,0,0,0,0,0,0,,,,,,,,,,,,,,,,,,,,,,,,,,,,0,2,0,0,0,0,0,0,0,2,320,2,0,0,0,0,0,0,0,0,0,0,0,0,0,0,0,0,0,0,0,0,0,0,0,0,0,0,0,0,0,0,0,0,0,0,0,0,0,0,0,0,0,0,0,0,0,0,0,0,0,0,0,0,0,2,320,2,0,0,0,0,0,0,0,0,0,0,0,0,0,0,0,0,0,0,0,0,0,0,0,0,0,0,0,0,0,0,0,0,0,0,0,0,0,0,0
2019,2020,632800,169700,2632800,1169700,63281697,587,1,1,1,0,1,0,0,0,0,1,0,0,0,0,0,0,0,0,0,0,0,0,1,0,0,0,0,0,0,,,,,,,,,,,,,,,,,,,,,,,,,,,,0,0,0,1,0,0,0,0,0,3,154,0,3,0,0,0,0,0,0,0,0,0,0,1,42,0,1,0,0,0,0,0,0,0,0,0,0,1,44,0,1,0,0,0,0,0,0,0,0,0,0,1,68,0,1,0,0,0,0,0,0,0,0,0,0,0,0,0,0,0,0,0,0,0,0,0,0,0,0,0,0,0,0,0,0,0,0,0,0,0,0,0,0,0,0,0,0,0,0,0,0,0,0,0,0,0,0
2019,2020,631200,170400,2631200,1170400,63121704,593,1,0,0,0,0,0,1,0,0,0,0,0,0,1,0,0,0,0,0,0,0,1,0,0,0,0,0,0,0,,,,,,,,,,,,,,,,,,,,,,,,,,,,0,1,0,0,0,0,0,0,0,1,202,0,0,0,0,0,1,0,0,0,0,0,0,0,0,0,0,0,0,0,0,0,0,0,0,0,0,0,0,0,0,0,0,0,0,0,0,0,0,0,0,0,0,0,0,0,0,0,0,0,0,0,0,0,0,1,202,0,0,0,0,0,1,0,0,0,0,0,0,0,0,0,0,0,0,0,0,0,0,0,0,0,0,0,0,0,0,0,0,0,0,0,0,0,0,0,0
2019,2020,612200,185600,2612200,1185600,61221856,622,1,1,1,1,0,0,0,0,0,0,0,0,0,0,0,0,0,0,1,0,1,0,0,0,0,0,0,0,0,,,,,,,,,,,,,,,,,,,,,,,,,,,,0,1,0,0,0,0,0,0,0,1,100,0,0,0,0,0,0,0,0,0,0,1,0,0,0,0,0,0,0,0,0,0,0,0,0,0,0,1,100,0,0,0,0,0,0,0,0,0,0,1,0,0,0,0,0,0,0,0,0,0,0,0,0,0,0,0,0,0,0,0,0,0,0,0,0,0,0,0,0,0,0,0,0,0,0,0,0,0,0,0,0,0,0,0,0,0,0,0,0,0,0,0,0,0,0,0,0
2019,2020,584800,194600,2584800,1194600,58481946,667,1,1,1,1,0,0,0,0,0,0,0,0,0,0,0,0,0,0,0,1,0,1,0,0,0,0,0,0,0,,,,,,,,,,,,,,,,,,,,,,,,,,,,0,1,0,0,0,0,0,0,0,1,282,0,0,0,0,0,0,0,0,0,0,0,1,0,0,0,0,0,0,0,0,0,0,0,0,0,0,0,0,0,0,0,0,0,0,0,0,0,0,0,0,0,0,0,0,0,0,0,0,0,0,0,0,0,0,0,0,0,0,0,0,0,0,0,0,0,0,0,0,1,282,0,0,0,0,0,0,0,0,0,0,0,1,0,0,0,0,0,0,0,0,0,0,0,0,0,0
2019,2020,600100,236900,2600100,1236900,60012369,691,1,1,1,0,1,0,0,0,0,0,0,0,0,0,0,0,0,0,0,1,0,0,1,0,0,0,0,0,0,,,,,,,,,,,,,,,,,,,,,,,,,,,,0,0,1,0,0,0,0,0,0,2,330,0,0,0,0,0,0,0,0,0,0,0,2,0,0,0,0,0,0,0,0,0,0,0,0,0,0,0,0,0,0,0,0,0,0,0,0,0,0,0,0,1,90,0,0,0,0,0,0,0,0,0,0,0,1,0,0,0,0,0,0,0,0,0,0,0,0,0,0,1,240,0,0,0,0,0,0,0,0,0,0,0,1,0,0,0,0,0,0,0,0,0,0,0,0,0,0
2019,2020,597000,236000,2597000,1236000,59702360,692,1,1,1,1,0,0,0,0,0,0,0,0,0,0,0,0,0,0,0,1,0,1,0,0,0,0,0,0,0,,,,,,,,,,,,,,,,,,,,,,,,,,,,0,1,0,0,0,0,0,0,0,1,220,0,0,0,0,0,0,0,0,0,0,0,1,0,0,0,0,0,0,0,0,0,0,0,0,0,0,0,0,0,0,0,0,0,0,0,0,0,0,0,0,0,0,0,0,0,0,0,0,0,0,0,0,0,0,0,0,0,0,0,0,0,0,0,0,0,0,0,0,1,220,0,0,0,0,0,0,0,0,0,0,0,1,0,0,0,0,0,0,0,0,0,0,0,0,0,0
2019,2020,581900,212900,2581900,1212900,58192129,751,1,1,1,1,0,0,0,0,0,0,0,0,0,0,0,0,0,0,0,1,0,0,1,0,0,0,0,0,0,,,,,,,,,,,,,,,,,,,,,,,,,,,,0,1,0,0,0,0,0,0,0,1,65,0,0,0,0,0,0,0,0,0,0,0,1,0,0,0,0,0,0,0,0,0,0,0,0,0,0,0,0,0,0,0,0,0,0,0,0,0,0,0,0,1,65,0,0,0,0,0,0,0,0,0,0,0,1,0,0,0,0,0,0,0,0,0,0,0,0,0,0,0,0,0,0,0,0,0,0,0,0,0,0,0,0,0,0,0,0,0,0,0,0,0,0,0,0,0,0
2019,2020,660400,173000,2660400,1173000,66041730,784,1,0,0,0,0,0,1,0,0,0,1,0,0,0,0,0,0,0,0,0,0,1,0,0,0,0,0,0,0,,,,,,,,,,,,,,,,,,,,,,,,,,,,0,1,0,0,0,0,0,0,0,1,40,0,0,1,0,0,0,0,0,0,0,0,0,0,0,0,0,0,0,0,0,0,0,0,0,0,0,1,40,0,0,1,0,0,0,0,0,0,0,0,0,0,0,0,0,0,0,0,0,0,0,0,0,0,0,0,0,0,0,0,0,0,0,0,0,0,0,0,0,0,0,0,0,0,0,0,0,0,0,0,0,0,0,0,0,0,0,0,0,0,0,0,0,0,0,0,0
2019,2020,596500,164200,2596500,1164200,59651642,791,1,0,0,0,0,0,0,1,0,0,0,0,0,0,0,0,0,0,0,0,0,0,0,0,0,0,0,0,0,,,,,,,,,,,,,,,,,,,,,,,,,,,,0,0,0,0,0,0,0,0,0,0,0,0,0,0,0,0,0,0,0,0,0,0,0,0,0,0,0,0,0,0,0,0,0,0,0,0,0,0,0,0,0,0,0,0,0,0,0,0,0,0,0,0,0,0,0,0,0,0,0,0,0,0,0,0,0,0,0,0,0,0,0,0,0,0,0,0,0,0,0,0,0,0,0,0,0,0,0,0,0,0,0,0,0,0,0,0,0,0,0,0,0,0,0,0,0,0,0
2019,2020,591600,179600,2591600,1179600,59161796,852,1,0,0,0,0,0,1,0,0,0,0,1,0,0,0,0,0,0,0,0,1,0,0,0,0,0,0,0,0,,,,,,,,,,,,,,,,,,,,,,,,,,,,0,1,0,0,0,0,0,0,0,1,30,0,0,0,1,0,0,0,0,0,0,0,0,1,30,0,0,0,1,0,0,0,0,0,0,0,0,0,0,0,0,0,0,0,0,0,0,0,0,0,0,0,0,0,0,0,0,0,0,0,0,0,0,0,0,0,0,0,0,0,0,0,0,0,0,0,0,0,0,0,0,0,0,0,0,0,0,0,0,0,0,0,0,0,0,0,0,0,0,0,0,0,0,0,0,0,0
2019,2020,615000,180700,2615000,1180700,61501807,939,1,0,0,0,0,0,1,0,1,0,0,0,0,0,0,0,0,0,0,0,0,0,0,0,1,0,0,0,0,,,,,,,,,,,,,,,,,,,,,,,,,,,,0,0,0,0,0,0,0,0,1,31,2490,31,0,0,0,0,0,0,0,0,0,0,0,0,0,0,0,0,0,0,0,0,0,0,0,0,0,0,0,0,0,0,0,0,0,0,0,0,0,0,0,14,918,14,0,0,0,0,0,0,0,0,0,0,0,9,729,9,0,0,0,0,0,0,0,0,0,0,0,8,843,8,0,0,0,0,0,0,0,0,0,0,0,0,0,0,0,0,0,0,0,0,0,0,0,0,0
2019,2020,622300,212700,2622300,1212700,62232127,951,1,1,1,1,0,0,0,0,1,0,0,0,0,0,0,0,0,0,0,0,0,1,0,0,0,0,0,0,0,,,,,,,,,,,,,,,,,,,,,,,,,,,,0,1,0,0,0,0,0,0,0,1,215,1,0,0,0,0,0,0,0,0,0,0,0,0,0,0,0,0,0,0,0,0,0,0,0,0,0,0,0,0,0,0,0,0,0,0,0,0,0,0,0,0,0,0,0,0,0,0,0,0,0,0,0,0,0,0,0,0,0,0,0,0,0,0,0,0,0,0,0,1,215,1,0,0,0,0,0,0,0,0,0,0,0,0,0,0,0,0,0,0,0,0,0,0,0,0,0
2019,2020,620200,226300,2620200,1226300,62022263,979,2,1,0,0,0,1,1,0,0,0,0,0,0,0,0,1,0,0,0,1,1,0,1,0,0,0,0,0,0,,,,,,,,,,,,,,,,,,,,,,,,,,,,1,1,0,0,0,0,0,0,0,1,62,0,0,0,0,0,0,0,0,0,0,0,1,0,0,0,0,0,0,0,0,0,0,0,0,0,0,1,62,0,0,0,0,0,0,0,0,0,0,0,1,0,0,0,0,0,0,0,0,0,0,0,0,0,0,0,0,0,0,0,0,0,0,0,0,0,0,0,0,0,0,0,0,0,0,0,0,0,0,0,0,0,0,0,0,0,0,0,0,0,0,0,0,0,0,0,0
2019,2020,666200,211800,2666200,1211800,66622118,1061,1,1,1,0,1,0,0,0,0,0,0,1,0,0,0,0,0,0,0,0,0,0,0,0,1,0,0,0,0,,,,,,,,,,,,,,,,,,,,,,,,,,,,0,0,0,0,0,0,0,1,0,9,974,0,0,0,9,0,0,0,0,0,0,0,0,0,0,0,0,0,0,0,0,0,0,0,0,0,0,0,0,0,0,0,0,0,0,0,0,0,0,0,0,4,404,0,0,0,4,0,0,0,0,0,0,0,0,5,570,0,0,0,5,0,0,0,0,0,0,0,0,0,0,0,0,0,0,0,0,0,0,0,0,0,0,0,0,0,0,0,0,0,0,0,0,0,0,0,0
2019,2020,657100,187800,2657100,1187800,65711878,1403,1,1,1,1,0,0,0,0,0,0,0,0,0,0,0,0,0,0,0,1,0,0,1,0,0,0,0,0,0,,,,,,,,,,,,,,,,,,,,,,,,,,,,0,1,0,0,0,0,0,0,0,1,120,0,0,0,0,0,0,0,0,0,0,0,1,0,0,0,0,0,0,0,0,0,0,0,0,0,0,0,0,0,0,0,0,0,0,0,0,0,0,0,0,0,0,0,0,0,0,0,0,0,0,0,0,0,0,1,120,0,0,0,0,0,0,0,0,0,0,0,1,0,0,0,0,0,0,0,0,0,0,0,0,0,0,0,0,0,0,0,0,0,0,0,0,0,0,0,0
2019,2020,661400,194200,2661400,1194200,66141942,1407,6,6,6,4,2,0,0,0,0,0,0,0,2,3,0,1,0,0,0,0,0,4,1,0,1,0,0,0,0,,,,,,,,,,,,,,,,,,,,,,,,,,,,0,4,0,0,0,0,1,1,0,17,2014,0,0,0,0,2,8,0,7,0,0,0,0,0,0,0,0,0,0,0,0,0,0,0,0,0,0,1,81,0,0,0,0,0,1,0,0,0,0,0,0,5,484,0,0,0,0,0,2,0,3,0,0,0,0,8,1063,0,0,0,0,2,3,0,3,0,0,0,0,2,357,0,0,0,0,0,1,0,1,0,0,0,0,1,29,0,0,0,0,0,1,0,0,0,0,0,0
2019,2020,681800,224700,2681800,1224700,68182247,1711,1,1,1,0,1,0,0,0,0,0,0,0,1,0,0,0,0,0,0,0,0,0,1,0,0,0,0,0,0,,,,,,,,,,,,,,,,,,,,,,,,,,,,0,0,0,1,0,0,0,0,0,3,329,0,0,0,0,3,0,0,0,0,0,0,0,0,0,0,0,0,0,0,0,0,0,0,0,0,0,0,0,0,0,0,0,0,0,0,0,0,0,0,0,2,203,0,0,0,0,2,0,0,0,0,0,0,0,1,126,0,0,0,0,1,0,0,0,0,0,0,0,0,0,0,0,0,0,0,0,0,0,0,0,0,0,0,0,0,0,0,0,0,0,0,0,0,0,0,0
2019,2020,577000,182200,2577000,1182200,57701822,2228,1,1,1,1,0,0,0,0,0,0,0,0,1,0,0,0,0,0,0,0,0,0,1,0,0,0,0,0,0,,,,,,,,,,,,,,,,,,,,,,,,,,,,0,1,0,0,0,0,0,0,0,1,160,0,0,0,0,1,0,0,0,0,0,0,0,0,0,0,0,0,0,0,0,0,0,0,0,0,0,0,0,0,0,0,0,0,0,0,0,0,0,0,0,0,0,0,0,0,0,0,0,0,0,0,0,0,0,0,0,0,0,0,0,0,0,0,0,0,0,0,0,0,0,0,0,0,0,0,0,0,0,0,0,0,0,1,160,0,0,0,0,1,0,0,0,0,0,0,0
2019,2020,627000,239200,2627000,1239200,62702392,2404,1,1,1,1,0,0,0,0,1,0,0,0,0,0,0,0,0,0,0,0,0,1,0,0,0,0,0,0,0,,,,,,,,,,,,,,,,,,,,,,,,,,,,0,1,0,0,0,0,0,0,0,1,65,1,0,0,0,0,0,0,0,0,0,0,0,0,0,0,0,0,0,0,0,0,0,0,0,0,0,0,0,0,0,0,0,0,0,0,0,0,0,0,0,0,0,0,0,0,0,0,0,0,0,0,0,0,0,1,65,1,0,0,0,0,0,0,0,0,0,0,0,0,0,0,0,0,0,0,0,0,0,0,0,0,0,0,0,0,0,0,0,0,0,0,0,0,0,0,0
2019,2020,616000,240400,2616000,1240400,61602404,2426,1,1,1,1,0,0,0,0,0,0,0,0,0,1,0,0,0,0,0,0,0,1,0,0,0,0,0,0,0,,,,,,,,,,,,,,,,,,,,,,,,,,,,0,1,0,0,0,0,0,0,0,1,164,0,0,0,0,0,1,0,0,0,0,0,0,0,0,0,0,0,0,0,0,0,0,0,0,0,0,0,0,0,0,0,0,0,0,0,0,0,0,0,0,0,0,0,0,0,0,0,0,0,0,0,0,0,0,1,164,0,0,0,0,0,1,0,0,0,0,0,0,0,0,0,0,0,0,0,0,0,0,0,0,0,0,0,0,0,0,0,0,0,0,0,0,0,0,0,0
2019,2020,605800,258300,2605800,1258300,60582583,2476,1,1,1,1,0,0,0,0,1,0,0,0,0,0,0,0,0,0,0,0,0,1,0,0,0,0,0,0,0,,,,,,,,,,,,,,,,,,,,,,,,,,,,0,1,0,0,0,0,0,0,0,1,170,1,0,0,0,0,0,0,0,0,0,0,0,0,0,0,0,0,0,0,0,0,0,0,0,0,0,0,0,0,0,0,0,0,0,0,0,0,0,0,0,0,0,0,0,0,0,0,0,0,0,0,0,0,0,0,0,0,0,0,0,0,0,0,0,0,0,0,0,1,170,1,0,0,0,0,0,0,0,0,0,0,0,0,0,0,0,0,0,0,0,0,0,0,0,0,0
2019,2020,611200,227200,2611200,1227200,61122272,2517,1,1,1,1,0,0,0,0,0,0,0,0,1,0,0,0,0,0,0,0,1,0,0,0,0,0,0,0,0,,,,,,,,,,,,,,,,,,,,,,,,,,,,0,1,0,0,0,0,0,0,0,1,110,0,0,0,0,1,0,0,0,0,0,0,0,0,0,0,0,0,0,0,0,0,0,0,0,0,0,0,0,0,0,0,0,0,0,0,0,0,0,0,0,0,0,0,0,0,0,0,0,0,0,0,0,0,0,0,0,0,0,0,0,0,0,0,0,0,0,0,0,1,110,0,0,0,0,1,0,0,0,0,0,0,0,0,0,0,0,0,0,0,0,0,0,0,0,0,0
2019,2020,612000,225000,2612000,1225000,61202250,2525,1,1,1,1,0,0,0,0,0,0,0,0,0,0,0,0,1,0,0,0,0,1,0,0,0,0,0,0,0,,,,,,,,,,,,,,,,,,,,,,,,,,,,0,1,0,0,0,0,0,0,0,1,178,0,0,0,0,0,0,0,0,1,0,0,0,0,0,0,0,0,0,0,0,0,0,0,0,0,0,0,0,0,0,0,0,0,0,0,0,0,0,0,0,0,0,0,0,0,0,0,0,0,0,0,0,0,0,0,0,0,0,0,0,0,0,0,0,0,0,0,0,1,178,0,0,0,0,0,0,0,0,1,0,0,0,0,0,0,0,0,0,0,0,0,0,0,0,0,0
2019,2020,642800,246900,2642800,1246900,64282469,2583,1,1,1,1,0,0,0,0,1,0,0,0,0,0,0,0,0,0,0,0,0,1,0,0,0,0,0,0,0,,,,,,,,,,,,,,,,,,,,,,,,,,,,0,1,0,0,0,0,0,0,0,1,119,1,0,0,0,0,0,0,0,0,0,0,0,0,0,0,0,0,0,0,0,0,0,0,0,0,0,0,0,0,0,0,0,0,0,0,0,0,0,0,0,0,0,0,0,0,0,0,0,0,0,0,0,0,0,0,0,0,0,0,0,0,0,0,0,0,0,0,0,1,119,1,0,0,0,0,0,0,0,0,0,0,0,0,0,0,0,0,0,0,0,0,0,0,0,0,0
2019,2020,688500,281900,2688500,1281900,68852819,2937,1,1,1,0,1,0,0,0,1,0,0,0,0,0,0,0,0,0,0,0,0,0,0,1,0,0,0,0,0,,,,,,,,,,,,,,,,,,,,,,,,,,,,0,0,0,0,0,0,0,0,1,11,960,11,0,0,0,0,0,0,0,0,0,0,0,0,0,0,0,0,0,0,0,0,0,0,0,0,0,0,0,0,0,0,0,0,0,0,0,0,0,0,0,11,960,11,0,0,0,0,0,0,0,0,0,0,0,0,0,0,0,0,0,0,0,0,0,0,0,0,0,0,0,0,0,0,0,0,0,0,0,0,0,0,0,0,0,0,0,0,0,0,0,0,0,0,0,0,0
2019,2020,743400,262100,2743400,1262100,74342621,3201,1,1,1,1,0,0,0,0,0,0,0,0,0,0,0,0,0,0,0,1,0,1,0,0,0,0,0,0,0,,,,,,,,,,,,,,,,,,,,,,,,,,,,0,1,0,0,0,0,0,0,0,1,172,0,0,0,0,0,0,0,0,0,0,0,1,0,0,0,0,0,0,0,0,0,0,0,0,0,0,0,0,0,0,0,0,0,0,0,0,0,0,0,0,0,0,0,0,0,0,0,0,0,0,0,0,0,0,0,0,0,0,0,0,0,0,0,0,0,0,0,0,1,172,0,0,0,0,0,0,0,0,0,0,0,1,0,0,0,0,0,0,0,0,0,0,0,0,0,0
2019,2020,742000,265100,2742000,1265100,74202651,3202,1,1,1,1,0,0,0,0,0,0,0,0,0,0,0,0,0,0,0,1,0,0,1,0,0,0,0,0,0,,,,,,,,,,,,,,,,,,,,,,,,,,,,0,1,0,0,0,0,0,0,0,1,142,0,0,0,0,0,0,0,0,0,0,0,1,0,0,0,0,0,0,0,0,0,0,0,0,0,0,0,0,0,0,0,0,0,0,0,0,0,0,0,0,0,0,0,0,0,0,0,0,0,0,0,0,0,0,0,0,0,0,0,0,0,0,0,0,0,0,0,0,1,142,0,0,0,0,0,0,0,0,0,0,0,1,0,0,0,0,0,0,0,0,0,0,0,0,0,0
2019,2020,753400,256600,2753400,1256600,75342566,3212,1,1,1,1,0,0,0,0,0,0,0,0,0,0,0,0,0,0,0,1,0,0,0,1,0,0,0,0,0,,,,,,,,,,,,,,,,,,,,,,,,,,,,0,1,0,0,0,0,0,0,0,1,212,0,0,0,0,0,0,0,0,0,0,0,1,0,0,0,0,0,0,0,0,0,0,0,0,0,0,0,0,0,0,0,0,0,0,0,0,0,0,0,0,0,0,0,0,0,0,0,0,0,0,0,0,0,0,0,0,0,0,0,0,0,0,0,0,0,0,0,0,0,0,0,0,0,0,0,0,0,0,0,0,0,0,1,212,0,0,0,0,0,0,0,0,0,0,0,1
2019,2020,749600,259500,2749600,1259500,74962595,3214,1,1,1,0,1,0,0,0,0,1,0,0,0,0,0,0,0,0,0,0,0,0,1,0,0,0,0,0,0,,,,,,,,,,,,,,,,,,,,,,,,,,,,0,0,1,0,0,0,0,0,0,2,318,0,2,0,0,0,0,0,0,0,0,0,0,0,0,0,0,0,0,0,0,0,0,0,0,0,0,1,60,0,1,0,0,0,0,0,0,0,0,0,0,0,0,0,0,0,0,0,0,0,0,0,0,0,0,0,0,0,0,0,0,0,0,0,0,0,0,0,0,1,258,0,1,0,0,0,0,0,0,0,0,0,0,0,0,0,0,0,0,0,0,0,0,0,0,0,0
2019,2020,754800,260700,2754800,1260700,75482607,3215,1,1,0,0,0,1,0,0,0,0,0,0,0,0,0,0,0,0,0,1,0,0,0,0,1,0,0,0,0,,,,,,,,,,,,,,,,,,,,,,,,,,,,0,0,0,0,0,0,0,1,0,9,899,0,0,0,0,0,0,0,0,0,0,0,9,0,0,0,0,0,0,0,0,0,0,0,0,0,0,4,288,0,0,0,0,0,0,0,0,0,0,0,4,4,436,0,0,0,0,0,0,0,0,0,0,0,4,0,0,0,0,0,0,0,0,0,0,0,0,0,0,1,175,0,0,0,0,0,0,0,0,0,0,0,1,0,0,0,0,0,0,0,0,0,0,0,0,0,0
2019,2020,756100,259500,2756100,1259500,75612595,3216,2,2,2,0,2,0,0,0,0,0,0,0,0,0,0,0,0,0,0,2,0,0,0,0,2,0,0,0,0,,,,,,,,,,,,,,,,,,,,,,,,,,,,0,0,0,0,0,0,0,1,1,18,1949,0,0,0,0,0,0,0,0,0,0,0,18,0,0,0,0,0,0,0,0,0,0,0,0,0,0,6,405,0,0,0,0,0,0,0,0,0,0,0,6,5,512,0,0,0,0,0,0,0,0,0,0,0,5,5,636,0,0,0,0,0,0,0,0,0,0,0,5,2,396,0,0,0,0,0,0,0,0,0,0,0,2,0,0,0,0,0,0,0,0,0,0,0,0,0,0
2019,2020,763800,253000,2763800,1253000,76382530,3232,11,11,9,6,3,2,0,0,0,0,0,0,0,0,0,0,0,0,0,11,0,7,0,4,0,0,0,0,0,,,,,,,,,,,,,,,,,,,,,,,,,,,,0,6,1,0,0,0,0,2,2,44,4162,0,0,0,0,0,0,0,0,0,0,0,44,2,122,0,0,0,0,0,0,0,0,0,0,0,2,12,792,0,0,0,0,0,0,0,0,0,0,0,12,14,1136,0,0,0,0,0,0,0,0,0,0,0,14,12,1447,0,0,0,0,0,0,0,0,0,0,0,12,4,665,0,0,0,0,0,0,0,0,0,0,0,4,0,0,0,0,0,0,0,0,0,0,0,0,0,0
2019,2020,767400,250600,2767400,1250600,76742506,3234,6,6,5,4,1,1,0,0,1,0,0,0,0,0,0,0,0,0,0,5,0,3,3,0,0,0,0,0,0,,,,,,,,,,,,,,,,,,,,,,,,,,,,0,5,0,1,0,0,0,0,0,8,1410,1,0,0,0,0,0,0,0,0,0,0,7,0,0,0,0,0,0,0,0,0,0,0,0,0,0,0,0,0,0,0,0,0,0,0,0,0,0,0,0,0,0,0,0,0,0,0,0,0,0,0,0,0,0,2,320,0,0,0,0,0,0,0,0,0,0,0,2,3,450,1,0,0,0,0,0,0,0,0,0,0,2,3,640,0,0,0,0,0,0,0,0,0,0,0,3
2019,2020,765700,252900,2765700,1252900,76572529,3238,4,4,4,1,3,0,0,0,0,0,0,0,0,0,0,0,0,0,0,4,0,1,0,3,0,0,0,0,0,,,,,,,,,,,,,,,,,,,,,,,,,,,,0,1,0,0,0,0,0,0,3,39,3558,0,0,0,0,0,0,0,0,0,0,0,39,1,35,0,0,0,0,0,0,0,0,0,0,0,1,5,291,0,0,0,0,0,0,0,0,0,0,0,5,16,1310,0,0,0,0,0,0,0,0,0,0,0,16,16,1811,0,0,0,0,0,0,0,0,0,0,0,16,1,111,0,0,0,0,0,0,0,0,0,0,0,1,0,0,0,0,0,0,0,0,0,0,0,0,0,0
2019,2020,758700,249600,2758700,1249600,75872496,3251,11,11,11,7,4,0,0,0,0,0,0,0,1,0,0,2,0,0,0,8,0,4,5,2,0,0,0,0,0,,,,,,,,,,,,,,,,,,,,,,,,,,,,0,7,0,2,0,1,0,0,1,28,2920,0,0,0,0,3,0,0,2,0,0,0,23,5,131,0,0,0,0,3,0,0,0,0,0,0,2,6,376,0,0,0,0,0,0,0,0,0,0,0,6,5,459,0,0,0,0,0,0,0,0,0,0,0,5,4,425,0,0,0,0,0,0,0,0,0,0,0,4,5,816,0,0,0,0,0,0,0,1,0,0,0,4,3,713,0,0,0,0,0,0,0,1,0,0,0,2
2019,2020,760800,251200,2760800,1251200,76082512,3253,2,2,2,1,1,0,0,0,0,0,0,0,0,0,0,0,0,0,0,2,0,0,1,1,0,0,0,0,0,,,,,,,,,,,,,,,,,,,,,,,,,,,,0,1,0,0,0,0,0,0,1,21,1666,0,0,0,0,0,0,0,0,0,0,0,21,0,0,0,0,0,0,0,0,0,0,0,0,0,0,7,420,0,0,0,0,0,0,0,0,0,0,0,7,10,811,0,0,0,0,0,0,0,0,0,0,0,10,3,285,0,0,0,0,0,0,0,0,0,0,0,3,1,150,0,0,0,0,0,0,0,0,0,0,0,1,0,0,0,0,0,0,0,0,0,0,0,0,0,0
2019,2020,760700,243200,2760700,1243200,76072432,3254,23,20,20,16,4,0,3,0,0,1,0,1,0,0,0,0,0,0,0,21,1,15,5,2,0,0,0,0,0,,,,,,,,,,,,,,,,,,,,,,,,,,,,0,18,3,0,0,0,0,1,1,45,6520,0,1,0,1,0,0,0,0,0,0,0,43,0,0,0,0,0,0,0,0,0,0,0,0,0,0,4,298,0,0,0,0,0,0,0,0,0,0,0,4,8,808,0,0,0,0,0,0,0,0,0,0,0,8,20,2741,0,1,0,1,0,0,0,0,0,0,0,18,5,952,0,0,0,0,0,0,0,0,0,0,0,5,8,1721,0,0,0,0,0,0,0,0,0,0,0,8
2019,2020,761900,252100,2761900,1252100,76192521,3255,8,8,8,5,3,0,0,0,0,0,0,0,0,0,0,0,0,0,0,8,0,6,0,2,0,0,0,0,0,,,,,,,,,,,,,,,,,,,,,,,,,,,,0,5,1,0,0,0,0,0,2,34,3808,0,0,0,0,0,0,0,0,0,0,0,34,0,0,0,0,0,0,0,0,0,0,0,0,0,0,4,339,0,0,0,0,0,0,0,0,0,0,0,4,12,1154,0,0,0,0,0,0,0,0,0,0,0,12,13,1488,0,0,0,0,0,0,0,0,0,0,0,13,4,647,0,0,0,0,0,0,0,0,0,0,0,4,1,180,0,0,0,0,0,0,0,0,0,0,0,1
2019,2020,758800,240300,2758800,1240300,75882403,3256,1,1,1,1,0,0,0,0,0,0,0,0,0,0,0,0,0,0,0,1,0,1,0,0,0,0,0,0,0,,,,,,,,,,,,,,,,,,,,,,,,,,,,0,1,0,0,0,0,0,0,0,1,150,0,0,0,0,0,0,0,0,0,0,0,1,0,0,0,0,0,0,0,0,0,0,0,0,0,0,0,0,0,0,0,0,0,0,0,0,0,0,0,0,0,0,0,0,0,0,0,0,0,0,0,0,0,0,0,0,0,0,0,0,0,0,0,0,0,0,0,0,0,0,0,0,0,0,0,0,0,0,0,0,0,0,1,150,0,0,0,0,0,0,0,0,0,0,0,1
2019,2020,754100,225800,2754100,1225800,75412258,3271,10,10,10,2,8,0,0,0,0,0,0,0,1,0,0,0,0,0,0,9,0,3,1,6,0,0,0,0,0,,,,,,,,,,,,,,,,,,,,,,,,,,,,0,2,1,1,1,0,0,2,3,101,9425,0,0,0,0,3,0,0,0,0,0,0,98,1,53,0,0,0,0,1,0,0,0,0,0,0,0,54,3637,0,0,0,0,2,0,0,0,0,0,0,52,13,1252,0,0,0,0,0,0,0,0,0,0,0,13,28,3639,0,0,0,0,0,0,0,0,0,0,0,28,4,669,0,0,0,0,0,0,0,0,0,0,0,4,1,175,0,0,0,0,0,0,0,0,0,0,0,1
2019,2020,751800,230100,2751800,1230100,75182301,3272,17,16,16,14,2,0,1,0,1,0,0,0,0,0,0,0,0,0,0,16,1,10,5,1,0,0,0,0,0,,,,,,,,,,,,,,,,,,,,,,,,,,,,0,15,0,0,0,0,1,0,1,40,5146,1,0,0,0,0,0,0,0,0,0,0,39,0,0,0,0,0,0,0,0,0,0,0,0,0,0,6,387,0,0,0,0,0,0,0,0,0,0,0,6,10,955,0,0,0,0,0,0,0,0,0,0,0,10,10,1289,0,0,0,0,0,0,0,0,0,0,0,10,7,1216,0,0,0,0,0,0,0,0,0,0,0,7,7,1299,1,0,0,0,0,0,0,0,0,0,0,6
2019,2020,751900,227700,2751900,1227700,75192277,3273,11,11,11,9,2,0,0,0,0,0,0,0,1,0,0,0,0,0,0,10,0,2,3,2,4,0,0,0,0,,,,,,,,,,,,,,,,,,,,,,,,,,,,0,9,1,0,0,1,0,0,0,16,2114,0,0,0,0,1,0,0,0,0,0,0,15,0,0,0,0,0,0,0,0,0,0,0,0,0,0,0,0,0,0,0,0,0,0,0,0,0,0,0,0,4,284,0,0,0,0,0,0,0,0,0,0,0,4,2,248,0,0,0,0,0,0,0,0,0,0,0,2,7,902,0,0,0,0,1,0,0,0,0,0,0,6,3,680,0,0,0,0,0,0,0,0,0,0,0,3
2019,2020,756300,236500,2756300,1236500,75632365,3274,1,1,1,0,1,0,0,0,0,0,0,0,0,0,0,0,0,0,0,1,0,0,1,0,0,0,0,0,0,,,,,,,,,,,,,,,,,,,,,,,,,,,,0,0,0,0,0,0,1,0,0,6,574,0,0,0,0,0,0,0,0,0,0,0,6,0,0,0,0,0,0,0,0,0,0,0,0,0,0,1,67,0,0,0,0,0,0,0,0,0,0,0,1,3,274,0,0,0,0,0,0,0,0,0,0,0,3,2,233,0,0,0,0,0,0,0,0,0,0,0,2,0,0,0,0,0,0,0,0,0,0,0,0,0,0,0,0,0,0,0,0,0,0,0,0,0,0,0,0
2019,2020,755200,221000,2755200,1221000,75522210,3275,4,4,4,3,1,0,0,0,0,0,0,0,0,0,0,0,0,0,0,4,0,3,1,0,0,0,0,0,0,,,,,,,,,,,,,,,,,,,,,,,,,,,,0,3,1,0,0,0,0,0,0,5,878,0,0,0,0,0,0,0,0,0,0,0,5,0,0,0,0,0,0,0,0,0,0,0,0,0,0,1,80,0,0,0,0,0,0,0,0,0,0,0,1,0,0,0,0,0,0,0,0,0,0,0,0,0,0,1,228,0,0,0,0,0,0,0,0,0,0,0,1,2,365,0,0,0,0,0,0,0,0,0,0,0,2,1,205,0,0,0,0,0,0,0,0,0,0,0,1
2019,2020,729800,223400,2729800,1223400,72982234,3311,3,3,2,2,0,1,0,0,0,0,0,0,0,0,0,0,0,0,0,3,0,1,2,0,0,0,0,0,0,,,,,,,,,,,,,,,,,,,,,,,,,,,,0,2,1,0,0,0,0,0,0,4,628,0,0,0,0,0,0,0,0,0,0,0,4,0,0,0,0,0,0,0,0,0,0,0,0,0,0,2,113,0,0,0,0,0,0,0,0,0,0,0,2,0,0,0,0,0,0,0,0,0,0,0,0,0,0,1,258,0,0,0,0,0,0,0,0,0,0,0,1,0,0,0,0,0,0,0,0,0,0,0,0,0,0,1,257,0,0,0,0,0,0,0,0,0,0,0,1
2019,2020,720300,230400,2720300,1230400,72032304,3313,4,4,4,4,0,0,0,0,0,0,0,0,0,0,0,0,0,0,0,4,0,4,0,0,0,0,0,0,0,,,,,,,,,,,,,,,,,,,,,,,,,,,,0,4,0,0,0,0,0,0,0,4,745,0,0,0,0,0,0,0,0,0,0,0,4,0,0,0,0,0,0,0,0,0,0,0,0,0,0,0,0,0,0,0,0,0,0,0,0,0,0,0,0,1,190,0,0,0,0,0,0,0,0,0,0,0,1,0,0,0,0,0,0,0,0,0,0,0,0,0,0,2,356,0,0,0,0,0,0,0,0,0,0,0,2,1,199,0,0,0,0,0,0,0,0,0,0,0,1
2019,2020,721900,224500,2721900,1224500,72192245,3315,4,4,4,1,3,0,0,0,0,0,0,0,0,0,0,1,0,0,0,3,0,2,1,1,0,0,0,0,0,,,,,,,,,,,,,,,,,,,,,,,,,,,,0,1,0,0,1,0,0,1,1,25,2785,0,0,0,0,0,0,0,1,0,0,0,24,0,0,0,0,0,0,0,0,0,0,0,0,0,0,2,104,0,0,0,0,0,0,0,0,0,0,0,2,7,614,0,0,0,0,0,0,0,0,0,0,0,7,11,1350,0,0,0,0,0,0,0,0,0,0,0,11,5,717,0,0,0,0,0,0,0,1,0,0,0,4,0,0,0,0,0,0,0,0,0,0,0,0,0,0
2019,2020,714000,231600,2714000,1231600,71402316,3338,1,1,1,1,0,0,0,0,0,0,0,0,0,0,0,1,0,0,0,0,0,1,0,0,0,0,0,0,0,,,,,,,,,,,,,,,,,,,,,,,,,,,,0,1,0,0,0,0,0,0,0,1,45,0,0,0,0,0,0,0,1,0,0,0,0,0,0,0,0,0,0,0,0,0,0,0,0,0,0,1,45,0,0,0,0,0,0,0,1,0,0,0,0,0,0,0,0,0,0,0,0,0,0,0,0,0,0,0,0,0,0,0,0,0,0,0,0,0,0,0,0,0,0,0,0,0,0,0,0,0,0,0,0,0,0,0,0,0,0,0,0,0,0,0,0,0,0,0,0
2019,2020,705900,232200,2705900,1232200,70592322,3340,10,10,10,7,3,0,0,0,1,0,0,1,0,0,0,0,0,1,0,7,1,3,5,0,1,0,0,0,0,,,,,,,,,,,,,,,,,,,,,,,,,,,,0,7,1,1,0,0,0,1,0,20,2981,1,0,0,8,0,0,0,0,0,1,0,10,0,0,0,0,0,0,0,0,0,0,0,0,0,0,1,70,0,0,0,0,0,0,0,0,0,0,0,1,0,0,0,0,0,0,0,0,0,0,0,0,0,0,12,1481,0,0,0,8,0,0,0,0,0,0,0,4,3,590,0,0,0,0,0,0,0,0,0,0,0,3,4,840,1,0,0,0,0,0,0,0,0,1,0,2
2019,2020,720000,232300,2720000,1232300,72002323,3341,2,1,1,1,0,0,0,1,0,0,0,0,0,1,0,0,0,0,0,0,0,1,0,0,0,0,0,0,0,,,,,,,,,,,,,,,,,,,,,,,,,,,,0,1,0,0,0,0,0,0,0,1,100,0,0,0,0,0,1,0,0,0,0,0,0,0,0,0,0,0,0,0,0,0,0,0,0,0,0,0,0,0,0,0,0,0,0,0,0,0,0,0,0,0,0,0,0,0,0,0,0,0,0,0,0,0,0,0,0,0,0,0,0,0,0,0,0,0,0,0,0,1,100,0,0,0,0,0,1,0,0,0,0,0,0,0,0,0,0,0,0,0,0,0,0,0,0,0,0
2019,2020,733400,231800,2733400,1231800,73342318,3360,7,4,3,2,1,1,3,0,1,4,0,0,0,0,0,0,0,0,0,2,0,3,4,0,0,0,0,0,0,,,,,,,,,,,,,,,,,,,,,,,,,,,,2,4,1,0,0,0,0,0,0,6,620,1,2,0,0,0,0,0,0,0,0,0,3,0,0,0,0,0,0,0,0,0,0,0,0,0,0,2,180,1,1,0,0,0,0,0,0,0,0,0,0,0,0,0,0,0,0,0,0,0,0,0,0,0,0,1,65,0,0,0,0,0,0,0,0,0,0,0,1,1,125,0,0,0,0,0,0,0,0,0,0,0,1,2,250,0,1,0,0,0,0,0,0,0,0,0,1
2019,2020,724600,242800,2724600,1242800,72462428,3374,3,3,3,1,2,0,0,0,0,0,0,0,0,0,0,0,0,0,0,3,0,3,0,0,0,0,0,0,0,,,,,,,,,,,,,,,,,,,,,,,,,,,,0,1,0,1,0,0,1,0,0,10,1185,0,0,0,0,0,0,0,0,0,0,0,10,0,0,0,0,0,0,0,0,0,0,0,0,0,0,0,0,0,0,0,0,0,0,0,0,0,0,0,0,2,240,0,0,0,0,0,0,0,0,0,0,0,2,2,175,0,0,0,0,0,0,0,0,0,0,0,2,4,370,0,0,0,0,0,0,0,0,0,0,0,4,2,400,0,0,0,0,0,0,0,0,0,0,0,2
2019,2020,726500,246200,2726500,1246200,72652462,3375,1,1,1,0,1,0,0,0,0,0,0,0,0,0,0,0,0,0,0,1,0,1,0,0,0,0,0,0,0,,,,,,,,,,,,,,,,,,,,,,,,,,,,0,0,1,0,0,0,0,0,0,2,286,0,0,0,0,0,0,0,0,0,0,0,2,0,0,0,0,0,0,0,0,0,0,0,0,0,0,0,0,0,0,0,0,0,0,0,0,0,0,0,0,0,0,0,0,0,0,0,0,0,0,0,0,0,0,2,286,0,0,0,0,0,0,0,0,0,0,0,2,0,0,0,0,0,0,0,0,0,0,0,0,0,0,0,0,0,0,0,0,0,0,0,0,0,0,0,0
2019,2020,728200,247100,2728200,1247100,72822471,3378,11,0,0,0,0,0,2,9,0,2,0,0,0,0,0,0,0,0,0,0,2,0,0,0,0,0,0,0,0,,,,,,,,,,,,,,,,,,,,,,,,,,,,0,2,0,0,0,0,0,0,0,2,89,0,2,0,0,0,0,0,0,0,0,0,0,0,0,0,0,0,0,0,0,0,0,0,0,0,0,2,89,0,2,0,0,0,0,0,0,0,0,0,0,0,0,0,0,0,0,0,0,0,0,0,0,0,0,0,0,0,0,0,0,0,0,0,0,0,0,0,0,0,0,0,0,0,0,0,0,0,0,0,0,0,0,0,0,0,0,0,0,0,0,0,0,0,0,0,0
2019,2020,723800,250600,2723800,1250600,72382506,3393,1,0,0,0,0,0,1,0,0,0,0,0,0,0,0,0,0,1,0,0,0,1,0,0,0,0,0,0,0,,,,,,,,,,,,,,,,,,,,,,,,,,,,0,1,0,0,0,0,0,0,0,1,82,0,0,0,0,0,0,0,0,0,1,0,0,0,0,0,0,0,0,0,0,0,0,0,0,0,0,1,82,0,0,0,0,0,0,0,0,0,1,0,0,0,0,0,0,0,0,0,0,0,0,0,0,0,0,0,0,0,0,0,0,0,0,0,0,0,0,0,0,0,0,0,0,0,0,0,0,0,0,0,0,0,0,0,0,0,0,0,0,0,0,0,0,0,0,0,0
2019,2020,721000,247000,2721000,1247000,72102470,3394,2,2,2,2,0,0,0,0,0,0,0,0,1,0,0,0,0,0,0,1,0,1,1,0,0,0,0,0,0,,,,,,,,,,,,,,,,,,,,,,,,,,,,0,2,0,0,0,0,0,0,0,2,451,0,0,0,0,1,0,0,0,0,0,0,1,0,0,0,0,0,0,0,0,0,0,0,0,0,0,0,0,0,0,0,0,0,0,0,0,0,0,0,0,0,0,0,0,0,0,0,0,0,0,0,0,0,0,0,0,0,0,0,0,0,0,0,0,0,0,0,0,0,0,0,0,0,0,0,0,0,0,0,0,0,0,2,451,0,0,0,0,1,0,0,0,0,0,0,1
2019,2020,731900,252800,2731900,1252800,73192528,3402,3,3,3,2,1,0,0,0,0,0,0,1,0,0,0,0,0,0,0,2,0,3,0,0,0,0,0,0,0,,,,,,,,,,,,,,,,,,,,,,,,,,,,0,2,1,0,0,0,0,0,0,4,474,0,0,0,2,0,0,0,0,0,0,0,2,0,0,0,0,0,0,0,0,0,0,0,0,0,0,0,0,0,0,0,0,0,0,0,0,0,0,0,0,2,134,0,0,0,1,0,0,0,0,0,0,0,1,0,0,0,0,0,0,0,0,0,0,0,0,0,0,1,150,0,0,0,0,0,0,0,0,0,0,0,1,1,190,0,0,0,1,0,0,0,0,0,0,0,0
2019,2020,728500,256300,2728500,1256300,72852563,3408,4,4,4,2,2,0,0,0,1,0,0,1,1,0,0,0,0,0,0,1,0,1,3,0,0,0,0,0,0,,,,,,,,,,,,,,,,,,,,,,,,,,,,0,2,0,0,0,0,2,0,0,14,1852,6,0,0,6,1,0,0,0,0,0,0,1,0,0,0,0,0,0,0,0,0,0,0,0,0,0,0,0,0,0,0,0,0,0,0,0,0,0,0,0,4,376,2,0,0,2,0,0,0,0,0,0,0,0,6,778,3,0,0,3,0,0,0,0,0,0,0,0,4,698,1,0,0,1,1,0,0,0,0,0,0,1,0,0,0,0,0,0,0,0,0,0,0,0,0,0
2019,2020,733100,258700,2733100,1258700,73312587,3422,1,1,1,0,1,0,0,0,0,0,0,0,0,0,0,0,0,0,0,1,0,0,1,0,0,0,0,0,0,,,,,,,,,,,,,,,,,,,,,,,,,,,,0,0,1,0,0,0,0,0,0,2,290,0,0,0,0,0,0,0,0,0,0,0,2,0,0,0,0,0,0,0,0,0,0,0,0,0,0,0,0,0,0,0,0,0,0,0,0,0,0,0,0,0,0,0,0,0,0,0,0,0,0,0,0,0,0,2,290,0,0,0,0,0,0,0,0,0,0,0,2,0,0,0,0,0,0,0,0,0,0,0,0,0,0,0,0,0,0,0,0,0,0,0,0,0,0,0,0
2019,2020,736500,253200,2736500,1253200,73652532,3443,2,2,2,2,0,0,0,0,0,0,0,0,0,0,0,0,0,0,0,2,0,2,0,0,0,0,0,0,0,,,,,,,,,,,,,,,,,,,,,,,,,,,,0,2,0,0,0,0,0,0,0,2,298,0,0,0,0,0,0,0,0,0,0,0,2,0,0,0,0,0,0,0,0,0,0,0,0,0,0,0,0,0,0,0,0,0,0,0,0,0,0,0,0,0,0,0,0,0,0,0,0,0,0,0,0,0,0,0,0,0,0,0,0,0,0,0,0,0,0,0,0,1,140,0,0,0,0,0,0,0,0,0,0,0,1,1,158,0,0,0,0,0,0,0,0,0,0,0,1
2019,2020,739200,259200,2739200,1259200,73922592,3444,3,3,3,3,0,0,0,0,0,0,0,0,0,0,0,0,0,0,0,3,0,1,2,0,0,0,0,0,0,,,,,,,,,,,,,,,,,,,,,,,,,,,,0,3,0,0,0,0,0,0,0,3,270,0,0,0,0,0,0,0,0,0,0,0,3,0,0,0,0,0,0,0,0,0,0,0,0,0,0,0,0,0,0,0,0,0,0,0,0,0,0,0,0,3,270,0,0,0,0,0,0,0,0,0,0,0,3,0,0,0,0,0,0,0,0,0,0,0,0,0,0,0,0,0,0,0,0,0,0,0,0,0,0,0,0,0,0,0,0,0,0,0,0,0,0,0,0,0,0
2019,2020,761800,177300,2761800,1177300,76181773,3506,5,5,3,2,1,2,0,0,0,2,0,1,0,0,0,1,0,0,0,1,0,2,2,0,1,0,0,0,0,,,,,,,,,,,,,,,,,,,,,,,,,,,,0,2,1,0,0,1,0,0,1,19,1922,0,3,0,1,0,0,0,10,0,0,0,5,4,129,0,0,0,0,0,0,0,3,0,0,0,1,3,189,0,0,0,0,0,0,0,1,0,0,0,2,8,807,0,2,0,0,0,0,0,5,0,0,0,1,0,0,0,0,0,0,0,0,0,0,0,0,0,0,2,289,0,0,0,0,0,0,0,1,0,0,0,1,2,508,0,1,0,1,0,0,0,0,0,0,0,0
2019,2020,770800,173200,2770800,1173200,77081732,3514,1,1,1,1,0,0,0,0,0,0,0,0,0,1,0,0,0,0,0,0,0,1,0,0,0,0,0,0,0,,,,,,,,,,,,,,,,,,,,,,,,,,,,0,1,0,0,0,0,0,0,0,1,130,0,0,0,0,0,1,0,0,0,0,0,0,0,0,0,0,0,0,0,0,0,0,0,0,0,0,0,0,0,0,0,0,0,0,0,0,0,0,0,0,0,0,0,0,0,0,0,0,0,0,0,0,0,0,1,130,0,0,0,0,0,1,0,0,0,0,0,0,0,0,0,0,0,0,0,0,0,0,0,0,0,0,0,0,0,0,0,0,0,0,0,0,0,0,0,0
2019,2020,765500,162700,2765500,1162700,76551627,3543,3,3,3,3,0,0,0,0,0,0,0,0,0,0,0,0,0,0,1,2,2,1,0,0,0,0,0,0,0,,,,,,,,,,,,,,,,,,,,,,,,,,,,0,3,0,0,0,0,0,0,0,3,288,0,0,0,0,0,0,0,0,0,0,1,2,0,0,0,0,0,0,0,0,0,0,0,0,0,0,1,53,0,0,0,0,0,0,0,0,0,0,0,1,1,55,0,0,0,0,0,0,0,0,0,0,1,0,0,0,0,0,0,0,0,0,0,0,0,0,0,0,1,180,0,0,0,0,0,0,0,0,0,0,0,1,0,0,0,0,0,0,0,0,0,0,0,0,0,0
2019,2020,776700,166700,2776700,1166700,77671667,3544,1,0,0,0,0,0,1,0,0,0,0,0,0,0,0,0,0,0,0,1,1,0,0,0,0,0,0,0,0,,,,,,,,,,,,,,,,,,,,,,,,,,,,0,1,0,0,0,0,0,0,0,1,22,0,0,0,0,0,0,0,0,0,0,0,1,0,0,0,0,0,0,0,0,0,0,0,0,0,0,1,22,0,0,0,0,0,0,0,0,0,0,0,1,0,0,0,0,0,0,0,0,0,0,0,0,0,0,0,0,0,0,0,0,0,0,0,0,0,0,0,0,0,0,0,0,0,0,0,0,0,0,0,0,0,0,0,0,0,0,0,0,0,0,0,0,0,0,0,0
2019,2020,807200,126400,2807200,1126400,80721264,3551,1,1,1,1,0,0,0,0,0,0,0,0,0,1,0,0,0,0,0,0,0,0,1,0,0,0,0,0,0,,,,,,,,,,,,,,,,,,,,,,,,,,,,0,1,0,0,0,0,0,0,0,1,120,0,0,0,0,0,1,0,0,0,0,0,0,0,0,0,0,0,0,0,0,0,0,0,0,0,0,0,0,0,0,0,0,0,0,0,0,0,0,0,0,0,0,0,0,0,0,0,0,0,0,0,0,0,0,1,120,0,0,0,0,0,1,0,0,0,0,0,0,0,0,0,0,0,0,0,0,0,0,0,0,0,0,0,0,0,0,0,0,0,0,0,0,0,0,0,0
2019,2020,801700,133800,2801700,1133800,80171338,3561,10,9,4,4,0,5,1,0,7,0,1,0,1,1,0,0,0,0,0,0,9,1,0,0,0,0,0,0,0,,,,,,,,,,,,,,,,,,,,,,,,,,,,0,10,0,0,0,0,0,0,0,10,793,7,0,1,0,1,1,0,0,0,0,0,0,0,0,0,0,0,0,0,0,0,0,0,0,0,0,2,140,1,0,1,0,0,0,0,0,0,0,0,0,6,480,5,0,0,0,0,1,0,0,0,0,0,0,0,0,0,0,0,0,0,0,0,0,0,0,0,0,1,73,0,0,0,0,1,0,0,0,0,0,0,0,1,100,1,0,0,0,0,0,0,0,0,0,0,0
2019,2020,738800,185400,2738800,1185400,73881854,3575,1,1,1,0,1,0,0,0,0,0,0,0,0,0,0,0,0,0,0,1,0,1,0,0,0,0,0,0,0,,,,,,,,,,,,,,,,,,,,,,,,,,,,0,0,0,0,1,0,0,0,0,4,444,0,0,0,0,0,0,0,0,0,0,0,4,0,0,0,0,0,0,0,0,0,0,0,0,0,0,0,0,0,0,0,0,0,0,0,0,0,0,0,0,1,70,0,0,0,0,0,0,0,0,0,0,0,1,2,236,0,0,0,0,0,0,0,0,0,0,0,2,1,138,0,0,0,0,0,0,0,0,0,0,0,1,0,0,0,0,0,0,0,0,0,0,0,0,0,0
2019,2020,732700,175500,2732700,1175500,73271755,3618,1,1,0,0,0,1,0,0,1,0,0,0,0,0,0,0,0,0,0,0,0,1,0,0,0,0,0,0,0,,,,,,,,,,,,,,,,,,,,,,,,,,,,0,1,0,0,0,0,0,0,0,1,34,1,0,0,0,0,0,0,0,0,0,0,0,0,0,0,0,0,0,0,0,0,0,0,0,0,0,0,0,0,0,0,0,0,0,0,0,0,0,0,0,1,34,1,0,0,0,0,0,0,0,0,0,0,0,0,0,0,0,0,0,0,0,0,0,0,0,0,0,0,0,0,0,0,0,0,0,0,0,0,0,0,0,0,0,0,0,0,0,0,0,0,0,0,0,0,0
2019,2020,734900,181900,2734900,1181900,73491819,3619,3,3,3,3,0,0,0,0,2,0,0,0,0,0,0,0,0,0,0,1,2,0,1,0,0,0,0,0,0,,,,,,,,,,,,,,,,,,,,,,,,,,,,0,3,0,0,0,0,0,0,0,3,188,2,0,0,0,0,0,0,0,0,0,0,1,1,17,1,0,0,0,0,0,0,0,0,0,0,0,1,21,0,0,0,0,0,0,0,0,0,0,0,1,0,0,0,0,0,0,0,0,0,0,0,0,0,0,1,150,1,0,0,0,0,0,0,0,0,0,0,0,0,0,0,0,0,0,0,0,0,0,0,0,0,0,0,0,0,0,0,0,0,0,0,0,0,0,0,0
2019,2020,754500,176000,2754500,1176000,75451760,3638,1,1,1,1,0,0,0,0,1,0,0,0,0,0,0,0,0,0,0,0,1,0,0,0,0,0,0,0,0,,,,,,,,,,,,,,,,,,,,,,,,,,,,0,1,0,0,0,0,0,0,0,1,50,1,0,0,0,0,0,0,0,0,0,0,0,0,0,0,0,0,0,0,0,0,0,0,0,0,0,1,50,1,0,0,0,0,0,0,0,0,0,0,0,0,0,0,0,0,0,0,0,0,0,0,0,0,0,0,0,0,0,0,0,0,0,0,0,0,0,0,0,0,0,0,0,0,0,0,0,0,0,0,0,0,0,0,0,0,0,0,0,0,0,0,0,0,0,0,0
2019,2020,752200,176400,2752200,1176400,75221764,3661,8,7,7,4,3,0,1,0,0,0,0,0,0,0,0,0,0,0,0,8,1,1,6,0,0,0,0,0,0,,,,,,,,,,,,,,,,,,,,,,,,,,,,0,5,3,0,0,0,0,0,0,11,1269,0,0,0,0,0,0,0,0,0,0,0,11,1,85,0,0,0,0,0,0,0,0,0,0,0,1,2,124,0,0,0,0,0,0,0,0,0,0,0,2,3,300,0,0,0,0,0,0,0,0,0,0,0,3,3,360,0,0,0,0,0,0,0,0,0,0,0,3,1,200,0,0,0,0,0,0,0,0,0,0,0,1,1,200,0,0,0,0,0,0,0,0,0,0,0,1
2019,2020,750600,174300,2750600,1174300,75061743,3662,1,1,1,1,0,0,0,0,0,0,0,0,0,0,0,0,0,0,0,1,0,0,1,0,0,0,0,0,0,,,,,,,,,,,,,,,,,,,,,,,,,,,,0,1,0,0,0,0,0,0,0,1,205,0,0,0,0,0,0,0,0,0,0,0,1,0,0,0,0,0,0,0,0,0,0,0,0,0,0,0,0,0,0,0,0,0,0,0,0,0,0,0,0,0,0,0,0,0,0,0,0,0,0,0,0,0,0,0,0,0,0,0,0,0,0,0,0,0,0,0,0,0,0,0,0,0,0,0,0,0,0,0,0,0,0,1,205,0,0,0,0,0,0,0,0,0,0,0,1
2019,2020,752900,173500,2752900,1173500,75291735,3668,1,0,0,0,0,0,0,1,0,0,0,0,0,0,0,0,0,0,0,0,0,0,0,0,0,0,0,0,0,,,,,,,,,,,,,,,,,,,,,,,,,,,,0,0,0,0,0,0,0,0,0,0,0,0,0,0,0,0,0,0,0,0,0,0,0,0,0,0,0,0,0,0,0,0,0,0,0,0,0,0,0,0,0,0,0,0,0,0,0,0,0,0,0,0,0,0,0,0,0,0,0,0,0,0,0,0,0,0,0,0,0,0,0,0,0,0,0,0,0,0,0,0,0,0,0,0,0,0,0,0,0,0,0,0,0,0,0,0,0,0,0,0,0,0,0,0,0,0,0
2019,2020,740800,183500,2740800,1183500,74081835,3672,2,1,1,1,0,0,1,0,1,0,0,0,0,0,0,0,0,0,0,1,0,0,2,0,0,0,0,0,0,,,,,,,,,,,,,,,,,,,,,,,,,,,,1,1,0,0,0,0,0,0,0,1,180,1,0,0,0,0,0,0,0,0,0,0,0,0,0,0,0,0,0,0,0,0,0,0,0,0,0,0,0,0,0,0,0,0,0,0,0,0,0,0,0,0,0,0,0,0,0,0,0,0,0,0,0,0,0,0,0,0,0,0,0,0,0,0,0,0,0,0,0,0,0,0,0,0,0,0,0,0,0,0,0,0,0,1,180,1,0,0,0,0,0,0,0,0,0,0,0
2019,2020,753000,181000,2753000,1181000,75301810,3673,2,2,2,1,1,0,0,0,0,0,0,0,0,0,0,0,0,0,0,2,0,1,1,0,0,0,0,0,0,,,,,,,,,,,,,,,,,,,,,,,,,,,,0,1,0,1,0,0,0,0,0,4,630,0,0,0,0,0,0,0,0,0,0,0,4,0,0,0,0,0,0,0,0,0,0,0,0,0,0,0,0,0,0,0,0,0,0,0,0,0,0,0,0,1,165,0,0,0,0,0,0,0,0,0,0,0,1,3,465,0,0,0,0,0,0,0,0,0,0,0,3,0,0,0,0,0,0,0,0,0,0,0,0,0,0,0,0,0,0,0,0,0,0,0,0,0,0,0,0
2019,2020,752300,163200,2752300,1163200,75231632,3701,1,1,1,1,0,0,0,0,0,0,0,0,0,0,1,0,0,0,0,0,1,0,0,0,0,0,0,0,0,,,,,,,,,,,,,,,,,,,,,,,,,,,,0,1,0,0,0,0,0,0,0,1,35,0,0,0,0,0,0,1,0,0,0,0,0,0,0,0,0,0,0,0,0,0,0,0,0,0,0,0,0,0,0,0,0,0,0,0,0,0,0,0,0,1,35,0,0,0,0,0,0,1,0,0,0,0,0,0,0,0,0,0,0,0,0,0,0,0,0,0,0,0,0,0,0,0,0,0,0,0,0,0,0,0,0,0,0,0,0,0,0,0,0,0,0,0,0,0,0
2019,2020,750800,165800,2750800,1165800,75081658,3703,1,1,1,1,0,0,0,0,0,1,0,0,0,0,0,0,0,0,0,0,1,0,0,0,0,0,0,0,0,,,,,,,,,,,,,,,,,,,,,,,,,,,,0,1,0,0,0,0,0,0,0,1,81,0,1,0,0,0,0,0,0,0,0,0,0,0,0,0,0,0,0,0,0,0,0,0,0,0,0,1,81,0,1,0,0,0,0,0,0,0,0,0,0,0,0,0,0,0,0,0,0,0,0,0,0,0,0,0,0,0,0,0,0,0,0,0,0,0,0,0,0,0,0,0,0,0,0,0,0,0,0,0,0,0,0,0,0,0,0,0,0,0,0,0,0,0,0,0,0
2019,2020,751300,167000,2751300,1167000,75131670,3708,2,0,0,0,0,0,2,0,0,0,2,0,0,0,0,0,0,0,0,0,0,0,1,1,0,0,0,0,0,,,,,,,,,,,,,,,,,,,,,,,,,,,,2,0,0,0,0,0,0,0,0,0,0,0,0,0,0,0,0,0,0,0,0,0,0,0,0,0,0,0,0,0,0,0,0,0,0,0,0,0,0,0,0,0,0,0,0,0,0,0,0,0,0,0,0,0,0,0,0,0,0,0,0,0,0,0,0,0,0,0,0,0,0,0,0,0,0,0,0,0,0,0,0,0,0,0,0,0,0,0,0,0,0,0,0,0,0,0,0,0,0,0,0,0,0,0,0,0,0
2019,2020,749600,186400,2749600,1186400,74961864,3721,7,7,6,1,5,1,0,0,0,0,0,0,0,0,0,0,0,0,0,7,1,0,0,4,2,0,0,0,0,,,,,,,,,,,,,,,,,,,,,,,,,,,,0,1,0,0,0,0,0,3,3,68,6234,0,0,0,0,0,0,0,0,0,0,0,68,5,392,0,0,0,0,0,0,0,0,0,0,0,5,15,903,0,0,0,0,0,0,0,0,0,0,0,15,32,2873,0,0,0,0,0,0,0,0,0,0,0,32,11,1343,0,0,0,0,0,0,0,0,0,0,0,11,5,723,0,0,0,0,0,0,0,0,0,0,0,5,0,0,0,0,0,0,0,0,0,0,0,0,0,0
2019,2020,753500,189100,2753500,1189100,75351891,3722,3,2,2,2,0,0,1,0,0,0,0,0,0,0,0,0,0,0,0,3,0,0,3,0,0,0,0,0,0,,,,,,,,,,,,,,,,,,,,,,,,,,,,0,3,0,0,0,0,0,0,0,3,632,0,0,0,0,0,0,0,0,0,0,0,3,0,0,0,0,0,0,0,0,0,0,0,0,0,0,0,0,0,0,0,0,0,0,0,0,0,0,0,0,0,0,0,0,0,0,0,0,0,0,0,0,0,0,1,226,0,0,0,0,0,0,0,0,0,0,0,1,0,0,0,0,0,0,0,0,0,0,0,0,0,0,2,406,0,0,0,0,0,0,0,0,0,0,0,2
2019,2020,749500,184900,2749500,1184900,74951849,3723,2,2,2,2,0,0,0,0,0,0,0,0,0,0,0,0,0,1,0,1,0,1,1,0,0,0,0,0,0,,,,,,,,,,,,,,,,,,,,,,,,,,,,0,2,0,0,0,0,0,0,0,2,221,0,0,0,0,0,0,0,0,0,1,0,1,0,0,0,0,0,0,0,0,0,0,0,0,0,0,0,0,0,0,0,0,0,0,0,0,0,0,0,0,0,0,0,0,0,0,0,0,0,0,0,0,0,0,1,73,0,0,0,0,0,0,0,0,0,1,0,0,1,148,0,0,0,0,0,0,0,0,0,0,0,1,0,0,0,0,0,0,0,0,0,0,0,0,0,0
2019,2020,755500,190400,2755500,1190400,75551904,3731,2,2,2,2,0,0,0,0,0,0,0,0,0,0,0,0,0,0,0,2,0,2,0,0,0,0,0,0,0,,,,,,,,,,,,,,,,,,,,,,,,,,,,0,2,0,0,0,0,0,0,0,2,270,0,0,0,0,0,0,0,0,0,0,0,2,0,0,0,0,0,0,0,0,0,0,0,0,0,0,0,0,0,0,0,0,0,0,0,0,0,0,0,0,0,0,0,0,0,0,0,0,0,0,0,0,0,0,1,110,0,0,0,0,0,0,0,0,0,0,0,1,0,0,0,0,0,0,0,0,0,0,0,0,0,0,1,160,0,0,0,0,0,0,0,0,0,0,0,1
2019,2020,740800,189000,2740800,1189000,74081890,3732,1,1,1,1,0,0,0,0,0,0,0,0,0,0,0,0,0,0,0,1,0,0,1,0,0,0,0,0,0,,,,,,,,,,,,,,,,,,,,,,,,,,,,0,1,0,0,0,0,0,0,0,1,223,0,0,0,0,0,0,0,0,0,0,0,1,0,0,0,0,0,0,0,0,0,0,0,0,0,0,0,0,0,0,0,0,0,0,0,0,0,0,0,0,0,0,0,0,0,0,0,0,0,0,0,0,0,0,0,0,0,0,0,0,0,0,0,0,0,0,0,0,1,223,0,0,0,0,0,0,0,0,0,0,0,1,0,0,0,0,0,0,0,0,0,0,0,0,0,0
2019,2020,750200,188500,2750200,1188500,75021885,3733,1,1,1,1,0,0,0,0,0,0,0,0,0,0,0,0,0,1,0,0,0,0,1,0,0,0,0,0,0,,,,,,,,,,,,,,,,,,,,,,,,,,,,0,1,0,0,0,0,0,0,0,1,216,0,0,0,0,0,0,0,0,0,1,0,0,0,0,0,0,0,0,0,0,0,0,0,0,0,0,0,0,0,0,0,0,0,0,0,0,0,0,0,0,0,0,0,0,0,0,0,0,0,0,0,0,0,0,1,216,0,0,0,0,0,0,0,0,0,1,0,0,0,0,0,0,0,0,0,0,0,0,0,0,0,0,0,0,0,0,0,0,0,0,0,0,0,0,0,0
2019,2020,746800,188200,2746800,1188200,74681882,3734,1,1,1,1,0,0,0,0,1,0,0,0,0,0,0,0,0,0,0,0,1,0,0,0,0,0,0,0,0,,,,,,,,,,,,,,,,,,,,,,,,,,,,0,1,0,0,0,0,0,0,0,1,29,1,0,0,0,0,0,0,0,0,0,0,0,0,0,0,0,0,0,0,0,0,0,0,0,0,0,1,29,1,0,0,0,0,0,0,0,0,0,0,0,0,0,0,0,0,0,0,0,0,0,0,0,0,0,0,0,0,0,0,0,0,0,0,0,0,0,0,0,0,0,0,0,0,0,0,0,0,0,0,0,0,0,0,0,0,0,0,0,0,0,0,0,0,0,0,0
2019,2020,825000,205300,2825000,1205300,82502053,3752,1,1,1,0,1,0,0,0,0,0,0,0,0,0,0,0,0,0,0,1,0,0,1,0,0,0,0,0,0,,,,,,,,,,,,,,,,,,,,,,,,,,,,0,0,0,1,0,0,0,0,0,3,209,0,0,0,0,0,0,0,0,0,0,0,3,0,0,0,0,0,0,0,0,0,0,0,0,0,0,2,146,0,0,0,0,0,0,0,0,0,0,0,2,1,63,0,0,0,0,0,0,0,0,0,0,0,1,0,0,0,0,0,0,0,0,0,0,0,0,0,0,0,0,0,0,0,0,0,0,0,0,0,0,0,0,0,0,0,0,0,0,0,0,0,0,0,0,0,0
2019,2020,818500,186900,2818500,1186900,81851869,3762,3,1,1,1,0,0,2,0,0,1,1,0,0,0,0,0,0,0,0,1,1,0,2,0,0,0,0,0,0,,,,,,,,,,,,,,,,,,,,,,,,,,,,1,2,0,0,0,0,0,0,0,2,342,0,1,0,0,0,0,0,0,0,0,0,1,1,12,0,1,0,0,0,0,0,0,0,0,0,0,0,0,0,0,0,0,0,0,0,0,0,0,0,0,0,0,0,0,0,0,0,0,0,0,0,0,0,0,0,0,0,0,0,0,0,0,0,0,0,0,0,0,0,0,0,0,0,0,0,0,0,0,0,0,0,0,1,330,0,0,0,0,0,0,0,0,0,0,0,1
2019,2020,827700,195400,2827700,1195400,82771954,3764,1,0,0,0,0,0,1,0,0,0,0,0,0,0,0,0,0,0,0,1,1,0,0,0,0,0,0,0,0,,,,,,,,,,,,,,,,,,,,,,,,,,,,0,1,0,0,0,0,0,0,0,1,34,0,0,0,0,0,0,0,0,0,0,0,1,0,0,0,0,0,0,0,0,0,0,0,0,0,0,1,34,0,0,0,0,0,0,0,0,0,0,0,1,0,0,0,0,0,0,0,0,0,0,0,0,0,0,0,0,0,0,0,0,0,0,0,0,0,0,0,0,0,0,0,0,0,0,0,0,0,0,0,0,0,0,0,0,0,0,0,0,0,0,0,0,0,0,0,0
2019,2020,791200,161200,2791200,1161200,79121612,3785,1,0,0,0,0,0,1,0,0,0,1,0,0,0,0,0,0,0,0,0,1,0,0,0,0,0,0,0,0,,,,,,,,,,,,,,,,,,,,,,,,,,,,0,1,0,0,0,0,0,0,0,1,120,0,0,1,0,0,0,0,0,0,0,0,0,0,0,0,0,0,0,0,0,0,0,0,0,0,0,0,0,0,0,0,0,0,0,0,0,0,0,0,0,1,120,0,0,1,0,0,0,0,0,0,0,0,0,0,0,0,0,0,0,0,0,0,0,0,0,0,0,0,0,0,0,0,0,0,0,0,0,0,0,0,0,0,0,0,0,0,0,0,0,0,0,0,0,0,0
2019,2020,784200,152400,2784200,1152400,78421524,3787,2,2,2,0,2,0,0,0,0,0,0,0,0,0,0,0,0,0,0,2,0,0,0,1,0,1,0,0,0,,,,,,,,,,,,,,,,,,,,,,,,,,,,0,0,2,0,0,0,0,0,0,4,700,0,0,0,0,0,0,0,0,0,0,0,4,0,0,0,0,0,0,0,0,0,0,0,0,0,0,0,0,0,0,0,0,0,0,0,0,0,0,0,0,3,462,0,0,0,0,0,0,0,0,0,0,0,3,1,238,0,0,0,0,0,0,0,0,0,0,0,1,0,0,0,0,0,0,0,0,0,0,0,0,0,0,0,0,0,0,0,0,0,0,0,0,0,0,0,0
2019,2020,794900,165400,2794900,1165400,79491654,3788,1,1,1,1,0,0,0,0,1,0,0,0,0,0,0,0,0,0,0,0,0,0,1,0,0,0,0,0,0,,,,,,,,,,,,,,,,,,,,,,,,,,,,0,1,0,0,0,0,0,0,0,1,148,1,0,0,0,0,0,0,0,0,0,0,0,0,0,0,0,0,0,0,0,0,0,0,0,0,0,0,0,0,0,0,0,0,0,0,0,0,0,0,0,0,0,0,0,0,0,0,0,0,0,0,0,0,0,0,0,0,0,0,0,0,0,0,0,0,0,0,0,1,148,1,0,0,0,0,0,0,0,0,0,0,0,0,0,0,0,0,0,0,0,0,0,0,0,0,0
2019,2020,781000,148100,2781000,1148100,78101481,3790,3,2,2,1,1,0,1,0,0,0,0,0,1,1,0,0,0,0,0,1,0,1,1,0,0,0,1,0,0,,,,,,,,,,,,,,,,,,,,,,,,,,,,0,1,0,0,0,0,0,0,2,32,1775,0,0,0,0,21,10,0,0,0,0,0,1,12,361,0,0,0,0,8,4,0,0,0,0,0,0,11,506,0,0,0,0,5,6,0,0,0,0,0,0,5,481,0,0,0,0,5,0,0,0,0,0,0,0,3,206,0,0,0,0,3,0,0,0,0,0,0,0,0,0,0,0,0,0,0,0,0,0,0,0,0,0,1,221,0,0,0,0,0,0,0,0,0,0,0,1
2019,2020,793100,164300,2793100,1164300,79311643,3791,2,2,2,1,1,0,0,0,0,0,0,0,0,0,0,0,0,0,0,2,0,0,1,0,1,0,0,0,0,,,,,,,,,,,,,,,,,,,,,,,,,,,,0,1,0,0,0,0,0,1,0,10,1309,0,0,0,0,0,0,0,0,0,0,0,10,0,0,0,0,0,0,0,0,0,0,0,0,0,0,0,0,0,0,0,0,0,0,0,0,0,0,0,0,5,586,0,0,0,0,0,0,0,0,0,0,0,5,4,423,0,0,0,0,0,0,0,0,0,0,0,4,0,0,0,0,0,0,0,0,0,0,0,0,0,0,1,300,0,0,0,0,0,0,0,0,0,0,0,1
2019,2020,765600,134700,2765600,1134700,76561347,3792,2,2,2,1,1,0,0,0,0,1,0,0,0,0,0,0,0,0,0,1,0,0,1,1,0,0,0,0,0,,,,,,,,,,,,,,,,,,,,,,,,,,,,0,1,1,0,0,0,0,0,0,3,260,0,1,0,0,0,0,0,0,0,0,0,2,1,40,0,0,0,0,0,0,0,0,0,0,0,1,0,0,0,0,0,0,0,0,0,0,0,0,0,0,0,0,0,0,0,0,0,0,0,0,0,0,0,0,1,80,0,1,0,0,0,0,0,0,0,0,0,0,1,140,0,0,0,0,0,0,0,0,0,0,0,1,0,0,0,0,0,0,0,0,0,0,0,0,0,0
2019,2020,729800,136200,2729800,1136200,72981362,3808,4,3,3,3,0,0,1,0,3,0,0,0,0,0,0,1,0,0,0,0,4,0,0,0,0,0,0,0,0,,,,,,,,,,,,,,,,,,,,,,,,,,,,1,3,0,0,0,0,0,0,0,3,295,2,0,0,0,0,0,0,1,0,0,0,0,0,0,0,0,0,0,0,0,0,0,0,0,0,0,2,145,1,0,0,0,0,0,0,1,0,0,0,0,1,150,1,0,0,0,0,0,0,0,0,0,0,0,0,0,0,0,0,0,0,0,0,0,0,0,0,0,0,0,0,0,0,0,0,0,0,0,0,0,0,0,0,0,0,0,0,0,0,0,0,0,0,0,0,0
2019,2020,738000,139500,2738000,1139500,73801395,3822,17,17,16,16,0,1,0,0,4,0,2,1,4,5,0,0,0,0,0,1,5,10,0,1,0,0,0,1,0,,,,,,,,,,,,,,,,,,,,,,,,,,,,0,16,0,0,0,0,0,0,1,89,5580,4,0,2,1,4,77,0,0,0,0,0,1,18,623,0,0,0,0,0,18,0,0,0,0,0,0,36,1953,1,0,0,0,0,35,0,0,0,0,0,0,23,1650,1,0,1,1,0,20,0,0,0,0,0,0,9,984,1,0,1,0,2,4,0,0,0,0,0,1,2,210,1,0,0,0,1,0,0,0,0,0,0,0,1,160,0,0,0,0,1,0,0,0,0,0,0,0
2019,2020,733700,125800,2733700,1125800,73371258,3831,1,1,1,1,0,0,0,0,0,0,0,0,0,0,0,0,0,0,0,1,0,1,0,0,0,0,0,0,0,,,,,,,,,,,,,,,,,,,,,,,,,,,,0,1,0,0,0,0,0,0,0,1,140,0,0,0,0,0,0,0,0,0,0,0,1,0,0,0,0,0,0,0,0,0,0,0,0,0,0,0,0,0,0,0,0,0,0,0,0,0,0,0,0,0,0,0,0,0,0,0,0,0,0,0,0,0,0,1,140,0,0,0,0,0,0,0,0,0,0,0,1,0,0,0,0,0,0,0,0,0,0,0,0,0,0,0,0,0,0,0,0,0,0,0,0,0,0,0,0
2019,2020,730700,122200,2730700,1122200,73071222,3834,3,2,1,1,0,1,1,0,3,0,0,0,0,0,0,0,0,0,0,0,2,1,0,0,0,0,0,0,0,,,,,,,,,,,,,,,,,,,,,,,,,,,,0,3,0,0,0,0,0,0,0,3,132,3,0,0,0,0,0,0,0,0,0,0,0,0,0,0,0,0,0,0,0,0,0,0,0,0,0,3,132,3,0,0,0,0,0,0,0,0,0,0,0,0,0,0,0,0,0,0,0,0,0,0,0,0,0,0,0,0,0,0,0,0,0,0,0,0,0,0,0,0,0,0,0,0,0,0,0,0,0,0,0,0,0,0,0,0,0,0,0,0,0,0,0,0,0,0,0
2019,2020,728800,122100,2728800,1122100,72881221,3835,3,3,3,3,0,0,0,0,1,1,0,0,0,0,0,0,0,0,0,1,2,1,0,0,0,0,0,0,0,,,,,,,,,,,,,,,,,,,,,,,,,,,,0,3,0,0,0,0,0,0,0,3,494,1,1,0,0,0,0,0,0,0,0,0,1,1,379,0,1,0,0,0,0,0,0,0,0,0,0,0,0,0,0,0,0,0,0,0,0,0,0,0,0,2,115,1,0,0,0,0,0,0,0,0,0,0,1,0,0,0,0,0,0,0,0,0,0,0,0,0,0,0,0,0,0,0,0,0,0,0,0,0,0,0,0,0,0,0,0,0,0,0,0,0,0,0,0,0,0
2019,2020,828800,165700,2828800,1165700,82881657,3847,4,4,4,4,0,0,0,0,0,0,0,0,0,0,0,0,0,0,0,4,2,0,2,0,0,0,0,0,0,,,,,,,,,,,,,,,,,,,,,,,,,,,,0,4,0,0,0,0,0,0,0,4,363,0,0,0,0,0,0,0,0,0,0,0,4,0,0,0,0,0,0,0,0,0,0,0,0,0,0,0,0,0,0,0,0,0,0,0,0,0,0,0,0,1,45,0,0,0,0,0,0,0,0,0,0,0,1,1,75,0,0,0,0,0,0,0,0,0,0,0,1,1,87,0,0,0,0,0,0,0,0,0,0,0,1,1,156,0,0,0,0,0,0,0,0,0,0,0,1
2019,2020,775500,198600,2775500,1198600,77551986,3861,1,1,1,1,0,0,0,0,0,0,0,0,0,0,0,0,0,0,0,1,0,0,1,0,0,0,0,0,0,,,,,,,,,,,,,,,,,,,,,,,,,,,,0,1,0,0,0,0,0,0,0,1,90,0,0,0,0,0,0,0,0,0,0,0,1,0,0,0,0,0,0,0,0,0,0,0,0,0,0,0,0,0,0,0,0,0,0,0,0,0,0,0,0,0,0,0,0,0,0,0,0,0,0,0,0,0,0,0,0,0,0,0,0,0,0,0,0,0,0,0,0,0,0,0,0,0,0,0,0,0,0,0,0,0,0,1,90,0,0,0,0,0,0,0,0,0,0,0,1
2019,2020,777200,199200,2777200,1199200,77721992,3891,1,1,1,1,0,0,0,0,0,0,0,0,0,0,0,0,0,0,0,1,0,0,1,0,0,0,0,0,0,,,,,,,,,,,,,,,,,,,,,,,,,,,,0,1,0,0,0,0,0,0,0,1,240,0,0,0,0,0,0,0,0,0,0,0,1,0,0,0,0,0,0,0,0,0,0,0,0,0,0,0,0,0,0,0,0,0,0,0,0,0,0,0,0,0,0,0,0,0,0,0,0,0,0,0,0,0,0,0,0,0,0,0,0,0,0,0,0,0,0,0,0,0,0,0,0,0,0,0,0,0,0,0,0,0,0,1,240,0,0,0,0,0,0,0,0,0,0,0,1
2019,2020,759300,191000,2759300,1191000,75931910,3901,1,0,0,0,0,0,1,0,1,0,0,0,0,0,0,0,0,0,0,0,0,0,0,1,0,0,0,0,0,,,,,,,,,,,,,,,,,,,,,,,,,,,,1,0,0,0,0,0,0,0,0,0,0,0,0,0,0,0,0,0,0,0,0,0,0,0,0,0,0,0,0,0,0,0,0,0,0,0,0,0,0,0,0,0,0,0,0,0,0,0,0,0,0,0,0,0,0,0,0,0,0,0,0,0,0,0,0,0,0,0,0,0,0,0,0,0,0,0,0,0,0,0,0,0,0,0,0,0,0,0,0,0,0,0,0,0,0,0,0,0,0,0,0,0,0,0,0,0,0
2019,2020,770800,183200,2770800,1183200,77081832,3921,12,10,9,7,2,1,2,0,4,0,1,1,3,0,0,0,0,1,0,2,4,5,1,1,0,1,0,0,0,,,,,,,,,,,,,,,,,,,,,,,,,,,,1,8,1,1,0,0,0,0,1,25,2056,3,0,12,1,4,0,0,0,0,1,0,4,4,88,0,0,4,0,0,0,0,0,0,0,0,0,8,424,2,0,3,0,2,0,0,0,0,1,0,0,5,413,0,0,3,1,0,0,0,0,0,0,0,1,5,541,0,0,2,0,1,0,0,0,0,0,0,2,2,345,1,0,0,0,1,0,0,0,0,0,0,0,1,245,0,0,0,0,0,0,0,0,0,0,0,1
2019,2020,765500,187400,2765500,1187400,76551874,3932,1,1,1,1,0,0,0,0,0,0,0,0,0,0,0,0,0,0,0,1,0,0,1,0,0,0,0,0,0,,,,,,,,,,,,,,,,,,,,,,,,,,,,0,1,0,0,0,0,0,0,0,1,145,0,0,0,0,0,0,0,0,0,0,0,1,0,0,0,0,0,0,0,0,0,0,0,0,0,0,0,0,0,0,0,0,0,0,0,0,0,0,0,0,0,0,0,0,0,0,0,0,0,0,0,0,0,0,0,0,0,0,0,0,0,0,0,0,0,0,0,0,0,0,0,0,0,0,0,0,0,0,0,0,0,0,1,145,0,0,0,0,0,0,0,0,0,0,0,1
2019,2020,762000,196300,2762000,1196300,76201963,3945,3,2,1,1,0,1,1,0,2,0,0,0,0,0,0,0,0,0,0,1,1,2,0,0,0,0,0,0,0,,,,,,,,,,,,,,,,,,,,,,,,,,,,0,3,0,0,0,0,0,0,0,3,169,2,0,0,0,0,0,0,0,0,0,0,1,0,0,0,0,0,0,0,0,0,0,0,0,0,0,2,83,2,0,0,0,0,0,0,0,0,0,0,0,1,86,0,0,0,0,0,0,0,0,0,0,0,1,0,0,0,0,0,0,0,0,0,0,0,0,0,0,0,0,0,0,0,0,0,0,0,0,0,0,0,0,0,0,0,0,0,0,0,0,0,0,0,0,0,0
2019,2020,759600,199600,2759600,1199600,75961996,3946,5,5,5,3,2,0,0,0,0,0,0,0,1,1,0,0,0,0,0,3,0,2,1,2,0,0,0,0,0,,,,,,,,,,,,,,,,,,,,,,,,,,,,0,3,0,1,1,0,0,0,0,10,1821,0,0,0,0,4,3,0,0,0,0,0,3,0,0,0,0,0,0,0,0,0,0,0,0,0,0,0,0,0,0,0,0,0,0,0,0,0,0,0,0,1,100,0,0,0,0,1,0,0,0,0,0,0,0,6,1011,0,0,0,0,3,3,0,0,0,0,0,0,1,155,0,0,0,0,0,0,0,0,0,0,0,1,2,555,0,0,0,0,0,0,0,0,0,0,0,2
2019,2020,762700,205700,2762700,1205700,76272057,3954,1,1,1,1,0,0,0,0,0,1,0,0,0,0,0,0,0,0,0,0,0,1,0,0,0,0,0,0,0,,,,,,,,,,,,,,,,,,,,,,,,,,,,0,1,0,0,0,0,0,0,0,1,130,0,1,0,0,0,0,0,0,0,0,0,0,0,0,0,0,0,0,0,0,0,0,0,0,0,0,0,0,0,0,0,0,0,0,0,0,0,0,0,0,0,0,0,0,0,0,0,0,0,0,0,0,0,0,0,0,0,0,0,0,0,0,0,0,0,0,0,0,1,130,0,1,0,0,0,0,0,0,0,0,0,0,0,0,0,0,0,0,0,0,0,0,0,0,0,0
2019,2020,768000,205700,2768000,1205700,76802057,3961,15,11,10,10,0,1,4,0,8,1,3,2,0,0,0,0,0,0,0,1,5,7,2,0,0,0,1,0,0,,,,,,,,,,,,,,,,,,,,,,,,,,,,1,14,0,0,0,0,0,0,0,14,914,8,1,2,2,0,0,0,0,0,0,0,1,2,38,2,0,0,0,0,0,0,0,0,0,0,0,5,182,2,1,2,0,0,0,0,0,0,0,0,0,2,118,2,0,0,0,0,0,0,0,0,0,0,0,4,349,2,0,0,2,0,0,0,0,0,0,0,0,0,0,0,0,0,0,0,0,0,0,0,0,0,0,1,227,0,0,0,0,0,0,0,0,0,0,0,1
2019,2020,771300,204500,2771300,1204500,77132045,3962,3,3,2,2,0,1,0,0,1,0,0,0,0,0,0,0,1,0,0,1,2,1,0,0,0,0,0,0,0,,,,,,,,,,,,,,,,,,,,,,,,,,,,0,3,0,0,0,0,0,0,0,3,153,1,0,0,0,0,0,0,0,1,0,0,1,1,30,0,0,0,0,0,0,0,0,0,0,0,1,1,38,0,0,0,0,0,0,0,0,1,0,0,0,1,85,1,0,0,0,0,0,0,0,0,0,0,0,0,0,0,0,0,0,0,0,0,0,0,0,0,0,0,0,0,0,0,0,0,0,0,0,0,0,0,0,0,0,0,0,0,0,0,0,0,0,0,0,0,0
2019,2020,708100,173400,2708100,1173400,70811734,3982,1,1,1,0,1,0,0,0,0,0,0,0,0,0,0,0,0,0,0,1,0,0,0,0,1,0,0,0,0,,,,,,,,,,,,,,,,,,,,,,,,,,,,0,0,1,0,0,0,0,0,0,2,415,0,0,0,0,0,0,0,0,0,0,0,2,0,0,0,0,0,0,0,0,0,0,0,0,0,0,0,0,0,0,0,0,0,0,0,0,0,0,0,0,0,0,0,0,0,0,0,0,0,0,0,0,0,0,1,145,0,0,0,0,0,0,0,0,0,0,0,1,0,0,0,0,0,0,0,0,0,0,0,0,0,0,1,270,0,0,0,0,0,0,0,0,0,0,0,1
2019,2020,701600,170800,2701600,1170800,70161708,3986,1,1,1,1,0,0,0,0,0,0,0,0,0,0,0,0,0,0,0,1,0,0,1,0,0,0,0,0,0,,,,,,,,,,,,,,,,,,,,,,,,,,,,0,1,0,0,0,0,0,0,0,1,175,0,0,0,0,0,0,0,0,0,0,0,1,0,0,0,0,0,0,0,0,0,0,0,0,0,0,0,0,0,0,0,0,0,0,0,0,0,0,0,0,0,0,0,0,0,0,0,0,0,0,0,0,0,0,0,0,0,0,0,0,0,0,0,0,0,0,0,0,0,0,0,0,0,0,0,0,0,0,0,0,0,0,1,175,0,0,0,0,0,0,0,0,0,0,0,1
2019,2020,727000,178500,2727000,1178500,72701785,3988,4,4,4,4,0,0,0,0,4,0,0,0,0,0,0,0,0,0,0,0,4,0,0,0,0,0,0,0,0,,,,,,,,,,,,,,,,,,,,,,,,,,,,0,4,0,0,0,0,0,0,0,4,148,4,0,0,0,0,0,0,0,0,0,0,0,2,82,2,0,0,0,0,0,0,0,0,0,0,0,2,66,2,0,0,0,0,0,0,0,0,0,0,0,0,0,0,0,0,0,0,0,0,0,0,0,0,0,0,0,0,0,0,0,0,0,0,0,0,0,0,0,0,0,0,0,0,0,0,0,0,0,0,0,0,0,0,0,0,0,0,0,0,0,0,0,0,0,0,0
2019,2020,736000,261800,2736000,1261800,73602618,4471,1,1,1,1,0,0,0,0,0,0,0,0,0,1,0,0,0,0,0,0,0,1,0,0,0,0,0,0,0,,,,,,,,,,,,,,,,,,,,,,,,,,,,0,1,0,0,0,0,0,0,0,1,190,0,0,0,0,0,1,0,0,0,0,0,0,0,0,0,0,0,0,0,0,0,0,0,0,0,0,0,0,0,0,0,0,0,0,0,0,0,0,0,0,0,0,0,0,0,0,0,0,0,0,0,0,0,0,0,0,0,0,0,0,0,0,0,0,0,0,0,0,0,0,0,0,0,0,0,0,0,0,0,0,0,0,1,190,0,0,0,0,0,1,0,0,0,0,0,0
2019,2020,642400,129600,2642400,1129600,64241296,6002,34,28,25,13,12,3,6,0,1,1,5,0,2,2,1,0,0,1,3,18,0,20,7,1,3,1,2,0,0,,,,,,,,,,,,,,,,,,,,,,,,,,,,4,17,2,1,1,2,2,1,4,116,13105,1,1,27,0,2,4,4,0,0,13,1,63,13,515,1,0,0,0,0,1,1,0,0,2,0,8,14,902,0,0,4,0,1,1,0,0,0,1,0,7,28,2708,0,0,12,0,0,0,0,0,0,3,1,12,28,3244,0,0,9,0,0,0,2,0,0,6,0,11,26,4391,0,1,1,0,1,0,1,0,0,0,0,22,7,1345,0,0,1,0,0,2,0,0,0,1,0,3
2019,2020,634000,128900,2634000,1128900,63401289,6004,2,2,2,2,0,0,0,0,0,0,0,0,0,0,0,0,0,0,0,2,0,0,2,0,0,0,0,0,0,,,,,,,,,,,,,,,,,,,,,,,,,,,,0,2,0,0,0,0,0,0,0,2,210,0,0,0,0,0,0,0,0,0,0,0,2,0,0,0,0,0,0,0,0,0,0,0,0,0,0,0,0,0,0,0,0,0,0,0,0,0,0,0,0,1,90,0,0,0,0,0,0,0,0,0,0,0,1,0,0,0,0,0,0,0,0,0,0,0,0,0,0,1,120,0,0,0,0,0,0,0,0,0,0,0,1,0,0,0,0,0,0,0,0,0,0,0,0,0,0
2019,2020,642300,130700,2642300,1130700,64231307,6007,42,41,41,23,18,0,1,0,4,2,7,2,3,5,1,2,1,2,3,10,4,20,12,1,2,1,2,0,0,,,,,,,,,,,,,,,,,,,,,,,,,,,,1,23,10,2,0,1,0,2,3,108,13523,5,3,12,10,5,6,1,6,2,12,27,19,1,20,0,0,0,0,0,0,0,1,0,0,0,0,5,288,3,0,0,0,0,0,0,0,2,0,0,0,35,3293,1,2,7,2,0,1,1,0,0,1,14,6,27,3063,1,0,1,8,2,2,0,1,0,4,0,8,35,5863,0,1,3,0,3,3,0,3,0,7,12,3,5,996,0,0,1,0,0,0,0,1,0,0,1,2
2019,2020,644500,129500,2644500,1129500,64451295,6008,6,4,4,3,1,0,2,0,4,0,0,0,0,1,0,0,0,0,0,1,3,3,0,0,0,0,0,0,0,,,,,,,,,,,,,,,,,,,,,,,,,,,,0,5,0,1,0,0,0,0,0,8,531,4,0,0,0,0,1,0,0,0,0,0,3,1,20,1,0,0,0,0,0,0,0,0,0,0,0,6,308,3,0,0,0,0,1,0,0,0,0,0,2,0,0,0,0,0,0,0,0,0,0,0,0,0,0,0,0,0,0,0,0,0,0,0,0,0,0,0,0,0,0,0,0,0,0,0,0,0,0,0,0,0,0,1,203,0,0,0,0,0,0,0,0,0,0,0,1
2019,2020,645000,131000,2645000,1131000,64501310,6010,2,2,2,0,2,0,0,0,0,0,0,0,0,0,0,0,0,0,0,2,0,0,2,0,0,0,0,0,0,,,,,,,,,,,,,,,,,,,,,,,,,,,,0,0,0,0,0,2,0,0,0,10,1240,0,0,0,0,0,0,0,0,0,0,0,10,0,0,0,0,0,0,0,0,0,0,0,0,0,0,0,0,0,0,0,0,0,0,0,0,0,0,0,0,0,0,0,0,0,0,0,0,0,0,0,0,0,0,0,0,0,0,0,0,0,0,0,0,0,0,0,0,10,1240,0,0,0,0,0,0,0,0,0,0,0,10,0,0,0,0,0,0,0,0,0,0,0,0,0,0
2019,2020,586000,117800,2586000,1117800,58601178,6021,24,24,24,17,7,0,0,0,0,0,1,0,0,0,0,2,0,0,1,20,0,19,2,3,0,0,0,0,0,,,,,,,,,,,,,,,,,,,,,,,,,,,,0,17,3,0,2,0,0,0,2,71,6160,0,0,4,0,0,0,0,2,0,0,1,64,12,332,0,0,2,0,0,0,0,0,0,0,0,10,16,854,0,0,0,0,0,0,0,1,0,0,0,15,18,1574,0,0,0,0,0,0,0,0,0,0,0,18,19,2187,0,0,2,0,0,0,0,1,0,0,1,15,6,1213,0,0,0,0,0,0,0,0,0,0,0,6,0,0,0,0,0,0,0,0,0,0,0,0,0,0
2019,2020,589700,119900,2589700,1119900,58971199,6023,21,20,20,17,3,0,1,0,4,1,0,0,0,1,0,0,0,0,0,15,1,14,5,0,1,0,0,0,0,,,,,,,,,,,,,,,,,,,,,,,,,,,,1,17,3,0,0,0,0,0,0,23,3160,3,1,0,0,0,2,0,0,0,0,0,17,0,0,0,0,0,0,0,0,0,0,0,0,0,0,2,139,1,0,0,0,0,1,0,0,0,0,0,0,5,525,1,0,0,0,0,1,0,0,0,0,0,3,10,1611,0,1,0,0,0,0,0,0,0,0,0,9,5,621,0,0,0,0,0,0,0,0,0,0,0,5,1,264,1,0,0,0,0,0,0,0,0,0,0,0
2019,2020,587900,119400,2587900,1119400,58791194,6025,29,29,29,19,10,0,0,0,0,1,0,0,0,1,0,0,0,0,0,27,1,23,5,0,0,0,0,0,0,,,,,,,,,,,,,,,,,,,,,,,,,,,,0,19,6,0,0,0,0,0,4,93,7619,0,19,0,0,0,19,0,0,0,0,0,55,8,247,0,4,0,0,0,4,0,0,0,0,0,0,25,1240,0,12,0,0,0,12,0,0,0,0,0,1,21,1580,0,2,0,0,0,2,0,0,0,0,0,17,17,1532,0,1,0,0,0,1,0,0,0,0,0,15,10,1460,0,0,0,0,0,0,0,0,0,0,0,10,12,1560,0,0,0,0,0,0,0,0,0,0,0,12
2019,2020,585500,101200,2585500,1101200,58551012,6031,2,2,2,2,0,0,0,0,0,1,0,0,0,0,0,0,0,0,0,1,0,1,1,0,0,0,0,0,0,,,,,,,,,,,,,,,,,,,,,,,,,,,,0,2,0,0,0,0,0,0,0,2,110,0,1,0,0,0,0,0,0,0,0,0,1,0,0,0,0,0,0,0,0,0,0,0,0,0,0,1,35,0,0,0,0,0,0,0,0,0,0,0,1,0,0,0,0,0,0,0,0,0,0,0,0,0,0,1,75,0,1,0,0,0,0,0,0,0,0,0,0,0,0,0,0,0,0,0,0,0,0,0,0,0,0,0,0,0,0,0,0,0,0,0,0,0,0,0,0
2019,2020,580400,93400,2580400,1093400,58040934,6033,1,1,1,1,0,0,0,0,0,0,0,0,0,0,0,0,1,0,0,0,0,0,1,0,0,0,0,0,0,,,,,,,,,,,,,,,,,,,,,,,,,,,,0,1,0,0,0,0,0,0,0,1,90,0,0,0,0,0,0,0,0,1,0,0,0,0,0,0,0,0,0,0,0,0,0,0,0,0,0,0,0,0,0,0,0,0,0,0,0,0,0,0,0,0,0,0,0,0,0,0,0,0,0,0,0,0,0,0,0,0,0,0,0,0,0,0,0,0,0,0,0,1,90,0,0,0,0,0,0,0,0,1,0,0,0,0,0,0,0,0,0,0,0,0,0,0,0,0,0
2019,2020,577400,97700,2577400,1097700,57740977,6034,4,4,4,4,0,0,0,0,1,0,0,0,0,0,0,0,0,0,0,3,0,2,2,0,0,0,0,0,0,,,,,,,,,,,,,,,,,,,,,,,,,,,,0,4,0,0,0,0,0,0,0,4,563,1,0,0,0,0,0,0,0,0,0,0,3,0,0,0,0,0,0,0,0,0,0,0,0,0,0,0,0,0,0,0,0,0,0,0,0,0,0,0,0,1,60,1,0,0,0,0,0,0,0,0,0,0,0,0,0,0,0,0,0,0,0,0,0,0,0,0,0,3,503,0,0,0,0,0,0,0,0,0,0,0,3,0,0,0,0,0,0,0,0,0,0,0,0,0,0
2019,2020,577800,103000,2577800,1103000,57781030,6035,15,15,15,13,2,0,0,0,3,4,1,1,0,0,0,0,0,1,0,5,7,5,1,1,1,0,0,0,0,,,,,,,,,,,,,,,,,,,,,,,,,,,,0,13,0,0,0,0,0,1,1,34,2878,3,4,1,1,0,0,0,0,0,1,0,24,5,237,0,1,0,0,0,0,0,0,0,0,0,4,10,721,3,1,1,0,0,0,0,0,0,0,0,5,9,776,0,2,0,0,0,0,0,0,0,0,0,7,6,664,0,0,0,0,0,0,0,0,0,0,0,6,3,330,0,0,0,1,0,0,0,0,0,1,0,1,1,150,0,0,0,0,0,0,0,0,0,0,0,1
2019,2020,579100,104000,2579100,1104000,57911040,6036,11,10,10,10,0,0,1,0,1,0,1,0,0,1,0,0,0,1,2,5,2,7,2,0,0,0,0,0,0,,,,,,,,,,,,,,,,,,,,,,,,,,,,0,11,0,0,0,0,0,0,0,11,1567,1,0,1,0,0,1,0,0,0,1,2,5,0,0,0,0,0,0,0,0,0,0,0,0,0,0,0,0,0,0,0,0,0,0,0,0,0,0,0,0,2,234,0,0,0,0,0,0,0,0,0,0,0,2,6,710,1,0,1,0,0,1,0,0,0,0,0,3,2,357,0,0,0,0,0,0,0,0,0,0,2,0,1,266,0,0,0,0,0,0,0,0,0,1,0,0
2019,2020,655500,141600,2655500,1141600,65551416,6052,1,1,1,1,0,0,0,0,0,0,0,0,0,0,0,0,0,0,0,1,0,0,1,0,0,0,0,0,0,,,,,,,,,,,,,,,,,,,,,,,,,,,,0,1,0,0,0,0,0,0,0,1,180,0,0,0,0,0,0,0,0,0,0,0,1,0,0,0,0,0,0,0,0,0,0,0,0,0,0,0,0,0,0,0,0,0,0,0,0,0,0,0,0,0,0,0,0,0,0,0,0,0,0,0,0,0,0,0,0,0,0,0,0,0,0,0,0,0,0,0,0,1,180,0,0,0,0,0,0,0,0,0,0,0,1,0,0,0,0,0,0,0,0,0,0,0,0,0,0
2019,2020,657300,135000,2657300,1135000,65731350,6054,1,1,1,1,0,0,0,0,0,0,1,0,0,0,0,0,0,0,0,0,0,1,0,0,0,0,0,0,0,,,,,,,,,,,,,,,,,,,,,,,,,,,,0,1,0,0,0,0,0,0,0,1,60,0,0,1,0,0,0,0,0,0,0,0,0,0,0,0,0,0,0,0,0,0,0,0,0,0,0,0,0,0,0,0,0,0,0,0,0,0,0,0,0,1,60,0,0,1,0,0,0,0,0,0,0,0,0,0,0,0,0,0,0,0,0,0,0,0,0,0,0,0,0,0,0,0,0,0,0,0,0,0,0,0,0,0,0,0,0,0,0,0,0,0,0,0,0,0,0
2019,2020,654200,141800,2654200,1141800,65421418,6058,3,3,3,3,0,0,0,0,0,0,0,0,0,0,0,0,0,0,0,3,0,3,0,0,0,0,0,0,0,,,,,,,,,,,,,,,,,,,,,,,,,,,,0,3,0,0,0,0,0,0,0,3,655,0,0,0,0,0,0,0,0,0,0,0,3,0,0,0,0,0,0,0,0,0,0,0,0,0,0,0,0,0,0,0,0,0,0,0,0,0,0,0,0,1,125,0,0,0,0,0,0,0,0,0,0,0,1,1,200,0,0,0,0,0,0,0,0,0,0,0,1,0,0,0,0,0,0,0,0,0,0,0,0,0,0,1,330,0,0,0,0,0,0,0,0,0,0,0,1
2019,2020,652400,137700,2652400,1137700,65241377,6061,1,1,1,1,0,0,0,0,0,0,0,0,0,0,0,0,0,0,1,0,0,1,0,0,0,0,0,0,0,,,,,,,,,,,,,,,,,,,,,,,,,,,,0,1,0,0,0,0,0,0,0,1,120,0,0,0,0,0,0,0,0,0,0,1,0,0,0,0,0,0,0,0,0,0,0,0,0,0,0,0,0,0,0,0,0,0,0,0,0,0,0,0,0,0,0,0,0,0,0,0,0,0,0,0,0,0,0,0,0,0,0,0,0,0,0,0,0,0,0,0,0,0,0,0,0,0,0,0,0,0,0,0,0,0,0,1,120,0,0,0,0,0,0,0,0,0,0,1,0
2019,2020,597600,125000,2597600,1125000,59761250,6082,4,3,3,3,0,0,1,0,0,1,0,0,0,0,0,0,1,0,1,1,1,1,2,0,0,0,0,0,0,,,,,,,,,,,,,,,,,,,,,,,,,,,,1,3,0,0,0,0,0,0,0,3,509,0,0,0,0,0,0,0,0,1,0,1,1,0,0,0,0,0,0,0,0,0,0,0,0,0,0,0,0,0,0,0,0,0,0,0,0,0,0,0,0,0,0,0,0,0,0,0,0,0,0,0,0,0,0,0,0,0,0,0,0,0,0,0,0,0,0,0,0,2,290,0,0,0,0,0,0,0,0,1,0,1,0,1,219,0,0,0,0,0,0,0,0,0,0,0,1
2019,2020,604400,106900,2604400,1106900,60441069,6083,2,2,2,2,0,0,0,0,2,0,0,0,0,0,0,0,0,0,0,0,0,1,1,0,0,0,0,0,0,,,,,,,,,,,,,,,,,,,,,,,,,,,,0,2,0,0,0,0,0,0,0,2,123,2,0,0,0,0,0,0,0,0,0,0,0,0,0,0,0,0,0,0,0,0,0,0,0,0,0,2,123,2,0,0,0,0,0,0,0,0,0,0,0,0,0,0,0,0,0,0,0,0,0,0,0,0,0,0,0,0,0,0,0,0,0,0,0,0,0,0,0,0,0,0,0,0,0,0,0,0,0,0,0,0,0,0,0,0,0,0,0,0,0,0,0,0,0,0,0
2019,2020,600400,113500,2600400,1113500,60041135,6087,8,8,8,7,1,0,0,0,0,0,1,0,0,0,0,0,0,0,0,7,0,4,3,0,0,0,1,0,0,,,,,,,,,,,,,,,,,,,,,,,,,,,,0,7,0,0,0,0,0,0,1,17,2194,0,0,1,0,0,0,0,0,0,0,0,16,0,0,0,0,0,0,0,0,0,0,0,0,0,0,0,0,0,0,0,0,0,0,0,0,0,0,0,0,8,442,0,0,0,0,0,0,0,0,0,0,0,8,3,271,0,0,1,0,0,0,0,0,0,0,0,2,4,743,0,0,0,0,0,0,0,0,0,0,0,4,2,738,0,0,0,0,0,0,0,0,0,0,0,2
2019,2020,596800,117800,2596800,1117800,59681178,6089,3,2,2,2,0,0,1,0,0,1,0,0,0,0,0,0,0,0,0,2,1,1,1,0,0,0,0,0,0,,,,,,,,,,,,,,,,,,,,,,,,,,,,0,3,0,0,0,0,0,0,0,3,465,0,1,0,0,0,0,0,0,0,0,0,2,0,0,0,0,0,0,0,0,0,0,0,0,0,0,1,60,0,1,0,0,0,0,0,0,0,0,0,0,0,0,0,0,0,0,0,0,0,0,0,0,0,0,1,134,0,0,0,0,0,0,0,0,0,0,0,1,1,271,0,0,0,0,0,0,0,0,0,0,0,1,0,0,0,0,0,0,0,0,0,0,0,0,0,0
2019,2020,615000,132100,2615000,1132100,61501321,6102,3,3,3,3,0,0,0,0,2,0,0,0,0,0,0,0,0,0,1,0,1,1,1,0,0,0,0,0,0,,,,,,,,,,,,,,,,,,,,,,,,,,,,0,3,0,0,0,0,0,0,0,3,188,2,0,0,0,0,0,0,0,0,0,1,0,0,0,0,0,0,0,0,0,0,0,0,0,0,0,2,103,1,0,0,0,0,0,0,0,0,0,1,0,1,85,1,0,0,0,0,0,0,0,0,0,0,0,0,0,0,0,0,0,0,0,0,0,0,0,0,0,0,0,0,0,0,0,0,0,0,0,0,0,0,0,0,0,0,0,0,0,0,0,0,0,0,0,0,0
2019,2020,615100,129600,2615100,1129600,61511296,6110,1,0,0,0,0,0,0,1,0,0,0,0,0,0,0,0,0,0,0,0,0,0,0,0,0,0,0,0,0,,,,,,,,,,,,,,,,,,,,,,,,,,,,0,0,0,0,0,0,0,0,0,0,0,0,0,0,0,0,0,0,0,0,0,0,0,0,0,0,0,0,0,0,0,0,0,0,0,0,0,0,0,0,0,0,0,0,0,0,0,0,0,0,0,0,0,0,0,0,0,0,0,0,0,0,0,0,0,0,0,0,0,0,0,0,0,0,0,0,0,0,0,0,0,0,0,0,0,0,0,0,0,0,0,0,0,0,0,0,0,0,0,0,0,0,0,0,0,0,0
2019,2020,614700,136500,2614700,1136500,61471365,6111,10,2,2,1,1,0,8,0,0,8,0,0,0,0,0,0,1,0,0,1,7,2,1,0,0,0,0,0,0,,,,,,,,,,,,,,,,,,,,,,,,,,,,0,9,0,1,0,0,0,0,0,12,886,0,8,0,0,0,0,0,0,3,0,0,1,0,0,0,0,0,0,0,0,0,0,0,0,0,0,8,366,0,8,0,0,0,0,0,0,0,0,0,0,0,0,0,0,0,0,0,0,0,0,0,0,0,0,1,100,0,0,0,0,0,0,0,0,1,0,0,0,2,240,0,0,0,0,0,0,0,0,2,0,0,0,1,180,0,0,0,0,0,0,0,0,0,0,0,1
2019,2020,619800,125600,2619800,1125600,61981256,6112,4,4,4,3,1,0,0,0,1,1,0,0,0,0,0,1,0,0,0,1,2,2,0,0,0,0,0,0,0,,,,,,,,,,,,,,,,,,,,,,,,,,,,0,3,1,0,0,0,0,0,0,5,402,1,1,0,0,0,0,0,2,0,0,0,1,0,0,0,0,0,0,0,0,0,0,0,0,0,0,2,100,1,1,0,0,0,0,0,0,0,0,0,0,0,0,0,0,0,0,0,0,0,0,0,0,0,0,2,100,0,0,0,0,0,0,0,2,0,0,0,0,1,202,0,0,0,0,0,0,0,0,0,0,0,1,0,0,0,0,0,0,0,0,0,0,0,0,0,0
2019,2020,610100,128900,2610100,1128900,61011289,6113,5,2,2,2,0,0,0,3,0,0,0,0,0,0,0,0,0,0,0,2,0,2,0,0,0,0,0,0,0,,,,,,,,,,,,,,,,,,,,,,,,,,,,0,2,0,0,0,0,0,0,0,2,474,0,0,0,0,0,0,0,0,0,0,0,2,0,0,0,0,0,0,0,0,0,0,0,0,0,0,0,0,0,0,0,0,0,0,0,0,0,0,0,0,0,0,0,0,0,0,0,0,0,0,0,0,0,0,0,0,0,0,0,0,0,0,0,0,0,0,0,0,1,264,0,0,0,0,0,0,0,0,0,0,0,1,1,210,0,0,0,0,0,0,0,0,0,0,0,1
2019,2020,613000,129700,2613000,1129700,61301297,6116,5,1,1,1,0,0,4,0,0,2,0,0,2,0,0,0,0,0,0,1,0,5,0,0,0,0,0,0,0,,,,,,,,,,,,,,,,,,,,,,,,,,,,0,5,0,0,0,0,0,0,0,5,285,0,2,0,0,2,0,0,0,0,0,0,1,4,155,0,2,0,0,2,0,0,0,0,0,0,0,0,0,0,0,0,0,0,0,0,0,0,0,0,0,0,0,0,0,0,0,0,0,0,0,0,0,0,0,0,0,0,0,0,0,0,0,0,0,0,0,0,0,1,130,0,0,0,0,0,0,0,0,0,0,0,1,0,0,0,0,0,0,0,0,0,0,0,0,0,0
2019,2020,617500,130400,2617500,1130400,61751304,6117,1,1,1,1,0,0,0,0,0,0,1,0,0,0,0,0,0,0,0,0,1,0,0,0,0,0,0,0,0,,,,,,,,,,,,,,,,,,,,,,,,,,,,0,1,0,0,0,0,0,0,0,1,50,0,0,1,0,0,0,0,0,0,0,0,0,0,0,0,0,0,0,0,0,0,0,0,0,0,0,0,0,0,0,0,0,0,0,0,0,0,0,0,0,1,50,0,0,1,0,0,0,0,0,0,0,0,0,0,0,0,0,0,0,0,0,0,0,0,0,0,0,0,0,0,0,0,0,0,0,0,0,0,0,0,0,0,0,0,0,0,0,0,0,0,0,0,0,0,0
2019,2020,623400,129400,2623400,1129400,62341294,6118,15,13,12,8,4,1,2,0,5,2,1,0,0,0,0,0,0,0,0,7,5,5,4,1,0,0,0,0,0,,,,,,,,,,,,,,,,,,,,,,,,,,,,0,11,4,0,0,0,0,0,0,19,2104,8,3,1,0,0,0,0,0,0,0,0,7,6,247,5,0,1,0,0,0,0,0,0,0,0,0,0,0,0,0,0,0,0,0,0,0,0,0,0,0,7,656,2,3,0,0,0,0,0,0,0,0,0,2,1,213,0,0,0,0,0,0,0,0,0,0,0,1,4,776,1,0,0,0,0,0,0,0,0,0,0,3,1,212,0,0,0,0,0,0,0,0,0,0,0,1
2019,2020,620400,127700,2620400,1127700,62041277,6119,7,4,4,3,1,0,3,0,1,0,1,0,0,0,0,0,0,0,0,5,1,3,2,1,0,0,0,0,0,,,,,,,,,,,,,,,,,,,,,,,,,,,,0,6,0,0,0,0,0,0,1,19,2539,1,0,1,0,0,0,0,0,0,0,0,17,1,25,0,0,0,0,0,0,0,0,0,0,0,1,2,86,1,0,0,0,0,0,0,0,0,0,0,1,4,416,0,0,0,0,0,0,0,0,0,0,0,4,6,794,0,0,0,0,0,0,0,0,0,0,0,6,3,570,0,0,1,0,0,0,0,0,0,0,0,2,3,648,0,0,0,0,0,0,0,0,0,0,0,3
2019,2020,576600,107800,2576600,1107800,57661078,6132,1,1,1,1,0,0,0,0,0,0,0,1,0,0,0,0,0,0,0,0,1,0,0,0,0,0,0,0,0,,,,,,,,,,,,,,,,,,,,,,,,,,,,0,1,0,0,0,0,0,0,0,1,60,0,0,0,1,0,0,0,0,0,0,0,0,0,0,0,0,0,0,0,0,0,0,0,0,0,0,0,0,0,0,0,0,0,0,0,0,0,0,0,0,1,60,0,0,0,1,0,0,0,0,0,0,0,0,0,0,0,0,0,0,0,0,0,0,0,0,0,0,0,0,0,0,0,0,0,0,0,0,0,0,0,0,0,0,0,0,0,0,0,0,0,0,0,0,0,0
2019,2020,574900,109700,2574900,1109700,57491097,6133,6,6,6,6,0,0,0,0,1,0,2,0,1,1,0,0,0,0,0,1,1,5,0,0,0,0,0,0,0,,,,,,,,,,,,,,,,,,,,,,,,,,,,0,6,0,0,0,0,0,0,0,6,542,1,0,2,0,1,1,0,0,0,0,0,1,0,0,0,0,0,0,0,0,0,0,0,0,0,0,2,118,0,0,1,0,0,1,0,0,0,0,0,0,1,119,0,0,0,0,0,0,0,0,0,0,0,1,2,185,1,0,0,0,1,0,0,0,0,0,0,0,1,120,0,0,1,0,0,0,0,0,0,0,0,0,0,0,0,0,0,0,0,0,0,0,0,0,0,0
2019,2020,585000,112300,2585000,1112300,58501123,6134,2,2,2,2,0,0,0,0,0,0,1,0,0,0,0,0,0,0,0,1,0,1,1,0,0,0,0,0,0,,,,,,,,,,,,,,,,,,,,,,,,,,,,0,2,0,0,0,0,0,0,0,2,182,0,0,1,0,0,0,0,0,0,0,0,1,0,0,0,0,0,0,0,0,0,0,0,0,0,0,0,0,0,0,0,0,0,0,0,0,0,0,0,0,1,62,0,0,1,0,0,0,0,0,0,0,0,0,0,0,0,0,0,0,0,0,0,0,0,0,0,0,1,120,0,0,0,0,0,0,0,0,0,0,0,1,0,0,0,0,0,0,0,0,0,0,0,0,0,0
2019,2020,582200,115100,2582200,1115100,58221151,6135,2,2,2,1,1,0,0,0,0,0,0,0,0,1,0,0,0,0,0,1,0,0,2,0,0,0,0,0,0,,,,,,,,,,,,,,,,,,,,,,,,,,,,0,1,0,0,1,0,0,0,0,5,514,0,0,0,0,0,4,0,0,0,0,0,1,0,0,0,0,0,0,0,0,0,0,0,0,0,0,0,0,0,0,0,0,0,0,0,0,0,0,0,0,3,207,0,0,0,0,0,3,0,0,0,0,0,0,1,150,0,0,0,0,0,1,0,0,0,0,0,0,1,157,0,0,0,0,0,0,0,0,0,0,0,1,0,0,0,0,0,0,0,0,0,0,0,0,0,0
2019,2020,571500,105300,2571500,1105300,57151053,6136,2,2,2,2,0,0,0,0,0,0,0,0,0,0,0,0,0,0,0,2,1,1,0,0,0,0,0,0,0,,,,,,,,,,,,,,,,,,,,,,,,,,,,0,2,0,0,0,0,0,0,0,2,180,0,0,0,0,0,0,0,0,0,0,0,2,1,20,0,0,0,0,0,0,0,0,0,0,0,1,0,0,0,0,0,0,0,0,0,0,0,0,0,0,0,0,0,0,0,0,0,0,0,0,0,0,0,0,1,160,0,0,0,0,0,0,0,0,0,0,0,1,0,0,0,0,0,0,0,0,0,0,0,0,0,0,0,0,0,0,0,0,0,0,0,0,0,0,0,0
2019,2020,569000,105000,2569000,1105000,56901050,6137,1,1,1,1,0,0,0,0,0,0,0,1,0,0,0,0,0,0,0,0,1,0,0,0,0,0,0,0,0,,,,,,,,,,,,,,,,,,,,,,,,,,,,0,1,0,0,0,0,0,0,0,1,10,0,0,0,1,0,0,0,0,0,0,0,0,1,10,0,0,0,1,0,0,0,0,0,0,0,0,0,0,0,0,0,0,0,0,0,0,0,0,0,0,0,0,0,0,0,0,0,0,0,0,0,0,0,0,0,0,0,0,0,0,0,0,0,0,0,0,0,0,0,0,0,0,0,0,0,0,0,0,0,0,0,0,0,0,0,0,0,0,0,0,0,0,0,0,0,0
2019,2020,583300,113400,2583300,1113400,58331134,6139,5,4,4,4,0,0,1,0,0,0,0,0,0,0,0,0,0,1,0,4,1,2,2,0,0,0,0,0,0,,,,,,,,,,,,,,,,,,,,,,,,,,,,0,5,0,0,0,0,0,0,0,5,781,0,0,0,0,0,0,0,0,0,1,0,4,0,0,0,0,0,0,0,0,0,0,0,0,0,0,0,0,0,0,0,0,0,0,0,0,0,0,0,0,0,0,0,0,0,0,0,0,0,0,0,0,0,0,0,0,0,0,0,0,0,0,0,0,0,0,0,0,1,147,0,0,0,0,0,0,0,0,0,0,0,1,4,634,0,0,0,0,0,0,0,0,0,1,0,3
2019,2020,580000,110800,2580000,1110800,58001108,6141,4,4,4,3,1,0,0,0,0,0,0,0,0,0,0,0,0,0,0,4,0,3,0,1,0,0,0,0,0,,,,,,,,,,,,,,,,,,,,,,,,,,,,0,3,0,0,0,0,0,0,1,22,2130,0,0,0,0,0,0,0,0,0,0,0,22,0,0,0,0,0,0,0,0,0,0,0,0,0,0,3,180,0,0,0,0,0,0,0,0,0,0,0,3,14,1301,0,0,0,0,0,0,0,0,0,0,0,14,5,649,0,0,0,0,0,0,0,0,0,0,0,5,0,0,0,0,0,0,0,0,0,0,0,0,0,0,0,0,0,0,0,0,0,0,0,0,0,0,0,0
2019,2020,556100,114200,2556100,1114200,55611142,6151,3,3,2,2,0,1,0,0,0,0,0,0,0,1,0,0,0,0,0,2,0,0,3,0,0,0,0,0,0,,,,,,,,,,,,,,,,,,,,,,,,,,,,0,3,0,0,0,0,0,0,0,3,480,0,0,0,0,0,1,0,0,0,0,0,2,0,0,0,0,0,0,0,0,0,0,0,0,0,0,0,0,0,0,0,0,0,0,0,0,0,0,0,0,1,55,0,0,0,0,0,1,0,0,0,0,0,0,0,0,0,0,0,0,0,0,0,0,0,0,0,0,0,0,0,0,0,0,0,0,0,0,0,0,0,0,2,425,0,0,0,0,0,0,0,0,0,0,0,2
2019,2020,562300,122500,2562300,1122500,56231225,6153,2,2,2,2,0,0,0,0,0,0,0,0,0,0,0,0,1,0,0,1,0,2,0,0,0,0,0,0,0,,,,,,,,,,,,,,,,,,,,,,,,,,,,0,2,0,0,0,0,0,0,0,2,314,0,0,0,0,0,0,0,0,1,0,0,1,0,0,0,0,0,0,0,0,0,0,0,0,0,0,0,0,0,0,0,0,0,0,0,0,0,0,0,0,1,128,0,0,0,0,0,0,0,0,1,0,0,0,0,0,0,0,0,0,0,0,0,0,0,0,0,0,1,186,0,0,0,0,0,0,0,0,0,0,0,1,0,0,0,0,0,0,0,0,0,0,0,0,0,0
2019,2020,554900,137000,2554900,1137000,55491370,6154,12,10,10,7,3,0,2,0,0,0,1,0,0,0,0,0,1,0,0,10,1,8,2,1,0,0,0,0,0,,,,,,,,,,,,,,,,,,,,,,,,,,,,0,9,1,0,0,0,0,0,2,39,3916,0,0,1,0,0,0,0,0,1,0,0,37,0,0,0,0,0,0,0,0,0,0,0,0,0,0,6,358,0,0,1,0,0,0,0,0,0,0,0,5,14,1183,0,0,0,0,0,0,0,0,0,0,0,14,13,1410,0,0,0,0,0,0,0,0,1,0,0,12,4,520,0,0,0,0,0,0,0,0,0,0,0,4,2,445,0,0,0,0,0,0,0,0,0,0,0,2
2019,2020,551300,138000,2551300,1138000,55131380,6155,1,1,1,1,0,0,0,0,0,0,0,0,0,0,0,0,0,0,0,1,0,0,1,0,0,0,0,0,0,,,,,,,,,,,,,,,,,,,,,,,,,,,,0,1,0,0,0,0,0,0,0,1,140,0,0,0,0,0,0,0,0,0,0,0,1,0,0,0,0,0,0,0,0,0,0,0,0,0,0,0,0,0,0,0,0,0,0,0,0,0,0,0,0,0,0,0,0,0,0,0,0,0,0,0,0,0,0,1,140,0,0,0,0,0,0,0,0,0,0,0,1,0,0,0,0,0,0,0,0,0,0,0,0,0,0,0,0,0,0,0,0,0,0,0,0,0,0,0,0
2019,2020,559800,119800,2559800,1119800,55981198,6156,4,1,1,1,0,0,0,3,0,0,0,0,0,0,0,0,0,0,0,1,0,0,1,0,0,0,0,0,0,,,,,,,,,,,,,,,,,,,,,,,,,,,,0,1,0,0,0,0,0,0,0,1,201,0,0,0,0,0,0,0,0,0,0,0,1,0,0,0,0,0,0,0,0,0,0,0,0,0,0,0,0,0,0,0,0,0,0,0,0,0,0,0,0,0,0,0,0,0,0,0,0,0,0,0,0,0,0,0,0,0,0,0,0,0,0,0,0,0,0,0,0,1,201,0,0,0,0,0,0,0,0,0,0,0,1,0,0,0,0,0,0,0,0,0,0,0,0,0,0
2019,2020,557900,117200,2557900,1117200,55791172,6157,4,4,4,4,0,0,0,0,1,0,0,0,0,0,0,0,1,1,0,1,0,2,2,0,0,0,0,0,0,,,,,,,,,,,,,,,,,,,,,,,,,,,,0,4,0,0,0,0,0,0,0,4,539,1,0,0,0,0,0,0,0,1,1,0,1,0,0,0,0,0,0,0,0,0,0,0,0,0,0,0,0,0,0,0,0,0,0,0,0,0,0,0,0,1,133,0,0,0,0,0,0,0,0,0,1,0,0,1,91,1,0,0,0,0,0,0,0,0,0,0,0,1,155,0,0,0,0,0,0,0,0,0,0,0,1,1,160,0,0,0,0,0,0,0,0,1,0,0,0
2019,2020,558600,128900,2558600,1128900,55861289,6158,16,16,16,11,5,0,0,0,0,0,0,0,0,0,0,0,0,0,0,16,1,12,2,1,0,0,0,0,0,,,,,,,,,,,,,,,,,,,,,,,,,,,,0,11,0,1,3,0,0,0,1,39,3430,0,0,0,0,0,0,0,0,0,0,0,39,0,0,0,0,0,0,0,0,0,0,0,0,0,0,13,690,0,0,0,0,0,0,0,0,0,0,0,13,17,1450,0,0,0,0,0,0,0,0,0,0,0,17,3,330,0,0,0,0,0,0,0,0,0,0,0,3,5,742,0,0,0,0,0,0,0,0,0,0,0,5,1,218,0,0,0,0,0,0,0,0,0,0,0,1
2019,2020,557600,131800,2557600,1131800,55761318,6159,10,10,10,9,1,0,0,0,0,1,0,0,0,0,0,0,0,0,0,9,0,9,1,0,0,0,0,0,0,,,,,,,,,,,,,,,,,,,,,,,,,,,,0,9,1,0,0,0,0,0,0,11,1267,0,1,0,0,0,0,0,0,0,0,0,10,0,0,0,0,0,0,0,0,0,0,0,0,0,0,0,0,0,0,0,0,0,0,0,0,0,0,0,0,3,187,0,1,0,0,0,0,0,0,0,0,0,2,5,650,0,0,0,0,0,0,0,0,0,0,0,5,2,230,0,0,0,0,0,0,0,0,0,0,0,2,1,200,0,0,0,0,0,0,0,0,0,0,0,1
2019,2020,645700,134200,2645700,1134200,64571342,6181,1,1,1,0,1,0,0,0,0,0,0,0,0,0,0,0,0,0,0,1,0,0,0,1,0,0,0,0,0,,,,,,,,,,,,,,,,,,,,,,,,,,,,0,0,0,0,0,0,0,1,0,9,970,0,0,0,0,0,0,0,0,0,0,0,9,0,0,0,0,0,0,0,0,0,0,0,0,0,0,0,0,0,0,0,0,0,0,0,0,0,0,0,0,9,970,0,0,0,0,0,0,0,0,0,0,0,9,0,0,0,0,0,0,0,0,0,0,0,0,0,0,0,0,0,0,0,0,0,0,0,0,0,0,0,0,0,0,0,0,0,0,0,0,0,0,0,0,0,0
2019,2020,631800,129300,2631800,1129300,63181293,6191,1,1,1,1,0,0,0,0,0,0,0,0,0,0,0,0,0,0,0,1,0,0,1,0,0,0,0,0,0,,,,,,,,,,,,,,,,,,,,,,,,,,,,0,1,0,0,0,0,0,0,0,1,150,0,0,0,0,0,0,0,0,0,0,0,1,0,0,0,0,0,0,0,0,0,0,0,0,0,0,0,0,0,0,0,0,0,0,0,0,0,0,0,0,0,0,0,0,0,0,0,0,0,0,0,0,0,0,0,0,0,0,0,0,0,0,0,0,0,0,0,0,1,150,0,0,0,0,0,0,0,0,0,0,0,1,0,0,0,0,0,0,0,0,0,0,0,0,0,0
2019,2020,629300,141100,2629300,1141100,62931411,6192,2,2,2,2,0,0,0,0,0,1,0,0,0,0,0,0,0,0,0,1,0,1,1,0,0,0,0,0,0,,,,,,,,,,,,,,,,,,,,,,,,,,,,0,2,0,0,0,0,0,0,0,2,203,0,1,0,0,0,0,0,0,0,0,0,1,0,0,0,0,0,0,0,0,0,0,0,0,0,0,1,23,0,1,0,0,0,0,0,0,0,0,0,0,0,0,0,0,0,0,0,0,0,0,0,0,0,0,0,0,0,0,0,0,0,0,0,0,0,0,0,0,1,180,0,0,0,0,0,0,0,0,0,0,0,1,0,0,0,0,0,0,0,0,0,0,0,0,0,0
2019,2020,626400,129200,2626400,1129200,62641292,6198,1,1,1,1,0,0,0,0,0,0,0,0,0,0,0,0,0,0,0,1,0,1,0,0,0,0,0,0,0,,,,,,,,,,,,,,,,,,,,,,,,,,,,0,1,0,0,0,0,0,0,0,1,117,0,0,0,0,0,0,0,0,0,0,0,1,0,0,0,0,0,0,0,0,0,0,0,0,0,0,0,0,0,0,0,0,0,0,0,0,0,0,0,0,0,0,0,0,0,0,0,0,0,0,0,0,0,0,1,117,0,0,0,0,0,0,0,0,0,0,0,1,0,0,0,0,0,0,0,0,0,0,0,0,0,0,0,0,0,0,0,0,0,0,0,0,0,0,0,0
2019,2020,627900,128900,2627900,1128900,62791289,6199,4,4,4,2,2,0,0,0,1,0,0,0,0,1,0,0,0,0,0,2,0,2,0,2,0,0,0,0,0,,,,,,,,,,,,,,,,,,,,,,,,,,,,0,2,0,0,0,0,0,2,0,16,1808,1,0,0,0,0,1,0,0,0,0,0,14,0,0,0,0,0,0,0,0,0,0,0,0,0,0,1,26,0,0,0,0,0,1,0,0,0,0,0,0,2,193,0,0,0,0,0,0,0,0,0,0,0,2,8,956,0,0,0,0,0,0,0,0,0,0,0,8,5,633,1,0,0,0,0,0,0,0,0,0,0,4,0,0,0,0,0,0,0,0,0,0,0,0,0,0
2019,2020,627800,126000,2627800,1126000,62781260,6201,11,11,10,10,0,1,0,0,1,0,0,0,0,1,0,1,6,1,0,1,2,9,0,0,0,0,0,0,0,,,,,,,,,,,,,,,,,,,,,,,,,,,,0,10,1,0,0,0,0,0,0,12,1119,2,0,0,0,0,1,0,1,6,1,0,1,0,0,0,0,0,0,0,0,0,0,0,0,0,0,2,116,0,0,0,0,0,1,0,0,1,0,0,0,5,437,1,0,0,0,0,0,0,1,3,0,0,0,3,252,1,0,0,0,0,0,0,0,1,1,0,0,1,96,0,0,0,0,0,0,0,0,1,0,0,0,1,218,0,0,0,0,0,0,0,0,0,0,0,1
2019,2020,646700,134100,2646700,1134100,64671341,6203,3,3,2,2,0,1,0,0,1,0,0,0,0,0,0,0,0,0,1,1,0,2,1,0,0,0,0,0,0,,,,,,,,,,,,,,,,,,,,,,,,,,,,0,3,0,0,0,0,0,0,0,3,380,1,0,0,0,0,0,0,0,0,0,1,1,0,0,0,0,0,0,0,0,0,0,0,0,0,0,0,0,0,0,0,0,0,0,0,0,0,0,0,0,1,68,1,0,0,0,0,0,0,0,0,0,0,0,1,132,0,0,0,0,0,0,0,0,0,0,0,1,1,180,0,0,0,0,0,0,0,0,0,0,1,0,0,0,0,0,0,0,0,0,0,0,0,0,0,0
2019,2020,648600,136300,2648600,1136300,64861363,6205,7,7,7,1,6,0,0,0,0,0,0,0,0,0,1,0,3,0,2,1,0,0,6,1,0,0,0,0,0,,,,,,,,,,,,,,,,,,,,,,,,,,,,0,1,2,4,0,0,0,0,0,17,1479,0,0,0,0,0,0,3,0,7,0,4,3,1,25,0,0,0,0,0,0,0,0,1,0,0,0,0,0,0,0,0,0,0,0,0,0,0,0,0,0,7,420,0,0,0,0,0,0,2,0,4,0,1,0,3,244,0,0,0,0,0,0,1,0,0,0,1,1,4,478,0,0,0,0,0,0,0,0,1,0,2,1,2,312,0,0,0,0,0,0,0,0,1,0,0,1
2019,2020,568900,113400,2568900,1113400,56891134,6211,1,1,1,1,0,0,0,0,0,0,0,0,0,0,0,0,0,0,0,1,0,1,0,0,0,0,0,0,0,,,,,,,,,,,,,,,,,,,,,,,,,,,,0,1,0,0,0,0,0,0,0,1,134,0,0,0,0,0,0,0,0,0,0,0,1,0,0,0,0,0,0,0,0,0,0,0,0,0,0,0,0,0,0,0,0,0,0,0,0,0,0,0,0,0,0,0,0,0,0,0,0,0,0,0,0,0,0,0,0,0,0,0,0,0,0,0,0,0,0,0,0,1,134,0,0,0,0,0,0,0,0,0,0,0,1,0,0,0,0,0,0,0,0,0,0,0,0,0,0
2019,2020,569500,110900,2569500,1110900,56951109,6212,1,1,1,0,1,0,0,0,0,0,0,0,0,0,0,0,0,0,0,1,0,1,0,0,0,0,0,0,0,,,,,,,,,,,,,,,,,,,,,,,,,,,,0,0,0,0,1,0,0,0,0,4,280,0,0,0,0,0,0,0,0,0,0,0,4,0,0,0,0,0,0,0,0,0,0,0,0,0,0,0,0,0,0,0,0,0,0,0,0,0,0,0,0,0,0,0,0,0,0,0,0,0,0,0,0,0,0,4,280,0,0,0,0,0,0,0,0,0,0,0,4,0,0,0,0,0,0,0,0,0,0,0,0,0,0,0,0,0,0,0,0,0,0,0,0,0,0,0,0
2019,2020,568000,114200,2568000,1114200,56801142,6213,6,5,5,5,0,0,1,0,1,0,0,0,2,0,0,1,0,0,1,1,0,2,3,1,0,0,0,0,0,,,,,,,,,,,,,,,,,,,,,,,,,,,,0,6,0,0,0,0,0,0,0,6,967,1,0,0,0,2,0,0,1,0,0,1,1,0,0,0,0,0,0,0,0,0,0,0,0,0,0,0,0,0,0,0,0,0,0,0,0,0,0,0,0,1,126,1,0,0,0,0,0,0,0,0,0,0,0,2,244,0,0,0,0,0,0,0,0,0,0,1,1,1,137,0,0,0,0,0,0,0,1,0,0,0,0,2,460,0,0,0,0,2,0,0,0,0,0,0,0
2019,2020,564300,103600,2564300,1103600,56431036,6214,1,1,1,1,0,0,0,0,1,0,0,0,0,0,0,0,0,0,0,0,0,1,0,0,0,0,0,0,0,,,,,,,,,,,,,,,,,,,,,,,,,,,,0,1,0,0,0,0,0,0,0,1,80,1,0,0,0,0,0,0,0,0,0,0,0,0,0,0,0,0,0,0,0,0,0,0,0,0,0,0,0,0,0,0,0,0,0,0,0,0,0,0,0,0,0,0,0,0,0,0,0,0,0,0,0,0,0,0,0,0,0,0,0,0,0,0,0,0,0,0,0,1,80,1,0,0,0,0,0,0,0,0,0,0,0,0,0,0,0,0,0,0,0,0,0,0,0,0,0
2019,2020,565400,121300,2565400,1121300,56541213,6215,1,1,1,1,0,0,0,0,1,0,0,0,0,0,0,0,0,0,0,0,0,1,0,0,0,0,0,0,0,,,,,,,,,,,,,,,,,,,,,,,,,,,,0,1,0,0,0,0,0,0,0,1,60,1,0,0,0,0,0,0,0,0,0,0,0,0,0,0,0,0,0,0,0,0,0,0,0,0,0,0,0,0,0,0,0,0,0,0,0,0,0,0,0,0,0,0,0,0,0,0,0,0,0,0,0,0,0,1,60,1,0,0,0,0,0,0,0,0,0,0,0,0,0,0,0,0,0,0,0,0,0,0,0,0,0,0,0,0,0,0,0,0,0,0,0,0,0,0,0
2019,2020,605300,123800,2605300,1123800,60531238,6232,3,3,3,3,0,0,0,0,0,1,1,0,0,0,0,1,0,0,0,0,0,3,0,0,0,0,0,0,0,,,,,,,,,,,,,,,,,,,,,,,,,,,,0,3,0,0,0,0,0,0,0,3,295,0,1,1,0,0,0,0,1,0,0,0,0,0,0,0,0,0,0,0,0,0,0,0,0,0,0,1,60,0,0,0,0,0,0,0,1,0,0,0,0,1,80,0,0,1,0,0,0,0,0,0,0,0,0,0,0,0,0,0,0,0,0,0,0,0,0,0,0,1,155,0,1,0,0,0,0,0,0,0,0,0,0,0,0,0,0,0,0,0,0,0,0,0,0,0,0
2019,2020,601300,122200,2601300,1122200,60131222,6238,12,10,10,9,1,0,2,0,4,2,3,0,0,0,0,0,0,0,0,3,4,7,1,0,0,0,0,0,0,,,,,,,,,,,,,,,,,,,,,,,,,,,,0,11,1,0,0,0,0,0,0,13,865,4,3,3,0,0,0,0,0,0,0,0,3,0,0,0,0,0,0,0,0,0,0,0,0,0,0,1,35,0,0,1,0,0,0,0,0,0,0,0,0,7,260,3,3,1,0,0,0,0,0,0,0,0,0,2,200,1,0,1,0,0,0,0,0,0,0,0,0,3,370,0,0,0,0,0,0,0,0,0,0,0,3,0,0,0,0,0,0,0,0,0,0,0,0,0,0
2019,2020,600600,125300,2600600,1125300,60061253,6240,2,2,2,1,1,0,0,0,1,0,0,0,0,0,0,0,0,0,0,1,0,1,1,0,0,0,0,0,0,,,,,,,,,,,,,,,,,,,,,,,,,,,,0,1,1,0,0,0,0,0,0,3,284,2,0,0,0,0,0,0,0,0,0,0,1,0,0,0,0,0,0,0,0,0,0,0,0,0,0,0,0,0,0,0,0,0,0,0,0,0,0,0,0,2,134,2,0,0,0,0,0,0,0,0,0,0,0,0,0,0,0,0,0,0,0,0,0,0,0,0,0,1,150,0,0,0,0,0,0,0,0,0,0,0,1,0,0,0,0,0,0,0,0,0,0,0,0,0,0
2019,2020,608300,129000,2608300,1129000,60831290,6241,1,1,1,0,1,0,0,0,0,0,0,0,0,0,0,0,0,0,1,0,0,0,1,0,0,0,0,0,0,,,,,,,,,,,,,,,,,,,,,,,,,,,,0,0,0,0,0,0,1,0,0,6,620,0,0,0,0,0,0,0,0,0,0,6,0,0,0,0,0,0,0,0,0,0,0,0,0,0,0,0,0,0,0,0,0,0,0,0,0,0,0,0,0,2,140,0,0,0,0,0,0,0,0,0,0,2,0,0,0,0,0,0,0,0,0,0,0,0,0,0,0,4,480,0,0,0,0,0,0,0,0,0,0,4,0,0,0,0,0,0,0,0,0,0,0,0,0,0,0
2019,2020,607300,127000,2607300,1127000,60731270,6248,1,0,0,0,0,0,0,1,0,0,0,0,0,0,0,0,0,0,0,0,0,0,0,0,0,0,0,0,0,,,,,,,,,,,,,,,,,,,,,,,,,,,,0,0,0,0,0,0,0,0,0,0,0,0,0,0,0,0,0,0,0,0,0,0,0,0,0,0,0,0,0,0,0,0,0,0,0,0,0,0,0,0,0,0,0,0,0,0,0,0,0,0,0,0,0,0,0,0,0,0,0,0,0,0,0,0,0,0,0,0,0,0,0,0,0,0,0,0,0,0,0,0,0,0,0,0,0,0,0,0,0,0,0,0,0,0,0,0,0,0,0,0,0,0,0,0,0,0,0
2019,2020,607600,127900,2607600,1127900,60761279,6250,1,1,1,1,0,0,0,0,0,0,0,0,0,0,0,0,0,0,0,1,0,1,0,0,0,0,0,0,0,,,,,,,,,,,,,,,,,,,,,,,,,,,,0,1,0,0,0,0,0,0,0,1,160,0,0,0,0,0,0,0,0,0,0,0,1,0,0,0,0,0,0,0,0,0,0,0,0,0,0,0,0,0,0,0,0,0,0,0,0,0,0,0,0,0,0,0,0,0,0,0,0,0,0,0,0,0,0,0,0,0,0,0,0,0,0,0,0,0,0,0,0,1,160,0,0,0,0,0,0,0,0,0,0,0,1,0,0,0,0,0,0,0,0,0,0,0,0,0,0
2019,2020,610600,114200,2610600,1114200,61061142,6252,8,8,8,7,1,0,0,0,0,0,0,0,0,0,0,0,0,0,1,7,0,4,4,0,0,0,0,0,0,,,,,,,,,,,,,,,,,,,,,,,,,,,,0,7,1,0,0,0,0,0,0,9,1120,0,0,0,0,0,0,0,0,0,0,1,8,0,0,0,0,0,0,0,0,0,0,0,0,0,0,0,0,0,0,0,0,0,0,0,0,0,0,0,0,2,160,0,0,0,0,0,0,0,0,0,0,0,2,3,384,0,0,0,0,0,0,0,0,0,0,1,2,4,576,0,0,0,0,0,0,0,0,0,0,0,4,0,0,0,0,0,0,0,0,0,0,0,0,0,0
2019,2020,604400,129400,2604400,1129400,60441294,6253,15,14,14,11,3,0,1,0,0,0,0,2,0,0,0,0,0,0,0,13,1,8,6,0,0,0,0,0,0,,,,,,,,,,,,,,,,,,,,,,,,,,,,0,12,2,0,0,0,1,0,0,22,2819,0,0,0,7,0,0,0,0,0,0,0,15,4,159,0,0,0,3,0,0,0,0,0,0,0,1,0,0,0,0,0,0,0,0,0,0,0,0,0,0,5,435,0,0,0,3,0,0,0,0,0,0,0,2,4,677,0,0,0,0,0,0,0,0,0,0,0,4,9,1548,0,0,0,1,0,0,0,0,0,0,0,8,0,0,0,0,0,0,0,0,0,0,0,0,0,0
2019,2020,595800,124600,2595800,1124600,59581246,6261,1,1,1,0,1,0,0,0,0,0,0,0,0,0,0,0,0,0,0,1,0,0,0,1,0,0,0,0,0,,,,,,,,,,,,,,,,,,,,,,,,,,,,0,0,0,0,0,0,1,0,0,6,730,0,0,0,0,0,0,0,0,0,0,0,6,0,0,0,0,0,0,0,0,0,0,0,0,0,0,1,70,0,0,0,0,0,0,0,0,0,0,0,1,1,100,0,0,0,0,0,0,0,0,0,0,0,1,2,240,0,0,0,0,0,0,0,0,0,0,0,2,2,320,0,0,0,0,0,0,0,0,0,0,0,2,0,0,0,0,0,0,0,0,0,0,0,0,0,0
2019,2020,595800,123200,2595800,1123200,59581232,6263,6,6,6,6,0,0,0,0,0,0,0,0,0,0,2,0,0,0,0,4,0,6,0,0,0,0,0,0,0,,,,,,,,,,,,,,,,,,,,,,,,,,,,0,6,0,0,0,0,0,0,0,6,1315,0,0,0,0,0,0,2,0,0,0,0,4,0,0,0,0,0,0,0,0,0,0,0,0,0,0,0,0,0,0,0,0,0,0,0,0,0,0,0,0,0,0,0,0,0,0,0,0,0,0,0,0,0,0,0,0,0,0,0,0,0,0,0,0,0,0,0,0,5,970,0,0,0,0,0,0,1,0,0,0,0,4,1,345,0,0,0,0,0,0,1,0,0,0,0,0
2019,2020,593000,122000,2593000,1122000,59301220,6265,1,1,1,0,1,0,0,0,1,0,0,0,0,0,0,0,0,0,0,0,0,1,0,0,0,0,0,0,0,,,,,,,,,,,,,,,,,,,,,,,,,,,,0,0,1,0,0,0,0,0,0,2,134,2,0,0,0,0,0,0,0,0,0,0,0,0,0,0,0,0,0,0,0,0,0,0,0,0,0,0,0,0,0,0,0,0,0,0,0,0,0,0,0,2,134,2,0,0,0,0,0,0,0,0,0,0,0,0,0,0,0,0,0,0,0,0,0,0,0,0,0,0,0,0,0,0,0,0,0,0,0,0,0,0,0,0,0,0,0,0,0,0,0,0,0,0,0,0,0
2019,2020,594000,120100,2594000,1120100,59401201,6266,4,1,1,1,0,0,3,0,0,2,0,0,0,0,0,0,1,0,1,0,0,2,2,0,0,0,0,0,0,,,,,,,,,,,,,,,,,,,,,,,,,,,,0,4,0,0,0,0,0,0,0,4,330,0,2,0,0,0,0,0,0,1,0,1,0,1,15,0,0,0,0,0,0,0,0,1,0,0,0,0,0,0,0,0,0,0,0,0,0,0,0,0,0,1,90,0,1,0,0,0,0,0,0,0,0,0,0,1,120,0,1,0,0,0,0,0,0,0,0,0,0,1,105,0,0,0,0,0,0,0,0,0,0,1,0,0,0,0,0,0,0,0,0,0,0,0,0,0,0
2019,2020,632800,128700,2632800,1128700,63281287,6281,3,3,2,1,1,1,0,0,0,0,1,0,0,1,0,0,1,0,0,0,0,0,3,0,0,0,0,0,0,,,,,,,,,,,,,,,,,,,,,,,,,,,,0,2,1,0,0,0,0,0,0,4,440,0,0,1,0,0,2,0,0,1,0,0,0,1,30,0,0,0,0,0,1,0,0,0,0,0,0,0,0,0,0,0,0,0,0,0,0,0,0,0,0,0,0,0,0,0,0,0,0,0,0,0,0,0,0,0,0,0,0,0,0,0,0,0,0,0,0,0,0,2,230,0,0,1,0,0,1,0,0,0,0,0,0,1,180,0,0,0,0,0,0,0,0,1,0,0,0
2019,2020,630900,116000,2630900,1116000,63091160,6285,10,10,10,9,1,0,0,0,0,1,0,2,3,0,0,0,0,0,2,2,2,7,0,1,0,0,0,0,0,,,,,,,,,,,,,,,,,,,,,,,,,,,,0,9,0,0,0,0,0,0,1,24,1588,0,1,0,2,3,0,0,0,0,0,16,2,0,0,0,0,0,0,0,0,0,0,0,0,0,0,9,303,0,1,0,1,1,0,0,0,0,0,6,0,3,195,0,0,0,1,0,0,0,0,0,0,2,0,10,964,0,0,0,0,2,0,0,0,0,0,8,0,2,126,0,0,0,0,0,0,0,0,0,0,0,2,0,0,0,0,0,0,0,0,0,0,0,0,0,0
2019,2020,637800,111600,2637800,1111600,63781116,6289,2,2,2,1,1,0,0,0,0,0,0,0,0,0,0,0,0,1,0,1,0,0,2,0,0,0,0,0,0,,,,,,,,,,,,,,,,,,,,,,,,,,,,0,1,1,0,0,0,0,0,0,3,448,0,0,0,0,0,0,0,0,0,2,0,1,0,0,0,0,0,0,0,0,0,0,0,0,0,0,0,0,0,0,0,0,0,0,0,0,0,0,0,0,0,0,0,0,0,0,0,0,0,0,0,0,0,0,3,448,0,0,0,0,0,0,0,0,0,2,0,1,0,0,0,0,0,0,0,0,0,0,0,0,0,0,0,0,0,0,0,0,0,0,0,0,0,0,0,0
2019,2020,637700,106300,2637700,1106300,63771063,6290,6,3,3,2,1,0,3,0,0,0,1,2,1,1,0,0,0,0,0,1,0,1,1,2,2,0,0,0,0,,,,,,,,,,,,,,,,,,,,,,,,,,,,1,4,0,0,0,0,0,0,1,15,1205,0,0,0,2,11,1,0,0,0,0,0,1,0,0,0,0,0,0,0,0,0,0,0,0,0,0,4,238,0,0,0,0,4,0,0,0,0,0,0,0,5,386,0,0,0,2,2,1,0,0,0,0,0,0,5,451,0,0,0,0,4,0,0,0,0,0,0,1,1,130,0,0,0,0,1,0,0,0,0,0,0,0,0,0,0,0,0,0,0,0,0,0,0,0,0,0
2019,2020,638600,108100,2638600,1108100,63861081,6291,7,7,7,2,5,0,0,0,0,0,0,0,0,0,0,0,0,0,0,7,0,2,0,0,5,0,0,0,0,,,,,,,,,,,,,,,,,,,,,,,,,,,,0,2,0,0,0,0,0,0,5,92,8064,0,0,0,0,0,0,0,0,0,0,0,92,0,0,0,0,0,0,0,0,0,0,0,0,0,0,26,1629,0,0,0,0,0,0,0,0,0,0,0,26,40,3460,0,0,0,0,0,0,0,0,0,0,0,40,25,2685,0,0,0,0,0,0,0,0,0,0,0,25,1,290,0,0,0,0,0,0,0,0,0,0,0,1,0,0,0,0,0,0,0,0,0,0,0,0,0,0
2019,2020,628100,113900,2628100,1113900,62811139,6292,3,3,3,2,1,0,0,0,0,0,0,0,1,0,0,0,0,0,0,2,0,3,0,0,0,0,0,0,0,,,,,,,,,,,,,,,,,,,,,,,,,,,,0,2,0,0,0,1,0,0,0,7,677,0,0,0,0,5,0,0,0,0,0,0,2,0,0,0,0,0,0,0,0,0,0,0,0,0,0,0,0,0,0,0,0,0,0,0,0,0,0,0,0,3,122,0,0,0,0,3,0,0,0,0,0,0,0,3,333,0,0,0,0,2,0,0,0,0,0,0,1,1,222,0,0,0,0,0,0,0,0,0,0,0,1,0,0,0,0,0,0,0,0,0,0,0,0,0,0
2019,2020,633300,120300,2633300,1120300,63331203,6293,2,2,2,2,0,0,0,0,0,0,0,0,0,0,0,0,0,0,0,2,0,0,2,0,0,0,0,0,0,,,,,,,,,,,,,,,,,,,,,,,,,,,,0,2,0,0,0,0,0,0,0,2,435,0,0,0,0,0,0,0,0,0,0,0,2,0,0,0,0,0,0,0,0,0,0,0,0,0,0,0,0,0,0,0,0,0,0,0,0,0,0,0,0,0,0,0,0,0,0,0,0,0,0,0,0,0,0,0,0,0,0,0,0,0,0,0,0,0,0,0,0,2,435,0,0,0,0,0,0,0,0,0,0,0,2,0,0,0,0,0,0,0,0,0,0,0,0,0,0
2019,2020,632900,124700,2632900,1124700,63291247,6299,2,2,2,1,1,0,0,0,1,0,0,0,0,0,0,0,0,1,0,0,0,2,0,0,0,0,0,0,0,,,,,,,,,,,,,,,,,,,,,,,,,,,,0,1,1,0,0,0,0,0,0,3,240,2,0,0,0,0,0,0,0,0,1,0,0,0,0,0,0,0,0,0,0,0,0,0,0,0,0,0,0,0,0,0,0,0,0,0,0,0,0,0,0,3,240,2,0,0,0,0,0,0,0,0,1,0,0,0,0,0,0,0,0,0,0,0,0,0,0,0,0,0,0,0,0,0,0,0,0,0,0,0,0,0,0,0,0,0,0,0,0,0,0,0,0,0,0,0,0
2019,2020,623900,96500,2623900,1096500,62390965,6300,20,15,14,3,11,1,5,0,4,0,2,6,3,2,1,0,1,0,0,1,2,2,2,3,5,3,3,0,0,,,,,,,,,,,,,,,,,,,,,,,,,,,,2,5,2,0,2,0,1,0,8,196,11805,5,0,1,117,30,33,0,0,4,0,0,6,63,1403,1,0,0,42,2,18,0,0,0,0,0,0,44,2217,1,0,1,33,4,4,0,0,0,0,0,1,55,4317,3,0,0,22,16,9,0,0,2,0,0,3,33,3708,0,0,0,20,8,2,0,0,1,0,0,2,1,160,0,0,0,0,0,0,0,0,1,0,0,0,0,0,0,0,0,0,0,0,0,0,0,0,0,0
2019,2020,556500,203700,2556500,1203700,55652037,6407,1,1,1,1,0,0,0,0,0,0,1,0,0,0,0,0,0,0,0,0,0,0,1,0,0,0,0,0,0,,,,,,,,,,,,,,,,,,,,,,,,,,,,0,1,0,0,0,0,0,0,0,1,161,0,0,1,0,0,0,0,0,0,0,0,0,0,0,0,0,0,0,0,0,0,0,0,0,0,0,0,0,0,0,0,0,0,0,0,0,0,0,0,0,0,0,0,0,0,0,0,0,0,0,0,0,0,0,0,0,0,0,0,0,0,0,0,0,0,0,0,0,1,161,0,0,1,0,0,0,0,0,0,0,0,0,0,0,0,0,0,0,0,0,0,0,0,0,0,0
2019,2020,552200,203200,2552200,1203200,55222032,6413,1,1,1,1,0,0,0,0,0,0,0,1,0,0,0,0,0,0,0,0,1,0,0,0,0,0,0,0,0,,,,,,,,,,,,,,,,,,,,,,,,,,,,0,1,0,0,0,0,0,0,0,1,144,0,0,0,1,0,0,0,0,0,0,0,0,0,0,0,0,0,0,0,0,0,0,0,0,0,0,0,0,0,0,0,0,0,0,0,0,0,0,0,0,0,0,0,0,0,0,0,0,0,0,0,0,0,0,0,0,0,0,0,0,0,0,0,0,0,0,0,0,1,144,0,0,0,1,0,0,0,0,0,0,0,0,0,0,0,0,0,0,0,0,0,0,0,0,0,0
2019,2020,544300,213300,2544300,1213300,54432133,6431,1,0,0,0,0,0,0,1,0,0,0,0,0,0,0,0,0,0,0,0,0,0,0,0,0,0,0,0,0,,,,,,,,,,,,,,,,,,,,,,,,,,,,0,0,0,0,0,0,0,0,0,0,0,0,0,0,0,0,0,0,0,0,0,0,0,0,0,0,0,0,0,0,0,0,0,0,0,0,0,0,0,0,0,0,0,0,0,0,0,0,0,0,0,0,0,0,0,0,0,0,0,0,0,0,0,0,0,0,0,0,0,0,0,0,0,0,0,0,0,0,0,0,0,0,0,0,0,0,0,0,0,0,0,0,0,0,0,0,0,0,0,0,0,0,0,0,0,0,0
2019,2020,536700,203600,2536700,1203600,53672036,6432,1,1,1,1,0,0,0,0,1,0,0,0,0,0,0,0,0,0,0,0,0,1,0,0,0,0,0,0,0,,,,,,,,,,,,,,,,,,,,,,,,,,,,0,1,0,0,0,0,0,0,0,1,65,1,0,0,0,0,0,0,0,0,0,0,0,0,0,0,0,0,0,0,0,0,0,0,0,0,0,0,0,0,0,0,0,0,0,0,0,0,0,0,0,0,0,0,0,0,0,0,0,0,0,0,0,0,0,0,0,0,0,0,0,0,0,0,0,0,0,0,0,1,65,1,0,0,0,0,0,0,0,0,0,0,0,0,0,0,0,0,0,0,0,0,0,0,0,0,0
2019,2020,571600,211600,2571600,1211600,57162116,6455,25,0,0,0,0,0,0,25,0,0,0,0,0,0,0,0,0,0,0,0,0,0,0,0,0,0,0,0,0,,,,,,,,,,,,,,,,,,,,,,,,,,,,0,0,0,0,0,0,0,0,0,0,0,0,0,0,0,0,0,0,0,0,0,0,0,0,0,0,0,0,0,0,0,0,0,0,0,0,0,0,0,0,0,0,0,0,0,0,0,0,0,0,0,0,0,0,0,0,0,0,0,0,0,0,0,0,0,0,0,0,0,0,0,0,0,0,0,0,0,0,0,0,0,0,0,0,0,0,0,0,0,0,0,0,0,0,0,0,0,0,0,0,0,0,0,0,0,0,0
2019,2020,567200,206900,2567200,1206900,56722069,6461,1,0,0,0,0,0,0,1,0,0,0,0,0,0,0,0,0,0,0,0,0,0,0,0,0,0,0,0,0,,,,,,,,,,,,,,,,,,,,,,,,,,,,0,0,0,0,0,0,0,0,0,0,0,0,0,0,0,0,0,0,0,0,0,0,0,0,0,0,0,0,0,0,0,0,0,0,0,0,0,0,0,0,0,0,0,0,0,0,0,0,0,0,0,0,0,0,0,0,0,0,0,0,0,0,0,0,0,0,0,0,0,0,0,0,0,0,0,0,0,0,0,0,0,0,0,0,0,0,0,0,0,0,0,0,0,0,0,0,0,0,0,0,0,0,0,0,0,0,0
2019,2020,604800,243600,2604800,1243600,60482436,6715,1,1,1,1,0,0,0,0,0,0,0,0,0,0,0,0,0,1,0,0,1,0,0,0,0,0,0,0,0,,,,,,,,,,,,,,,,,,,,,,,,,,,,0,1,0,0,0,0,0,0,0,1,130,0,0,0,0,0,0,0,0,0,1,0,0,0,0,0,0,0,0,0,0,0,0,0,0,0,0,0,0,0,0,0,0,0,0,0,0,0,0,0,0,0,0,0,0,0,0,0,0,0,0,0,0,0,0,1,130,0,0,0,0,0,0,0,0,0,1,0,0,0,0,0,0,0,0,0,0,0,0,0,0,0,0,0,0,0,0,0,0,0,0,0,0,0,0,0,0
