,GMDE,...2.x,...3.x,...4.x,...5.x,...6.x,...7.x,...8.x,...9.x,...10.x,...11.x,...12.x,...13.x,...14.x,...15.x,...16.x,...17.x,...18.x,...19.x,...20.x,...21.x,...22.x,...23.x,...24.x,...25.x,...26.x,...27.x,...28.x,...29.x,...30.x,...31.x,...32.x,...33.x,...34.x,...35.x,...36.x,...37.x,...38.x,...39.x,...40.x,...41.x,...42.x,T21.3.1.x,...2.y,...3.y,...4.y,...5.y,...6.y,...7.y,...8.y,...9.y,...10.y,...11.y,...12.y,...13.y,...14.y,...15.y,...16.y,...17.y,...18.y,...19.y,...20.y,...21.y,...22.y,...23.y,...24.y,...25.y,...26.y,...27.y,...28.y,...29.y,...30.y,...31.y,...32.y,...33.y,...34.y,...35.y,...36.y,...37.y,...38.y,...39.y,...40.y,...41.y,...42.y,T21.3.1.y,...2.x.x,...3.x.x,...4.x.x,...5.x.x,...6.x.x,...7.x.x,...8.x.x,...9.x.x,...10.x.x,...11.x.x,...12.x.x,...13.x.x,...14.x.x,...15.x.x,...16.x.x,...17.x.x,...18.x.x,...19.x.x,...20.x.x,...21.x.x,...22.x.x,...23.x.x,...24.x.x,...25.x.x,...26.x.x,...27.x.x,...28.x.x,...29.x.x,...30.x.x,...31.x.x,...32.x.x,...33.x.x,...34.x.x,...35.x.x,...36.x.x,...37.x.x,...38.x.x,...39.x.x,...40.x.x,...41.x.x,...42.x.x,T21.3.1,...2.y.y,...3.y.y,...4.y.y,...5.y.y,...6.y.y,...7.y.y,...8.y.y,...9.y.y,...10.y.y,...11.y.y,...12.y.y,...13.y.y,...14.y.y,...15.y.y,...16.y.y,...17.y.y,...18.y.y,...19.y.y,...20.y.y,...21.y.y,...22.y.y,...23.y.y,...24.y.y,...25.y.y,...26.y.y,...27.y.y,...28.y.y,...29.y.y,...30.y.y,...31.y.y,...32.y.y,...33.y.y,...34.y.y,...35.y.y,...36.y.y,...37.y.y,...38.y.y,...39.y.y,...40.y.y,...41.y.y,...42.y.y,...43.x,...2.x.x.x,...3.x.x.x,...4.x.x.x,...5.x.x.x,...6.x.x.x,...7.x.x.x,...8.x.x.x,...9.x.x.x,...10.x.x.x,...11.x.x.x,...12.x.x.x,...13.x.x.x,...14.x.x.x,...15.x.x.x,...16.x.x.x,...17.x.x.x,...18.x.x.x,...19.x.x.x,...20.x.x.x,...21.x.x.x,...22.x.x.x,...23.x.x.x,...24.x.x.x,...25.x.x.x,...26.x.x.x,...27.x.x.x,...28.x.x.x,...29.x.x.x,...30.x.x.x,...31.x.x.x,...32.x.x.x,...33.x.x.x,...34.x.x.x,...35.x.x.x,...36.x.x.x,...37.x.x.x,...38.x.x.x,...39.x.x.x,...40.x.x.x,...41.x.x.x,...42.x.x.x,...43.y,...2.y.y.y,...3.y.y.y,...4.y.y.y,...5.y.y.y,...6.y.y.y,...7.y.y.y,...8.y.y.y,...9.y.y.y,...10.y.y.y,...11.y.y.y,...12.y.y.y,...13.y.y.y,...14.y.y.y,...15.y.y.y,...16.y.y.y,...17.y.y.y,...18.y.y.y,...19.y.y.y,...20.y.y.y,...21.y.y.y,...22.y.y.y,...23.y.y.y,...24.y.y.y,...25.y.y.y,...26.y.y.y,...27.y.y.y,...28.y.y.y,...29.y.y.y,...30.y.y.y,...31.y.y.y,...32.y.y.y,...33.y.y.y,...34.y.y.y,...35.y.y.y,...36.y.y.y,...37.y.y.y,...38.y.y.y,...39.y.y.y,...40.y.y.y,...41.y.y.y,...42.y.y.y,...43.x.x,...44.x,...45.x,...46.x,...47.x,...2.x.x.x.x,...3.x.x.x.x,...4.x.x.x.x,...5.x.x.x.x,...6.x.x.x.x,...7.x.x.x.x,...8.x.x.x.x,...9.x.x.x.x,...10.x.x.x.x,...11.x.x.x.x,...12.x.x.x.x,...13.x.x.x.x,...14.x.x.x.x,...15.x.x.x.x,...16.x.x.x.x,...17.x.x.x.x,...18.x.x.x.x,...19.x.x.x.x,...20.x.x.x.x,...21.x.x.x.x,...22.x.x.x.x,...23.x.x.x.x,...24.x.x.x.x,...25.x.x.x.x,...26.x.x.x.x,...27.x.x.x.x,...28.x.x.x.x,...29.x.x.x.x,...30.x.x.x.x,...31.x.x.x.x,...32.x.x.x.x,...33.x.x.x.x,...34.x.x.x.x,...35.x.x.x.x,...36.x.x.x.x,...37.x.x.x.x,...38.x.x.x.x,...39,...40,...41,...42,...43.y.y,...44.y,...45.y,...46.y,...47.y,...2.y.y.y.y,...3.y.y.y.y,...4.y.y.y.y,...5.y.y.y.y,...6.y.y.y.y,...7.y.y.y.y,...8.y.y.y.y,...9.y.y.y.y,...10.y.y.y.y,...11.y.y.y.y,...12.y.y.y.y,...13.y.y.y.y,...14.y.y.y.y,...15.y.y.y.y,...16.y.y.y.y,...17.y.y.y.y,...18.y.y.y.y,...19.y.y.y.y,...20.y.y.y.y,...21.y.y.y.y,...22.y.y.y.y,...23.y.y.y.y,...24.y.y.y.y,...25.y.y.y.y,...26.y.y.y.y,...27.y.y.y.y,...28.y.y.y.y,...29.y.y.y.y,...30.y.y.y.y,...31.y.y.y.y,...32.y.y.y.y,...33.y.y.y.y,...34.y.y.y.y,...35.y.y.y.y,...36.y.y.y.y,...37.y.y.y.y,...38.y.y.y.y,...2,...3,...4,...5,...6,...7,...8,...9,...10,...11,...12,...13,...14,...15,...16,...17,...18,...19,...20,...21,...22,...23,...24,...25,...26,...27,...28,...29,...30,...31,...32,...33,...34,...35,...36,...37,...38
1,,,BevÃ¶lkerun,,,,Altersverteilung in %,,,Bevï¿½ï¿½lkerungsbewegung (in ,,,,Haushalte,,Flï¿½ï¿,,,,,,,Wirtschaft,,,,,,,,Bau- und Wohnungswesen,,Soziale Sicherheit,Wï¿½ï¿½hleranteile ausgewï¿½ï¿½hlter Parteien in % (tiolrat,,,,,,,,,,,Bevï¿½ï¿½lke,,,,Altersverteilung in %,,,Bevï¿½ï¿½lkerungsbewegung (in ,,,,Haushalte,,Flï¿½ï¿½ch,,,,,,,Wirtschaft 2),,,,,,,,Bau- und Wohnungswesen,,Soziale Sicherheit,Wï¿½ï¿½hleranteile ausgewï¿½ï¿½hlter Parteien in % (tiolrat,,,,,,,,,,,Bevï¿½ï¿½lke,,,,Altersverteilung in %,,,Bevï¿½ï¿½lkerungsbewegung (in ,,,,Haushalte,,Flï¿½ï¿½ch,,,,,,,Wirtschaft 2),,,,,,,,Bau- und Wohnungswesen,,Soziale Sicherheit,Wï¿½ï¿½hleranteile der Parteien in % (tiolratswah,,,,,,,,,,,Bevï¿½ï¿½lke,,,,Altersverteilung in %,,,Bevï¿½ï¿½lkerungsbewegung (in ,,,,Haushalte,,Flï¿½ï¿,,,,,,,Wirtschaft 1),,,,,,,,Bau- und Wohnungswesen,,Soziale Sicherheit,Wï¿½ï¿½hleranteile der Parteien in % (tiolratswah,,,,,,,,,,,Bevï¿½ï¿½lke,,,,Altersverteilung in %,,,Bevï¿½ï¿½lkerungsbewegung (in ,,,,Haushalte,,Flï¿½ï¿,,,,,,,Wirtschaft 1),,,,,,,,Bau- und Wohnungswesen,,Soziale Sicherheit,Wï¿½ï¿½hleranteile der Parteien in % (tiolratswah,,,,,,,,,,,Bevï¿½ï¿½lke,,,,Altersverteilung in %,,,Bevï¿½ï¿½lkerungsbewegung (in ,,,,Haushalte,,Flï¿½ï¿,,,,,,,Wirtschaft 1),,,,,,,,Bau- und Wohnungswesen,,Soziale Sicherheit,Wï¿½ï¿½hleranteile der Parteien in % (tiolratswah,,,,,,,,,,,Straftaten in ï¿½ï¿½ï¿½ der Gesamtbevï¿½,,,,Bevï¿½ï¿½lke,,,,Altersverteilung in %,,,Bevï¿½ï¿½lkerungsbewegung (in ,,,,Haushalte,,Flï¿½ï¿,,,,,,,Wirtschaft 1),,,,,,,,Bau- und Wohnungswesen,,Soziale Sicherheit,Wï¿½ï¿½hleranteile der Parteien in % (tiolratswah,,,,,,,,,,,Straftaten in ï¿½ï¿½ï¿½ der Gesamtbevï¿½,,,,Bevï¿½ï¿½lke,,,,,,Altersverteilung in %,,,Flï¿½ï¿,,,,,Wirtschaft 1),,,,,,,,Wohnen,,Soziale Sicherheit,Wï¿½ï¿½hleranteile der Parteien in % (tiolratswah,,,,,,,,,,,,Bevï¿½ï¿½lke,,,,,,Altersverteilung in %,,,Flï¿½ï¿,,,,,Wirtschaft,,,,,,,,Wohnen,,Soziale Sicherheit,Wï¿½ï¿½hleranteile der Parteien in % (tiolratswah,,,,,,,,,,
2,,,,,,,,,,,,,,,,,,,,,,,,,,,,,,,,,,,,,,,,,,,,,,,,,,,,,,,,,,,,,,,,,,,,,,,,,,,,,,,,,,,,,,,,,,,,,,,,,,,,,,,,,,,,,,,,,,,,,,,,,,,,,,,,,,,,,,,,,,,,,,,,,,,,,,,,,,,,,,,,,,,,,,,,,,,,,,,,,,,,,,,,,,,,,,,,,,,,,,,,,,,,,,,,,,,,,,,,,,,,,,,,,,,,,,,,,,,,,,,,,,,,,,,,,,,,,,,,,,,,,,,,,,,,,,,,,,,,,,,,,,,,,,,,,,,,,,,,,,,,,,,,,,,,,,,,,,,,,,,,,,,,,,,,,,,,,,,,,,,,,,,,,,,,,,,,,,,,,,,,,,,,,,,,,,,,,,,,,
3,Gemeindecode,Gemeindeme,Einwohner,VerÃ¤nderung in ,Bevï¿½ï¿½lkerungs-dichte pro ,Auslï¿½ï¿½nder ,0-19 Jahre,20-64 Jahre,65 Jahre und mehr,Rohe Heiratssziffer,Rohe Scheidungsziffer,Rohe Geburtenziffer,Rohe Sterbeziffer,Anzahl Privathaushalte,Durchschnittliche Haushaltsgrï¿½ï¿½sse in Pers,Gesamtflï¿½ï¿½che in kmï,Siedlungsflï¿½ï¿½che ,Verï¿½ï¿½nderung i,Landwirtschafts-flï¿½ï¿½che ,Verï¿½ï¿½nderung i,Wald und Gehï¿½ï¿½lze ,Unproduktive Flï¿½ï¿½che ,Beschï¿½ï¿½ftigte t,im 1. Sektor,im 2. Sektor,im 3. Sektor,Arbeitsstï¿½ï¿½tten t,im 1. Sektor,im 2. Sektor,im 3. Sektor,Leerwohnungs-ziffer,Neu gebaute Wohnungen pro 1000 Einwohner,Sozialhilfequote,FDP 2),CVP,SP,SVP,EVP/CSP,GLP,BDP,PdA/Sol.,GPS,Kleine Rechtsparteien,Gemeindeme,Einwohner,Verï¿½ï¿½nderung ,Bevï¿½ï¿½lkerungs-dichte pro ,Auslï¿½ï¿½nder ,0-19 Jahre,20-64 Jahre,65 Jahre und mehr,Rohe Heiratssziffer,Rohe Scheidungsziffer,Rohe Geburtenziffer,Rohe Sterbeziffer,Anzahl Privathaushalte,Durchschnittliche Haushaltsgrï¿½ï¿½sse in Pers,Gesamtflï¿½ï¿½che in ,Siedlungsflï¿½ï¿½che ,Verï¿½ï¿½nderung i,Landwirtschafts-flï¿½ï¿½che ,Verï¿½ï¿½nderung i,Wald und Gehï¿½ï¿½lze ,Unproduktive Flï¿½ï¿½che ,Beschï¿½ï¿½ftigte t,im 1. Sektor,im 2. Sektor,im 3. Sektor,Arbeitsstï¿½ï¿½tten t,im 1. Sektor,im 2. Sektor,im 3. Sektor,Leerwohnungs-ziffer,Neu gebaute Wohnungen pro 1000 Einwohner,Sozialhilfequote 3),FDP 4),CVP,SP,SVP,EVP/CSP,GLP,BDP,PdA/Sol.,GPS,Kleine Rechtsparteien,Gemeindeme,Einwohner,Verï¿½ï¿½nderung ,Bevï¿½ï¿½lkerungs-dichte pro ,Auslï¿½ï¿½nder ,0-19 Jahre,20-64 Jahre,65 Jahre und mehr,Rohe Heiratssziffer,Rohe Scheidungsziffer,Rohe Geburtenziffer,Rohe Sterbeziffer,Anzahl Privathaushalte,Durchschnittliche Haushaltsgrï¿½ï¿½sse in Pers,Gesamtflï¿½ï¿½che in ,Siedlungsflï¿½ï¿½che ,Verï¿½ï¿½nderung i,Landwirtschafts-flï¿½ï¿½che ,Verï¿½ï¿½nderung i,Wald und Gehï¿½ï¿½lze ,Unproduktive Flï¿½ï¿½che ,Beschï¿½ï¿½ftigte t,im 1. Sektor,im 2. Sektor,im 3. Sektor,Arbeitsstï¿½ï¿½tten t,im 1. Sektor,im 2. Sektor,im 3. Sektor,Leerwohnungs-ziffer,Neu gebaute Wohnungen pro 1000 Einwohner,Sozialhilfequote,FDP 3),CVP,SP,SVP,EVP/CSP,GLP,BDP,PdA/Sol.,GPS,Kleine Rechtsparteien,Gemeindeme,Einwohner,Verï¿½ï¿½nderung ,Bevï¿½ï¿½lkerungs-dichte pro ,Auslï¿½ï¿½nder ,0-19 Jahre,20-64 Jahre,65 Jahre und mehr,Rohe Heiratssziffer,Rohe Scheidungsziffer,Rohe Geburtenziffer,Rohe Sterbeziffer,Anzahl Privathaushalte,Durchschnittliche Haushaltsgrï¿½ï¿½sse in Pers,Gesamtflï¿½ï¿½che in ,Siedlungsflï¿½ï¿½che ,Verï¿½ï¿½nderung i,Landwirtschafts-flï¿½ï¿½che ,Verï¿½ï¿½nderung i,Wald und Gehï¿½ï¿½lze ,Unproduktive Flï¿½ï¿½che ,Beschï¿½ï¿½ftigte t,im 1. Sektor,im 2. Sektor,im 3. Sektor,Arbeitsstï¿½ï¿½tten t,im 1. Sektor,im 2. Sektor,im 3. Sektor,Leerwohnungs-ziffer,Neu gebaute Wohnungen pro 1000 Einwohner,Sozialhilfequote,FDP 2),CVP,SP,SVP,EVP/CSP,GLP,BDP,PdA/Sol.,GPS,Kleine Rechtsparteien,Gemeindeme,Einwohner,Verï¿½ï¿½nderung ,Bevï¿½ï¿½lkerungs-dichte pro ,Auslï¿½ï¿½nder ,0-19 Jahre,20-64 Jahre,65 Jahre und mehr,Rohe Heiratssziffer,Rohe Scheidungsziffer,Rohe Geburtenziffer,Rohe Sterbeziffer,Anzahl Privathaushalte,Durchschnittliche Haushaltsgrï¿½ï¿½sse in Pers,Gesamtflï¿½ï¿½che in ,Siedlungsflï¿½ï¿½che ,Verï¿½ï¿½nderung i,Landwirtschafts-flï¿½ï¿½che ,Verï¿½ï¿½nderung i,Wald und Gehï¿½ï¿½lze ,Unproduktive Flï¿½ï¿½che ,Beschï¿½ï¿½ftigte t,im 1. Sektor,im 2. Sektor,im 3. Sektor,Arbeitsstï¿½ï¿½tten t,im 1. Sektor,im 2. Sektor,im 3. Sektor,Leerwohnungs-ziffer,Neu gebaute Wohnungen pro 1000 Einwohner,Sozialhilfequote,FDP 2),CVP,SP,SVP,EVP/CSP,GLP,BDP,PdA/Sol.,GPS,Kleine Rechtsparteien,Gemeindeme,Einwohner,Verï¿½ï¿½nderung ,Bevï¿½ï¿½lkerungs-dichte pro ,Auslï¿½ï¿½nder ,0-19 Jahre,20-64 Jahre,65 Jahre und mehr,Rohe Heiratssziffer,Rohe Scheidungsziffer,Rohe Geburtenziffer,Rohe Sterbeziffer,Anzahl Privathaushalte,Durchschnittliche Haushaltsgrï¿½ï¿½sse in Pers,Gesamtflï¿½ï¿½che in ,Siedlungsflï¿½ï¿½che ,Verï¿½ï¿½nderung i,Landwirtschafts-flï¿½ï¿½che ,Verï¿½ï¿½nderung i,Wald und Gehï¿½ï¿½lze ,Unproduktive Flï¿½ï¿½che ,Beschï¿½ï¿½ftigte t,im 1. Sektor,im 2. Sektor,im 3. Sektor,Arbeitsstï¿½ï¿½tten t,im 1. Sektor,im 2. Sektor,im 3. Sektor,Leerwohnungs-ziffer,Neu gebaute Wohnungen pro 1000 Einwohner,Sozialhilfequote,FDP 2),CVP,SP,SVP,EVP/CSP,GLP,BDP,PdA/Sol.,GPS,Kleine Rechtsparteien,ýýbrige Parteien,gemï¿½ï¿½ss Strafgesetzbuch (S,gemï¿½ï¿½ss Betï¿½ï¿½ubungsmittel-gesetz,gemï¿½ï¿½ss Auslï¿½ï¿½ndergese,Gemeindeme,Einwohner,Verï¿½ï¿½nderung ,Bevï¿½ï¿½lkerungs-dichte pro ,Auslï¿½ï¿½nder ,0-19 Jahre,20-64 Jahre,65 Jahre und mehr,Rohe Heiratssziffer,Rohe Scheidungsziffer,Rohe Geburtenziffer,Rohe Sterbeziffer,Anzahl Privathaushalte,Durchschnittliche Haushaltsgrï¿½ï¿½sse in Pers,Gesamtflï¿½ï¿½che in ,Siedlungsflï¿½ï¿½che ,Verï¿½ï¿½nderung i,Landwirtschafts-flï¿½ï¿½che ,Verï¿½ï¿½nderung i,Wald und Gehï¿½ï¿½lze ,Unproduktive Flï¿½ï¿½che ,Beschï¿½ï¿½ftigte t,im 1. Sektor,im 2. Sektor,im 3. Sektor,Arbeitsstï¿½ï¿½tten t,im 1. Sektor,im 2. Sektor,im 3. Sektor,Leerwohnungs-ziffer,Neu gebaute Wohnungen pro 1000 Einwohner,Sozialhilfequote,FDP 2),CVP,SP,SVP,EVP/CSP,GLP,BDP,PdA/Sol.,GPS,Kleine Rechtsparteien,ýýbrige Parteien,gemï¿½ï¿½ss Strafgesetzbuch (S,gemï¿½ï¿½ss Betï¿½ï¿½ubungsmittel-gesetz,gemï¿½ï¿½ss Auslï¿½ï¿½ndergese,Gemeindeme,Einwohner,Bevï¿½ï¿½lkerungs-dichte pro ,Verï¿½ï¿½nderung ,Durch Wanderungs-bewegung,Durch Geburtenï¿½ï¿½ber-sc,Auslï¿½ï¿½nder ,0-19 Jahre,20-64 Jahre,65 Jahre und mehr,Gesamtflï¿½ï¿½che in ,Siedlungsflï¿½ï¿½che ,Landwirtschafts-flï¿½ï¿½che ,Wald und Gehï¿½ï¿½lze ,Unproduktive Flï¿½ï¿½che ,Beschï¿½ï¿½ftigte t,im 1. Sektor,im 2. Sektor,im 3. Sektor,Arbeitsstï¿½ï¿½tten t,im 1. Sektor,im 2. Sektor,im 3. Sektor,Neu gebaute Wohnungen pro 1000 Einwohner,Leerwohnungs-ziffer,Sozialhilfequote,FDP 2),CVP,SP,SVP,EVP/CSP,GLP,BDP,PdA/Sol.,GPS,Kleine Rechtsparteien,ýýbrige,Gemeindeme,Einwohner,Bevï¿½ï¿½lkerungs-dichte pro ,Verï¿½ï¿½nderung ,Durch Wanderungs-bewegung,Durch Geburtenï¿½ï¿½ber-sc,Auslï¿½ï¿½nder ,0-19 Jahre,20-64 Jahre,>64 Jahre,Gesamtflï¿½ï¿½che in ,Siedlungsflï¿½ï¿½che ,Landwirtschafts-flï¿½ï¿½che ,Wald und Gehï¿½ï¿½lze ,Unproduktive Flï¿½ï¿½che ,Beschï¿½ï¿½ftigte t,im 1. Sektor 1),im 2. Sektor,im 3. Sektor,Betriebe total,im 1. Sektor,im 2. Sektor,im 3. Sektor,Neu gebaute Wohnungen pro 1000 Einwohner,Leerwohnungs-ziffer,Sozialhilfequote,FDP,CVP,SPS,SVP,BDP,EVP/CSP,GLP,PdA/Sol.,GPS,Kleine Rechtsparteien,ýýbrige
4,,,2019,2010-2019,2019,2019,2019,2019,2019,2019,2019,2019,2019,2019,2019,2016,2004/09,1979/85-2004/09,2004/09,1979/85-2004/09,2004/09,2004/09,2018,2018,2018,2018,2018,2018,2018,2018,2020,2018,2019,2019,2019,2019,2019,2019,2019,2019,2019,2019,2019,,2018,2010-2018,2018,2018,2018,2018,2018,2018,2018,2018,2018,2018,2018,2004/09,2004/09,1979/85-2004/09,2004/09,1979/85-2004/09,2004/09,2004/09,2017p,2017p,2017p,2017p,2017p,2017p,2017p,2017p,2019,2017,2018,2019,2019,2019,2019,2019,2019,2019,2019,2019,2019,,2017,2010-2017,2017,2017,2017,2017,2017,2017,2017,2017,2017,2017,2017,2004/09,2004/09,1979/85-2004/09,2004/09,1979/85-2004/09,2004/09,2004/09,2016p,2016p,2016p,2016p,2016p,2016p,2016p,2016p,2018,2016,2017,2015,2015,2015,2015,2015,2015,2015,2015,2015,2015,,2016,2010-2016,2016,2016,2016,2016,2016,2016,2016,2016,2016,2016,2016,2004/09,2004/09,1979/85-2004/09,2004/09,1979/85-2004/09,2004/09,2004/09,2015p,2015p,2015p,2015p,2015p,2015p,2015p,2015p,2017,2015,2016,2015,2015,2015,2015,2015,2015,2015,2015,2015,2015,,2015,2010-2015,2015,2015,2015,2015,2015,2015,2015,2015,2015,2015,2015,2004/09,2004/09,1979/85-2004/09,2004/09,1979/85-2004/09,2004/09,2004/09,2014,2014,2014,2014,2014,2014,2014,2014,2016,2014,2015,2015,2015,2015,2015,2015,2015,2015,2015,2015,2015,,2014,2010-2014,2014,2014,2014,2014,2014,2014,2014,2014,2014,2014,2014,2004/09,2004/09,1979/85-2004/09,2004/09,1979/85-2004/09,2004/09,2004/09,2013,2013,2013,2013,2013,2013,2013,2013,2015,2013,2014,2015,2015,2015,2015,2015,2015,2015,2015,2015,2015,2015,2014,2014,2014,,2013,2010-2013,2013,2013,2013,2013,2013,2013,2013,2013,2013,2013,2013,2004/09,2004/09,1979/85-2004/09,2004/09,1979/85-2004/09,2004/09,2004/09,2012,2012,2012,2012,2012,2012,2012,2012,2014,2012,2013,2011,2011,2011,2011,2011,2011,2011,2011,2011,2011,2011,2013,2013,2013,,2012,2012,2010-2012,2010-2012,2010-2012,2012,2012,2012,2012,2004/09,2004/09,2004/09,2004/09,2004/09,2011,2011,2011,2011,2011,2011,2011,2011,2012,2013,2012,2011,2011,2011,2011,2011,2011,2011,2011,2011,2011,2011,,2011,2011,2010-2011,2010-2011,2010-2011,2011,2011,2011,2011,1992/97,1992/97,1992/97,1992/97,1992/97,2008,2008,2008,2008,2008,2008,2008,2008,2010,2012,2011,2011,2011,2011,2011,2011,2011,2011,2011,2011,2011,2011
7,4021,Baden,19547,9.024485471,1484.20653,26.78671919,17.76231647,65.95385481,16.28382872,5.914268816,2.108565404,10.95425442,7.817120522,9317,2.071052914,13.17,33.66186505,54,8.642911296,-49,55.87566338,1.819560273,29475,54,7613,21808,2396,8,187,2201,0.721747388,4.589308996,1.6,14.82365525,9.400101023,24.37628136,14.73451722,2.48596076,13.56383769,2.198738202,*,15.43276516,0.266423683,Baden,19342,7.881086508,1468.64085,26.97239169,17.86785234,65.85151484,16.28063282,6.127164629,1.817379339,10.74850066,6.438715372,9171,2.079053538,13.17,33.66186505,54,8.642911296,-49,55.87566338,1.819560273,29564,52,7904,21608,2418,8,180,2230,0.64133244,4.526063885,1.794002608,14.82365525,9.400101023,24.37628136,14.73451722,2.48596076,13.56383769,2.198738202,*,15.43276516,0.266423683,Baden,19175,6.94963467,1455.960516,27.00912647,17.96088657,65.96610169,16.07301173,5.573352085,1.614709483,11.98010261,6.615100138,9076,2.083406787,13.19,33.68740516,54,8.649468892,-49,55.84218513,1.820940819,29342,45,8287,21010,2406,8,186,2212,0.889232554,9.678098043,1.784413693,18.31601277,10.08387825,22.67340028,20.02763506,2.200101199,8.730344076,3.824147595,*,11.57266854,0.360034252,Baden,19222,7.211779798,1459.529233,27.25002601,17.78691083,66.43429404,15.77879513,7.271015327,1.935450123,11.71731966,5.806350369,9061,2.08,13.18,33.68740516,54,8.649468892,-49,55.84218513,1.820940819,29699,67,8675,20957,2360,8,174,2178,0.629783936,6.942983379,2.051335998,18.31601277,10.08387825,22.67340028,20.02763506,2.200101199,8.730344076,3.824147595,*,11.57266854,0.360034252,Baden,19012,6.040493056,1443.583903,26.69892699,17.58363139,66.8525142,15.56385441,6.581391646,2.016878085,12.41972294,6.89984608,8996,2.08826145,13.18,33.68740516,54,8.649468892,-49,55.84218513,1.820940819,29858,69,9081,20708,2355,8,174,2173,0.336500396,5.249062667,2.147830745,18.31601277,10.08387825,22.67340028,20.02763506,2.200101199,8.730344076,3.824147595,*,11.57266854,0.360034252,Baden,18670,4.132968933,1417.615793,26.97911087,17.68077129,66.7702196,15.54900911,6.340166026,1.93428794,12.89525294,7.199849555,8850,2.085084746,13.18,33.68740516,54,8.649468892,-49,55.84218513,1.820940819,30276,74,9622,20580,2307,9,176,2122,0.522613065,3.072279416,2.01045653,18.31601277,10.08387825,22.67340028,20.02763506,2.200101199,8.730344076,3.824147595,*,11.57266854,0.360034252,2.211778,83.59833989,9.001239692,3.503476527,Baden,18553,3.480394891,1407.663126,26.28146391,17.51199267,67.11583032,15.37217701,6.257585974,2.157788267,11.59811194,7.282535401,8839,2.071840706,13.18,33.68740516,54,8.649468892,-49,55.84218513,1.820940819,29801,81,9107,20613,2279,11,184,2084,0.171509282,2.321563546,1.8896,14.70395167,10.50114304,25.06645983,20.47126061,2.091443501,9.108425865,3.467504899,*,12.67129327,0.577726976,1.340627041,81.79462261,26.29305691,1.727675197,Baden,18522,1405.311077,3.307490658,1.639801439,1.082045848,26.26606198,17.3037469,67.46031746,15.23593564,13.18,33.68740516,8.649468892,55.84218513,1.820940819,31002.98107,70,10182.8209,20750.16017,2165,11,174,1980,2.321563546,0.214460784,1.885755127,14.70395167,10.50114304,25.06645983,20.47126061,2.091443501,9.108425865,3.467504899,*,12.67129327,0.577726976,1.3,Baden,18189,1380,1.5,0.6,0.6,25.6,17.2,67.6,15.1,13.2,31.6,9.9,56.9,1.6,25536,65,9733,15738,1611,11,167,1433,8.9,0.33,1.9,14.7,10.5,25.1,20.5,3.5,2.1,9.1,*,12.7,0.6,1.3
8,4022,Bellikon,1550,-1.462174189,313.7651822,9.935483871,17.5483871,62.4516129,20,3.213367609,1.285347044,6.426735219,8.354755784,702,2.200854701,4.94,10.20408163,11,61.02040816,-9,28.57142857,0.204081633,718,23,23,672,80,10,9,61,1.932989691,1.937984496,0.9,14.66957153,10.05291005,11.52609192,33.8313103,2.593630045,11.54684096,5.073140367,*,7.646021371,0.331984646,Bellikon,1562,-0.699300699,316.194332,11.20358515,17.73367478,63.06017926,19.20614597,3.215434084,1.92926045,10.28938907,5.144694534,709,2.18899859,4.94,10.20408163,11,61.02040816,-9,28.57142857,0.204081633,697,31,27,639,80,12,9,59,2.06185567,0,1.227390181,14.66957153,10.05291005,11.52609192,33.8313103,2.593630045,11.54684096,5.073140367,*,7.646021371,0.331984646,Bellikon,1548,-1.589319771,313.3603239,10.4005168,17.57105943,63.37209302,19.05684755,4.520503713,2.583144979,6.457862448,1.937358734,704,2.184659091,4.9,10.12145749,11,60.72874494,-9,28.94736842,0.20242915,696,31,27,638,86,13,9,64,2.202072539,3.22997416,0.774693351,16.42020949,9.683713288,14.00698295,41.5280345,2.177038406,4.405422058,5.545286507,*,3.522283837,1.01663586,Bellikon,1549,-1.52574698,313.562753,10.52291801,18.14073596,64.23499032,17.62427373,3.874717469,1.937358734,3.228931224,2.583144979,707,2.18,4.94,10.12145749,11,60.72874494,-9,28.94736842,0.20242915,709,30,34,645,87,12,11,64,2.21642764,3.22997416,0.645994832,16.42020949,9.683713288,14.00698295,41.5280345,2.177038406,4.405422058,5.545286507,*,3.522283837,1.01663586,Bellikon,1548,-1.589319771,313.3603239,9.754521964,19.05684755,63.82428941,17.11886305,3.237293623,3.884752347,7.12204597,4.532211072,698,2.206303725,4.94,10.12145749,11,60.72874494,-9,28.94736842,0.20242915,727,33,38,656,100,13,15,72,1.706036745,1.9467878,0.77871512,16.42020949,9.683713288,14.00698295,41.5280345,2.177038406,4.405422058,5.545286507,*,3.522283837,1.01663586,Bellikon,1541,-2.034329307,311.9433198,8.565866321,19.07852044,63.72485399,17.19662557,5.798969072,2.577319588,5.798969072,2.577319588,689,2.224963715,4.94,10.12145749,11,60.72874494,-9,28.94736842,0.20242915,730,35,47,648,106,13,17,76,4.623513871,3.198976328,0.255918106,16.42020949,9.683713288,14.00698295,41.5280345,2.177038406,4.405422058,5.545286507,*,3.522283836,1.01663586,1.694393,17.91426743,4.478566859,0,Bellikon,1563,-0.635727909,315.7575758,9.021113244,19.64171465,63.59564939,16.76263596,5.077753094,1.90415741,9.520787052,5.077753094,691,2.254703328,4.94,10.12145749,11,60.72874494,-9,28.94736842,0.20242915,709,32,50,627,105,13,16,76,1.326259947,1.259445844,0.2519,10.2962963,13.02525253,15.42255892,35.64983165,1.375420875,9.804713805,6.111111111,*,5.355218855,1.365319865,1.594276094,19.52141058,0,0,Bellikon,1588,320.8080808,0.953591863,-0.381436745,1.398601399,9.319899244,19.77329975,64.42065491,15.80604534,4.94,10.12145749,60.72874494,28.94736842,0.20242915,689.2175209,38,43,608.2175209,93,13,13,67,1.259445844,0.934579439,0.376884422,10.2962963,13.02525253,15.42255892,35.64983165,1.375420875,9.804713805,6.111111111,*,5.355218855,1.365319865,1.6,Bellikon,1592,322,1.2,0.8,0.7,9.4,20,66,14,5,9.3,61.4,29.3,0,561,32,30,499,69,14,11,44,10.8,1.07,0.5,10.3,13,15.4,35.6,6.1,1.4,9.8,*,5.4,1.4,1.6
9,4023,Bergdietikon,2831,19.35075885,476.5993266,17.7675733,20.52278347,58.70717061,20.77004592,4.593639576,3.886925795,10.24734982,5.300353357,1229,2.283970708,5.94,17.32673267,23,54.12541254,-18,27.06270627,1.485148515,1037,47,481,509,187,21,36,130,1.13122172,1.768659356,0.53,15.68281262,5.811007907,11.02325938,39.66377524,2.533200276,11.87533584,3.776771321,*,7.492131726,0.80601827,Bergdietikon,2829,19.26644182,476.2626263,17.9922234,20.36055143,59.45563803,20.18381053,4.59688826,2.828854314,11.31541726,8.132956153,1223,2.304170074,5.94,17.32673267,23,54.12541254,-18,27.06270627,1.485148515,1037,48,558,431,189,19,37,133,1.526717557,0.36350418,0.424478246,15.68281262,5.811007907,11.02325938,39.66377524,2.533200276,11.87533584,3.776771321,*,7.492131726,0.80601827,Bergdietikon,2827,19.18212479,475.9259259,17.40360807,19.59674567,60.52352317,19.87973116,6.812477591,2.151308713,13.62495518,7.171029043,1234,2.286061588,6.06,17.44186047,23,54.48504983,-18,26.57807309,1.495016611,1045,52,543,450,189,21,40,128,1.917177914,7.829977629,0.654307525,19.54341271,4.362808443,9.334810166,45.03107501,1.889114516,6.694972617,6.879576641,*,3.925912252,0.596886345,Bergdietikon,2751,15.97807757,463.1313131,17.04834606,19.19302072,60.23264268,20.5743366,4.04932818,1.104362231,8.834897847,9.20301859,1206,2.27,6.02,17.44186047,23,54.48504983,-18,26.57807309,1.495016611,1093,53,547,493,200,21,40,139,1.166407465,0.745712155,0.447427293,19.54341271,4.362808443,9.334810166,45.03107501,1.889114516,6.694972617,6.879576641,*,3.925912252,0.596886345,Bergdietikon,2682,13.06913997,451.5151515,16.74123788,19.12751678,60.17897092,20.6935123,7.124109486,2.624671916,15.37307837,6.374203225,1156,2.316608997,6.02,17.44186047,23,54.48504983,-18,26.57807309,1.495016611,1146,51,597,498,201,20,38,143,1.372074253,13.57466063,0.641025641,19.54341271,4.362808443,9.334810166,45.03107501,1.889114516,6.694972617,6.879576641,*,3.925912252,0.596886346,Bergdietikon,2652,11.80438449,446.4646465,16.70437406,17.98642534,61.72699849,20.28657617,3.863987635,2.704791345,13.52395672,6.955177743,1155,2.292640693,6.02,17.44186047,23,54.48504983,-18,26.57807309,1.495016611,997,57,592,348,192,21,40,131,1.047542305,36.05388273,0.356576862,19.54341271,4.362808443,9.334810166,45.03107501,1.889114516,6.694972617,6.879576641,*,3.925912252,0.596886345,1.741431,18.22503962,3.565768621,1.584786054,Bergdietikon,2524,6.408094435,425.6323777,15.61014263,17.94770206,61.60855784,20.4437401,6.493506494,2.435064935,13.7987013,8.116883117,1100,2.287272727,6.02,17.44186047,23,54.48504983,-18,26.57807309,1.495016611,1048,56,607,385,191,21,39,131,2.576891106,7.903494176,0.416,11.79627474,5.1443539,11.52153667,42.99068685,1.656577416,8.402793946,11.50523865,*,5.089639115,1.123399302,0.769499418,36.18968386,3.743760399,2.495840266,Bergdietikon,2404,405.3962901,1.349072513,0.548060708,0.505902192,14.93344426,17.76206323,61.68885191,20.54908486,6.02,17.44186047,54.48504983,26.57807309,1.495016611,1056.160039,55,606,395.1600389,193,22,34,137,7.903494176,1.079136691,0.548523207,11.79627474,5.1443539,11.52153667,42.99068685,1.656577416,8.402793946,11.50523865,*,5.089639115,1.123399301,0.8,Bergdietikon,2370,400,-0.1,0.2,0.1,14,17.6,61.5,20.9,6,16.8,54.6,27.3,1.3,1002,58,666,278,150,21,31,98,1.7,0.46,0.1,11.8,5.1,11.5,43,11.5,1.7,8.4,*,5.1,1.1,0.8
10,4024,Birmenstorf (AG),2988,15.94877765,383.0769231,19.87951807,21.8206158,62.24899598,15.93038822,3.010536879,1.338016391,12.04214752,7.693594247,1224,2.41748366,7.8,15.33505155,3,44.20103093,-9,36.34020619,4.12371134,1070,102,302,666,175,17,30,128,1.483679525,5.047106326,1.2,12.33816222,23.66855623,9.82574008,28.81937154,2.673385121,7.019385541,3.933095388,*,8.51004269,0.475890545,Birmenstorf (AG),2991,16.06519208,383.4615385,20.42795052,21.56469408,62.55432966,15.88097626,5.701827939,0.670803287,8.385041087,7.7142378,1238,2.395799677,7.8,15.33505155,3,44.20103093,-9,36.34020619,4.12371134,1139,140,293,706,178,17,30,131,1.411589896,7.751937984,1.379542396,12.33816222,23.66855623,9.82574008,28.81937154,2.673385121,7.019385541,3.933095388,*,8.51004269,0.475890545,Birmenstorf (AG),2972,15.32790066,381.025641,19.68371467,21.33243607,62.55047106,16.11709287,6.061626537,2.020542179,11.11298198,4.377841387,1220,2.420491803,7.76,15.35483871,3,44.25806452,-9,36.38709677,4,1084,129,320,635,175,16,32,127,1.353383459,0.342231348,1.213346815,13.39981508,19.21806895,9.853387928,37.42570334,2.535992603,4.847444195,5.587108704,*,4.953110553,0.501915203,Birmenstorf (AG),2967,15.1338766,380.3846154,20.32355915,22.04246714,62.65588136,15.3016515,5.773475972,1.358464935,13.92426558,7.811173374,1217,2.42,7.75,15.35483871,3,44.25806452,-9,36.38709677,4,1104,127,306,671,177,17,33,127,1.684532925,1.026694045,1.095140315,13.39981508,19.21806895,9.853387928,37.42570334,2.535992603,4.847444195,5.587108704,*,4.953110553,0.501915203,Birmenstorf (AG),2922,13.38766007,374.6153846,20.60232717,21.59479808,62.9705681,15.43463381,6.52248541,1.373154823,12.0151047,3.089598352,1192,2.429530201,7.75,15.35483871,3,44.25806452,-9,36.38709677,4,1112,137,297,678,175,18,32,125,0.999231361,7.231404959,0.860881543,13.39981508,19.21806895,9.853387928,37.42570334,2.535992603,4.847444195,5.587108704,*,4.953110553,0.501915203,Birmenstorf (AG),2904,12.68917346,372.3076923,19.66253444,21.59090909,63.53305785,14.87603306,4.513888889,0.347222222,10.41666667,6.597222222,1201,2.403830141,7.75,15.35483871,3,44.25806452,-9,36.38709677,4,1072,135,279,658,172,18,29,125,0.925212028,12.25490196,1.120448179,13.39981508,19.21806895,9.853387928,37.42570334,2.535992603,4.847444195,5.587108704,*,4.953110553,0.501915203,1.677453,26.61064426,2.450980392,0.350140056,Birmenstorf (AG),2856,10.82654249,366.6238768,19.53781513,21.70868347,63.7605042,14.53081232,6.089915816,1.074691026,17.91151711,5.01522479,1178,2.415110357,7.75,15.35483871,3,44.25806452,-9,36.38709677,4,922,129,287,506,168,20,29,119,1.340694006,18.33516685,0.9168,9.769487751,19.28730512,14.13919822,34.58685969,1.700445434,5.528953229,7.100222717,*,6.299554566,0.618040089,0.968819599,27.50275028,5.133846718,0,Birmenstorf (AG),2727,350.0641849,5.82072177,3.45362825,1.435778036,18.26182618,21.12211221,64.53978731,14.33810048,7.75,15.35483871,44.25806452,36.38709677,4,907.457097,132,281,494.457097,160,20,28,112,18.33516685,0.494233937,0.680529301,9.769487751,19.28730512,14.13919822,34.58685969,1.700445434,5.528953229,7.100222717,*,6.299554566,0.618040089,1,Birmenstorf (AG),2645,340,2.6,1,0.9,17.2,21.2,64.4,14.4,7.7,15.8,44,36.8,3.4,828,127,326,375,121,26,28,67,19.4,0.34,0.7,9.8,19.3,14.1,34.6,7.1,1.7,5.5,*,6.3,0.6,1
11,4026,Ennetbaden,3501,14.41176471,1659.241706,22.96486718,20.25135676,61.03970294,18.7089403,4.857142857,1.428571429,10.85714286,6.857142857,1591,2.17221873,2.11,36.61971831,11,19.71830986,-7,41.31455399,2.34741784,795,27,33,735,221,5,14,202,0.552791598,0,0.8,17.25177305,9.064716312,29.10460993,10.93528369,2.619680851,12.46453901,1.835106383,*,14.49468085,0.146276596,Ennetbaden,3499,14.34640523,1658.293839,22.97799371,19.89139754,61.64618462,18.46241783,3.145103645,2.859185132,12.8663331,6.576125804,1587,2.178323881,2.11,36.61971831,11,19.71830986,-7,41.31455399,2.34741784,782,27,35,720,232,5,14,213,1.388888889,6.734992679,0.915331808,17.25177305,9.064716312,29.10460993,10.93528369,2.619680851,12.46453901,1.835106383,*,14.49468085,0.146276596,Ennetbaden,3496,14.24836601,1656.872038,22.76887872,18.93592677,62.98627002,18.0778032,5.209086963,2.315149761,12.15453625,4.919693243,1583,2.178774479,2.13,36.61971831,11,19.71830986,-7,41.31455399,2.34741784,794,27,36,731,218,5,13,200,2.125279642,13.53790614,1.171303075,20.25688571,9.298539189,26.76495862,16.3764642,2.0849351,9.040748948,2.79498892,*,11.62769662,0.520103116,Ennetbaden,3415,11.60130719,1618.483412,22.34260615,18.38945827,64.01171303,17.5988287,3.561359252,1.780679626,11.87119751,7.122718504,1551,2.18,2.13,36.61971831,11,19.71830986,-7,41.31455399,2.34741784,764,15,32,717,209,5,12,192,1.411631846,0.300842359,1.113116727,20.25688571,9.298539189,26.76495862,16.3764642,2.0849351,9.040748948,2.79498892,*,11.62769662,0.520103116,Ennetbaden,3324,8.62745098,1575.35545,21.72081829,18.2009627,64.04933815,17.74969916,7.244189556,1.509206158,10.5644431,7.847872019,1515,2.171617162,2.13,36.61971831,11,19.71830986,-7,41.31455399,2.34741784,759,12,30,717,203,5,11,187,0.698893419,0.908540279,1.029678982,20.25688571,9.298539189,26.76495862,16.3764642,2.0849351,9.040748949,2.79498892,*,11.62769662,0.520103116,Ennetbaden,3302,7.908496732,1564.92891,22.50151423,17.44397335,64.80920654,17.74682011,9.442583003,2.436795614,10.96558026,5.178190679,1519,2.140882159,2.13,36.61971831,11,19.71830986,-7,41.31455399,2.34741784,749,16,30,703,195,5,11,179,0.698080279,4.901960784,0.827205882,20.25688571,9.298539189,26.76495862,16.3764642,2.0849351,9.040748948,2.79498892,*,11.62769662,0.520103116,1.23468,20.83333333,1.838235294,0,Ennetbaden,3264,6.666666667,1546.919431,22.4877451,16.69730392,65.71691176,17.58578431,7.152853366,2.176955372,13.37272586,5.597885243,1525,2.120655738,2.13,36.61971831,11,19.71830986,-7,41.31455399,2.34741784,751,14,27,710,186,5,11,170,0.51843318,2.210293653,0.9157,17.75791855,9.178733032,29.3280543,16.5693816,2.110105581,8.481900452,2.730015083,*,12.4668175,0.625188537,0.752639517,19.26113041,1.894537417,0,Ennetbaden,3167,1500.947867,3.496732026,3.202614379,0.718954248,21.85033154,15.85096306,66.75086833,17.39816861,2.13,36.61971831,19.71830986,41.31455399,2.34741784,694.6149829,14,30.7307692,649.8842137,164,5,11,148,2.210293653,0.462427746,1.228183581,17.75791855,9.178733032,29.3280543,16.5693816,2.110105581,8.481900452,2.730015083,*,12.4668175,0.625188537,0.8,Ennetbaden,3094,1466,1.1,0.8,0.4,21.2,16,66.9,17.1,2.1,33.6,20.9,42.7,2.8,535,13,24,498,107,5,7,95,5.2,0.41,1.2,17.8,9.2,29.3,16.6,2.7,2.1,8.5,*,12.5,0.6,0.8
12,4027,Fislisbach,5552,5.792682927,1099.405941,25.66642651,20.6592219,59.02377522,20.31700288,5.045954226,1.441701207,10.6325464,7.568931339,2456,2.223534202,5.05,25.390625,37,44.7265625,-35,29.8828125,0,1362,10,325,1027,254,6,44,204,2.430687429,0.180310133,1.6,14.31811108,13.33540842,16.7726444,26.61745742,4.366579216,9.54688959,5.10916448,*,6.958957713,0.51136111,Fislisbach,5546,5.678353658,1098.217822,25.49585287,20.42913812,59.50234403,20.06851785,3.425892535,1.442481067,8.294266138,8.835196538,2463,2.215996752,5.05,25.390625,37,44.7265625,-35,29.8828125,0,1369,11,324,1034,260,7,45,208,2.28050171,2.533478103,1.785070321,14.31811108,13.33540842,16.7726444,26.61745742,4.366579216,9.54688959,5.10916448,*,6.958957713,0.51136111,Fislisbach,5546,5.678353659,1098.217822,25.676163,20.42913812,59.97115038,19.5997115,4.696531792,1.625722543,12.82514451,5.780346821,2467,2.211187677,5.12,25.3411306,37,44.63937622,-35,30.01949318,0,1370,15,336,1019,267,8,42,217,2.206162039,1.61987041,1.791530945,15.4705213,11.78305028,13.67946395,35.62307725,3.704328037,7.176872182,6.582662565,*,4.121539045,0.61528088,Fislisbach,5526,5.297256098,1094.257426,25.35287731,20.14115092,60.78537821,19.07347087,3.06803826,1.443782711,11.55026169,7.940804909,2460,2.21,5.13,25.3411306,37,44.63937622,-35,30.01949318,0,1263,16,300,947,263,8,45,210,1.492537313,0.179985601,1.60187185,15.4705213,11.78305028,13.67946395,35.62307725,3.704328037,7.176872182,6.582662565,*,4.121539045,0.61528088,Fislisbach,5556,5.868902439,1100.19802,25.25197984,19.88840893,61.42908567,18.6825054,7.371449119,1.078748652,13.48435814,8.270406329,2470,2.214574899,5.13,25.3411306,37,44.63937622,-35,30.01949318,0,1225,12,310,903,253,6,45,202,1.230769231,13.11063218,1.418821839,15.4705213,11.78305028,13.67946395,35.62307725,3.704328037,7.176872182,6.582662565,*,4.121539045,0.61528088,Fislisbach,5568,6.097560976,1102.574257,25.43103448,19.9533046,61.60201149,18.44468391,5.06512301,2.351664255,11.21562952,8.863965268,2455,2.23706721,5.13,25.3411306,37,44.63937622,-35,30.01949318,0,1218,13,302,903,253,7,42,204,0.964134208,5.102040816,1.749271137,15.4705213,11.78305028,13.67946395,35.62307725,3.704328037,7.176872182,6.582662565,*,4.121539045,0.61528088,1.243205,21.68367347,1.639941691,1.093294461,Fislisbach,5488,4.573170732,1084.58498,24.89067055,20.22594752,61.7893586,17.98469388,4.025985909,0.914996798,9.332967335,8.417970537,2396,2.257512521,5.13,25.3411306,37,44.63937622,-35,30.01949318,0,1343,15,278,1050,253,7,43,203,1.028888009,5.697482081,1.3417,11.91071429,15.3956044,16.91346154,30.67788462,3.016483517,7.735576923,6.695054945,*,5.938873626,0.794642857,0.921703297,23.34129756,2.02168719,0,Fislisbach,5441,1075.296443,3.677591463,2.877286585,0.705030488,23.96618269,20.2168719,62.26796545,17.51516265,5.13,25.3411306,44.63937622,30.01949318,0,1344.969959,14,275.5,1055.469959,242,7,45,190,5.697482081,1.162790698,1.136575368,11.91071429,15.3956044,16.91346154,30.67788462,3.016483517,7.735576923,6.695054945,*,5.938873626,0.794642857,0.9,Fislisbach,5367,1061,2.3,1.8,0.2,23.5,20.8,62.3,16.9,5.1,22,47.5,30.6,0,1103,21,188,894,169,8,22,139,2.5,1.09,1,11.9,15.4,16.9,30.7,6.7,3,7.7,*,5.9,0.8,0.9
13,4028,Freienwil,1038,13.19520174,260.1503759,12.90944123,23.31406551,61.2716763,15.41425819,1.912960306,0.956480153,9.56480153,2.869440459,400,2.5875,3.99,9.5,8,52,-9,38.5,0,116,29,7,80,X,11,X,42,2.309468822,0,X,17.70722027,9.784765685,17.09662647,20.22591971,5.327430927,8.212486643,4.625248054,*,13.90627385,1.953900168,Freienwil,1053,14.83097056,263.9097744,13.01044634,24.21652422,62.20322887,13.58024691,4.784688995,1.913875598,6.698564593,1.913875598,399,2.62406015,3.99,9.5,8,52,-9,38.5,0,121,32,7,82,X,12,X,42,0.457665904,0,X,17.70722027,9.784765685,17.09662647,20.22591971,5.327430927,8.212486643,4.625248054,*,13.90627385,1.953900168,Freienwil,1037,13.08615049,259.8997494,13.69334619,25.55448409,61.52362584,12.92189007,3.861003861,1.930501931,4.826254826,3.861003861,392,2.62755102,4,9.452736318,8,51.99004975,-9,38.55721393,0,128,31,9,88,57,12,X,43,1.376146789,15.30612245,X,14.13994169,9.151279559,16.66666667,30.43407839,4.162617428,7.337220603,5.183025591,*,9.232264334,1.133786848,Freienwil,1035,12.86804798,259.3984962,14.58937198,25.79710145,62.02898551,12.17391304,4.962779156,0.992555831,11.91066998,2.977667494,388,2.65,4.02,9.452736318,8,51.99004975,-9,38.55721393,0,126,29,9,88,58,12,X,43,1.152073733,10.20408163,X,14.13994169,9.151279559,16.66666667,30.43407839,4.162617428,7.337220603,5.183025591,*,9.232264334,1.133786848,Freienwil,980,6.870229008,245.6140351,15.20408163,25.30612245,62.44897959,12.24489796,4.102564103,3.076923077,5.128205128,5.128205128,375,2.6,4.02,9.452736318,8,51.99004975,-9,38.55721393,0,128,30,10,88,58,12,6,40,2.65060241,1.030927835,0.309278351,14.13994169,9.151279559,16.66666667,30.43407839,4.162617428,7.337220603,5.183025591,*,9.232264334,1.133786848,Freienwil,970,5.779716467,243.1077694,14.74226804,25.25773196,62.68041237,12.06185567,3.097573567,2.065049045,14.45534331,5.162622612,369,2.612466125,4.02,9.452736318,8,51.99004975,-9,38.55721393,0,118,29,9,80,54,11,5,38,0.487804878,8.273009307,0.103412616,14.13994169,9.151279559,16.66666667,30.43407839,4.162617428,7.337220603,5.183025591,*,9.232264334,1.133786848,2.559119,5.170630817,0,0,Freienwil,967,5.452562705,241.75,14.16752844,25.43950362,62.77145812,11.78903826,4.190675747,2.095337873,5.238344683,3.14300681,366,2.617486339,4.02,9.452736318,8,51.99004975,-9,38.55721393,0,115,28,10,77,57,12,6,39,2.43902439,0,0,8.966197183,12.36901408,21.64225352,27.85633803,3.346478873,6.695774648,5.56056338,*,11.90704225,0.923943662,0.732394366,8.492569002,0,0,Freienwil,942,235.5,2.726281352,2.39912759,0.218102508,14.22505308,25.90233546,61.8895966,12.20806794,4.02,9.452736318,51.99004975,38.55721393,0,106,28,11,67,55,12,6,37,0,0,0.322580645,8.966197183,12.36901408,21.64225352,27.85633803,3.346478873,6.695774648,5.56056338,*,11.90704225,0.923943662,0.7,Freienwil,930,233,1.4,1.2,0.2,13.7,25.2,63,11.8,4,8.9,52.6,38.5,0,105,34,11,60,44,15,4,25,10.9,0.26,0.4,9,12.4,21.6,27.9,5.6,3.3,6.7,*,11.9,0.9,0.7
14,4029,Gebenstorf,5461,16.83782627,966.5486726,26.86321187,18.8976378,62.16810108,18.93426112,3.862068965,1.287356322,12.13793103,5.701149425,2400,2.26125,5.65,27.46478873,28,26.93661972,-25,39.78873239,5.809859155,1844,34,530,1280,283,12,59,212,2.165506574,11.79155572,2.25,13.99084588,11.45145674,17.73611478,26.70099463,3.881700555,9.884693249,3.247953525,*,10.5228413,0.114426547,Gebenstorf,5414,15.83226359,958.2300885,27.24418175,18.58145549,63.04026598,18.37827854,7.308845577,1.124437781,11.994003,5.809595202,2360,2.278389831,5.65,27.46478873,28,26.93661972,-25,39.78873239,5.809859155,1801,36,563,1202,291,13,62,216,1.898488958,19.39111887,2.510460251,13.99084588,11.45145674,17.73611478,26.70099463,3.881700555,9.884693249,3.247953525,*,10.5228413,0.114426547,Gebenstorf,5258,12.49465126,930.619469,27.61506276,18.02966908,63.90262457,18.06770635,8.833413346,2.304368699,10.56168987,6.721075372,2317,2.255502805,5.68,27.54385965,28,26.84210526,-25,39.8245614,5.789473684,1777,36,557,1184,294,14,62,218,1.985702939,9.648241206,2.695365523,16.08791209,9.068131868,17.71428571,35.22197802,3.437362637,5.569230769,4.821978022,*,5.740659341,0.61978022,Gebenstorf,5157,10.33376123,912.7433628,28.38859802,18.46034516,63.85495443,17.68470041,6.316620608,2.763521516,12.43584682,6.514015002,2248,2.28,5.7,27.54385965,28,26.84210526,-25,39.8245614,5.789473684,1678,35,496,1147,290,14,62,214,2.355371901,13.66834171,2.934673367,16.08791209,9.068131868,17.71428571,35.22197802,3.437362637,5.569230769,4.821978022,*,5.740659341,0.61978022,Gebenstorf,4975,6.439880188,880.5309735,28.44221106,18.07035176,64.36180905,17.5678392,5.664576168,2.023062917,8.699170544,5.259963585,2171,2.275909719,5.7,27.54385965,28,26.84210526,-25,39.8245614,5.789473684,1688,32,585,1071,299,12,62,225,1.764705882,1.628996131,2.463856648,16.08791209,9.068131868,17.71428571,35.22197802,3.437362637,5.569230769,4.821978022,*,5.740659341,0.61978022,Gebenstorf,4911,5.070603338,869.2035398,28.22235797,18.55019344,64.24353492,17.20627164,4.487506374,1.427842937,12.03467619,5.915349312,2132,2.282363978,5.7,27.54385965,28,26.84210526,-25,39.8245614,5.789473684,1630,31,551,1048,285,11,65,209,2.215464813,4.086636698,2.431548835,16.08791209,9.068131868,17.71428571,35.22197802,3.437362637,5.569230769,4.821978022,*,5.740659341,0.61978022,1.718681,31.26277074,3.269309358,0.81732734,Gebenstorf,4894,4.706889174,866.1946903,27.52349816,18.71679608,64.7323253,16.55087863,5.363589479,2.269210934,10.72717896,4.951005673,2131,2.284373534,5.7,27.54385965,28,26.84210526,-25,39.8245614,5.789473684,1523,30,512,981,278,11,61,206,2.274715661,0,2.0412,10.78012685,11.21282593,21.40591966,31.66737139,3.037350247,6.651867512,5.450317125,*,7.684989429,0.980267794,1.129668781,33.95126015,2.291189336,1.041449698,Gebenstorf,4801,849.7345133,2.71715875,2.652973898,1.198117244,26.74442824,18.85023953,65.04894814,16.10081233,5.7,27.54385965,26.84210526,39.8245614,5.789473684,1528.223608,33,476.0647944,1019.158813,275,12,54,209,0,1.282051282,2.06052801,10.78012685,11.21282593,21.40591966,31.66737139,3.037350247,6.651867512,5.450317125,*,7.684989429,0.980267794,1.1,Gebenstorf,4659,825,-0.3,0,0.4,25.9,19.4,65,15.6,5.7,24.4,29,41.6,5,1164,40,383,741,204,14,53,137,8.3,0.36,2,10.8,11.2,21.4,31.7,5.5,3,6.7,*,7.7,1,1.1
15,4030,Killwangen,2057,13.5209713,846.5020576,26.59212445,21.43898882,61.05979582,17.50121536,2.90486565,1.9365771,8.71459695,8.230452675,793,2.578814628,2.43,24.4813278,12,24.89626556,-14,48.9626556,1.659751037,628,14,346,268,124,6,24,94,1.371428571,1.928640309,0.72,9.962656709,14.03040811,15.31074953,30.68818352,2.960789544,9.669245132,3.25420112,*,9.602560683,0.453454254,Killwangen,2074,14.45916115,853.4979424,27.4831244,21.45612343,61.8611379,16.68273867,5.303760849,1.446480231,7.714561234,2.892960463,782,2.62915601,2.43,24.4813278,12,24.89626556,-14,48.9626556,1.659751037,654,18,375,261,121,6,26,89,0.699300699,11.61029783,0.964320154,9.962656709,14.03040811,15.31074953,30.68818352,2.960789544,9.669245132,3.25420112,*,9.602560683,0.453454254,Killwangen,2074,14.45916115,853.4979424,27.4831244,21.16682739,62.53616201,16.29701061,5.42540074,1.972872996,10.35758323,3.452527744,783,2.62835249,2.41,24.16666667,12,25,-14,49.16666667,1.666666667,688,12,366,310,129,X,26,99,0.823529412,2.551020408,1.261988895,14.40546042,13.10022752,13.87857742,36.46269908,2.358998922,3.963597174,7.484133637,*,3.903724105,1.269309065,Killwangen,1981,9.326710817,815.2263374,26.14840989,20.84805654,63.30136295,15.85058051,4.567368688,1.522456229,9.642222786,3.044912459,754,2.6,2.4,24.16666667,12,25,-14,49.16666667,1.666666667,703,11,383,309,122,X,24,94,1.438848921,1.020408163,0.918367347,14.40546042,13.10022752,13.87857742,36.46269908,2.358998922,3.963597174,7.484133637,*,3.903724105,1.269309065,Killwangen,1960,8.167770419,806.5843621,27.04081633,20.6122449,64.48979592,14.89795918,2.057084083,1.028542042,9.256878375,5.656981229,757,2.562747688,2.4,24.16666667,12,25,-14,49.16666667,1.666666667,730,12,417,301,122,4,22,96,1.088270859,2.592016589,0.88128564,14.40546042,13.10022752,13.87857742,36.46269908,2.358998922,3.963597174,7.484133637,*,3.903724105,1.269309065,Killwangen,1929,6.456953642,793.8271605,26.49040954,20.16588906,64.95593572,14.87817522,3.659174072,1.56821746,11.50026137,3.659174072,752,2.546542553,2.4,24.16666667,12,25,-14,49.16666667,1.666666667,649,13,363,273,109,4,18,87,1.075268817,5.798629415,1.47601476,14.40546042,13.10022752,13.87857742,36.46269908,2.358998922,3.963597174,7.484133637,*,3.903724105,1.269309065,3.173273,38.48181339,10.54296257,10.01581444,Killwangen,1897,4.690949227,780.6584362,27.25355825,21.34949921,64.15392725,14.49657354,3.224073079,0.537345513,7.522837184,3.761418592,727,2.561210454,2.4,24.16666667,12,25,-14,49.16666667,1.666666667,641,15,369,257,112,6,18,88,1.307966706,0,1.2055,11.56592292,15.02231237,15.15821501,36.23935091,2.188640974,6.855983773,4.957403651,*,4.020283976,2.326572008,1.665314402,53.69863014,13.69863014,2.191780822,Killwangen,1825,751.0288066,0.717439294,0.220750552,0.883002208,26.46575342,21.69863014,63.67123288,14.63013699,2.4,24.16666667,25,49.16666667,1.666666667,622.9646023,12,393,217.9646023,110,5,19,86,0,1.07398568,0.77092511,11.56592292,15.02231237,15.15821501,36.23935091,2.188640974,6.855983773,4.957403651,*,4.020283976,2.326572008,1.7,Killwangen,1816,747,0.2,0.5,0.4,26.4,21.8,64,14.3,2.4,19.3,27.6,50.6,2.5,562,13,383,166,83,6,15,62,3.3,0.72,0.7,11.6,15,15.2,36.2,5,2.2,6.9,*,4,2.3,1.7
16,4031,KÃ¼nte,1795,12.96412838,367.0756646,16.26740947,21.33704735,62.6183844,16.04456825,4.513399154,1.128349788,11.28349788,7.334273625,725,2.463448276,4.89,12.88343558,0,56.44171779,-3,26.99386503,3.680981595,409,46,122,241,110,14,15,81,3.25,4.579278764,1.31,8.585918151,12.10048355,11.52258521,40.88925581,1.721901168,8.609505838,4.351928293,*,8.739238118,0.29484609,Kï¿½ï¿½,1750,10.13215859,357.8732106,15.65714286,21.31428571,63.08571429,15.6,4.003431513,1.715756363,6.86302545,7.434944238,698,2.495702006,4.89,12.88343558,0,56.44171779,-3,26.99386503,3.680981595,413,48,117,248,108,13,15,80,3.728362184,1.176470588,1.717229536,8.585918151,12.10048355,11.52258521,40.88925581,1.721901168,8.609505838,4.351928293,*,8.739238118,0.29484609,Kï¿½ï¿½,1747,9.943360604,357.2597137,15.51230681,21.4653692,63.53749284,14.99713795,5.802146794,1.160429359,9.283434871,3.481288077,696,2.494252874,4.89,12.90983607,0,56.35245902,-3,27.04918033,3.68852459,409,42,140,227,114,14,20,80,1.474530831,5.385996409,2.647058824,10.4620462,12.38723872,12.89328933,44.93949395,1.793179318,4.081408141,7.876787679,*,2.805280528,0.308030803,Kï¿½ï¿½,1700,6.985525488,347.6482618,14.58823529,21.58823529,62.70588235,15.70588235,4.746366064,2.96647879,10.67932364,4.746366064,680,2.48,4.88,12.90983607,0,56.35245902,-3,27.04918033,3.68852459,416,41,145,230,111,13,24,74,1.486486487,1.795332136,1.496110114,10.4620462,12.38723872,12.89328933,44.93949395,1.793179318,4.081408141,7.876787679,*,2.805280528,0.308030803,Kï¿½ï¿½,1671,5.160478288,341.7177914,15.02094554,22.26211849,62.47755835,15.26032316,2.383790227,1.78784267,11.91895113,5.36352801,663,2.502262443,4.88,12.90983607,0,56.35245902,-3,27.04918033,3.68852459,451,42,188,221,109,13,24,72,1.243093923,2.37388724,1.246290801,10.4620462,12.38723872,12.89328933,44.93949395,1.793179318,4.081408141,7.876787679,*,2.805280528,0.308030803,Kï¿½ï¿½,1685,6.041535557,344.5807771,15.60830861,22.61127596,62.61127596,14.77744807,2.382370459,3.573555688,8.338296605,5.360333532,671,2.497764531,4.88,12.90983607,0,56.35245902,-3,27.04918033,3.68852459,399,38,186,175,109,14,26,69,1.109570042,7.770472206,0.95636581,10.46204621,12.38723872,12.89328933,44.93949395,1.793179318,4.081408141,7.876787679,*,2.805280528,0.308030803,2.453245,18.52958757,2.988643156,0,Kï¿½ï¿½,1673,5.286343612,342.1267894,15.60071727,22.35505081,63.5385535,14.1063957,3.034901366,1.213960546,10.92564492,7.283763278,667,2.493253373,4.88,12.90983607,0,56.35245902,-3,27.04918033,3.68852459,412,34,191,187,104,13,24,67,0.559440559,12.94697904,1.418,6.885981308,16.91028037,11.86728972,42.16635514,1.510280374,6.835514019,7.553271028,*,4.786915888,0.409345794,1.074766355,5.548705302,1.849568434,0,Kï¿½ï¿½,1622,331.6973415,2.076777848,0.943989931,0.755191945,15.0431566,22.68803946,63.13193588,14.18002466,4.88,12.90983607,56.35245902,27.04918033,3.68852459,406.8410823,36,192,178.8410823,103,15,22,66,12.94697904,0.860832138,1.25,6.885981308,16.91028037,11.86728972,42.16635514,1.510280374,6.835514019,7.553271028,*,4.786915888,0.409345794,1.1,Kï¿½ï¿½,1600,327,0.7,-0.2,0.5,13.8,22.4,63.9,13.8,4.9,12.7,56.3,26.9,4.1,360,49,164,147,77,17,18,42,1.9,0.29,0.8,6.9,16.9,11.9,42.2,7.6,1.5,6.8,*,4.8,0.4,1.1
17,4032,MÃ¤genwi,2123,8.704557092,610.0574713,23.59868111,23.26895902,63.25953839,13.47150259,5.667060213,1.889020071,9.917355372,4.722550177,838,2.511933174,3.48,30.37249284,24,38.68194842,-27,30.65902579,0.286532951,2759,22,528,2209,195,10,30,155,1.207464325,2.36294896,1.56,16.18625277,15.07760532,12.44148805,34.88543976,2.648435575,6.898250801,3.190440995,*,5.863513181,0.825326435,Mï¿½ï¿½ge,2112,8.141321044,606.8965517,23.20075758,23.53219697,63.16287879,13.30492424,4.730368969,1.892147588,10.87984863,3.311258278,834,2.516786571,3.48,30.37249284,24,38.68194842,-27,30.65902579,0.286532951,2735,34,513,2188,203,10,31,162,1.550387597,1.419110691,1.748582231,16.18625277,15.07760532,12.44148805,34.88543976,2.648435575,6.898250801,3.190440995,*,5.863513181,0.825326435,Mï¿½ï¿½ge,2116,8.346134153,608.045977,22.02268431,24.29111531,62.33459357,13.37429112,7.092198582,0.945626478,11.82033097,3.309692671,832,2.527644231,3.49,30.37249284,24,38.68194842,-27,30.65902579,0.286532951,2725,33,507,2185,215,12,37,166,0.673400673,5.280844935,2.128666036,18.50873162,11.93704044,8.731617647,44.68060662,2.458639706,4.044117647,5.089613971,*,2.676930147,0.953584559,Mï¿½ï¿½ge,2114,8.243727599,607.4712644,21.33396405,23.93566698,63.38694418,12.67738884,8.577555397,2.382654277,7.624493686,6.671431975,839,2.5,3.49,30.37249284,24,38.68194842,-27,30.65902579,0.286532951,2626,35,506,2085,207,12,35,160,1.238738739,12.96207393,2.640422468,18.50873162,11.93704044,8.731617647,44.68060662,2.458639706,4.044117647,5.089613971,*,2.676930147,0.953584559,Mï¿½ï¿½ge,2083,6.656426011,598.5632184,21.07537206,24.43590975,63.03408545,12.5300048,1.441961067,1.922614756,7.209805335,4.80653689,823,2.504252734,3.49,30.37249284,24,38.68194842,-27,30.65902579,0.286532951,2506,34,386,2086,199,11,28,160,1.254275941,4.331087584,2.694898941,18.50873162,11.93704044,8.731617647,44.68060662,2.458639706,4.044117647,5.089613971,*,2.676930147,0.953584559,Mï¿½ï¿½ge,2078,6.400409626,597.1264368,20.40423484,24.68719923,62.84889317,12.4639076,3.383276945,1.933301112,12.08313195,3.866602223,808,2.545792079,3.49,30.37249284,24,38.68194842,-27,30.65902579,0.286532951,2390,20,495,1875,193,8,31,154,0,3.398058252,2.961165048,18.50873162,11.93704044,8.731617647,44.68060662,2.458639706,4.044117647,5.089613971,*,2.676930147,0.953584559,0.919118,26.21359223,14.0776699,0,Mï¿½ï¿½ge,2060,5.47875064,591.954023,19.12621359,25.4368932,62.13592233,12.42718447,5.364545233,2.438429651,9.266032675,3.413801512,787,2.58068615,3.49,30.37249284,24,38.68194842,-27,30.65902579,0.286532951,2327,25,460,1842,192,10,30,152,0.119760479,9.799118079,2.9887,13.15083799,14.16201117,10.36871508,42.38733706,2.808193669,5.121042831,5.538175047,*,4.729981378,1.037243948,0.694599628,49.4855463,7.349338559,3.919647232,Mï¿½ï¿½ge,2041,586.4942529,4.505888377,2.713773682,1.792114695,18.42234199,25.57569819,62.56736894,11.85693288,3.49,30.37249284,38.68194842,30.65902579,0.286532951,2565.362785,32.5,616.8058668,1916.056918,191,11,31,149,9.799118079,0.120772947,2.557673019,13.15083799,14.16201117,10.36871508,42.38733706,2.808193669,5.121042831,5.538175047,*,4.729981378,1.037243948,0.7,Mï¿½ï¿½ge,1994,573,2.1,1.1,0.8,18.6,25.4,62.8,11.8,3.5,24,45.7,30.3,0,1940,20,491,1429,145,9,27,109,9.2,0.38,2.2,13.2,14.2,10.4,42.4,5.5,2.8,5.1,*,4.7,1,0.7
18,4033,Mellingen,5772,24.18244406,1185.215606,33.97435897,21.67359667,62.62993763,15.6964657,5.611573871,1.928978518,11.57387111,4.208680403,2496,2.288461539,4.87,29.46058091,28,33.60995851,-25,31.53526971,5.394190871,1866,23,524,1319,340,6,60,274,5.280649926,12.199563,2.73,14.03455745,11.92887008,13.32426578,32.10417611,2.846204221,10.37731097,4.11062415,*,8.327036421,0.614578611,Mellingen,5633,21.1919105,1156.673511,33.58778626,21.64033375,63.37653116,14.9831351,5.213483146,2.337078652,12.40449438,5.93258427,2433,2.296341965,4.87,29.46058091,28,33.60995851,-25,31.53526971,5.394190871,1790,24,490,1276,341,7,59,275,7.12652439,5.215123859,2.348871085,14.03455745,11.92887008,13.32426578,32.10417611,2.846204221,10.37731097,4.11062415,*,8.327036421,0.614578611,Mellingen,5492,18.15834768,1127.720739,33.24836125,21.3583394,64.05680991,14.58485069,5.156062978,1.657305957,10.86456127,6.445078722,2368,2.298141892,4.82,29.52182952,28,33.47193347,-25,31.6008316,5.405405405,1674,23,470,1181,347,7,66,274,6.274509804,0.935803856,2.719314584,17.17685395,8.566209144,14.46134097,40.15009381,2.103288239,5.194035746,6.028438827,*,3.465982028,0.819591192,Mellingen,5369,15.51204819,1102.464066,32.46414602,21.12125163,64.31365245,14.56509592,5.601194922,2.053771471,12.69604182,6.908140403,2309,2.29,4.81,29.52182952,28,33.47193347,-25,31.6008316,5.405405405,1716,23,451,1242,346,7,65,274,8.300395257,2.994572338,3.050720569,17.17685395,8.566209144,14.46134097,40.15009381,2.103288239,5.194035746,6.028438827,*,3.465982028,0.819591192,Mellingen,5343,14.95266781,1097.125257,32.24780086,20.73741344,64.96350365,14.29908291,6.099304298,3.621461927,10.48317926,5.146288002,2318,2.282571182,4.81,29.52182952,28,33.47193347,-25,31.6008316,5.405405405,1690,23,441,1226,340,8,66,266,12.94024535,45.24271845,2.951456311,17.17685395,8.566209144,14.46134097,40.15009381,2.103288239,5.194035746,6.028438827,*,3.465982028,0.819591192,Mellingen,5150,10.80034423,1057.494867,31.3592233,20.36893204,65.84466019,13.78640777,5.579356381,1.992627279,13.5498655,5.579356381,2228,2.288150808,4.81,29.52182952,28,33.47193347,-25,31.6008316,5.405405405,1756,21,451,1284,330,7,68,255,9.484126984,11.86822181,2.578268877,17.17685395,8.566209144,14.46134097,40.15009381,2.103288239,5.194035746,6.028438827,*,3.465982028,0.819591192,2.034166,36.62778801,7.980356047,2.455494168,Mellingen,4887,5.141996558,1003.49076,30.52997749,20.52383876,65.52076939,13.95539186,4.981837052,2.283341982,11.00155682,6.019719772,2106,2.294396961,4.81,29.52182952,28,33.47193347,-25,31.6008316,5.405405405,1678,23,490,1165,324,8,64,252,7.719298246,23.58887953,2.3168,14.58511481,11.83768804,14.25494854,36.19002375,2.270783848,6.417260491,6.493269992,*,5.127474268,1.582739509,1.241488519,40.64869419,7.582139848,0.210614996,Mellingen,4748,974.9486653,2.151462995,0.817555938,1.226333907,30.1390059,20.68239259,65.64869419,13.66891323,4.81,29.52182952,33.47193347,31.6008316,5.405405405,1668.145703,27,515.7695498,1125.376153,327,9,66,252,23.58887953,1.137915339,1.969270721,14.58511481,11.83768804,14.25494854,36.19002375,2.270783848,6.417260491,6.493269992,*,5.127474268,1.582739509,1.2,Mellingen,4621,949,-0.6,-0.9,0.7,29.1,21.3,65.9,12.9,4.8,26.7,36.2,32.4,4.8,1529,32,533,964,260,8,62,190,0.2,0.24,2.3,14.6,11.8,14.3,36.2,6.5,2.3,6.4,*,5.1,1.6,1.2
19,4034,Neuenhof,8950,9.775542745,1663.568773,48.73743017,20.22346369,61.95530726,17.82122905,4.613220816,1.687763713,12.26441632,6.300984529,3872,2.274793388,5.38,27.17190388,14,17.56007394,-16,49.72273567,5.545286507,2711,12,654,2045,395,6,87,302,4.878629224,6.758304696,2.13,10.05214078,15.67231525,17.65266219,32.04652562,3.003108393,7.67071092,2.446605836,*,7.164343728,0.792138775,Neuenhof,8825,8.242364774,1640.334572,48.9631728,20.18130312,62.31161473,17.50708215,4.784961549,1.936770151,13.4434634,5.240672173,3804,2.281808622,5.38,27.17190388,14,17.56007394,-16,49.72273567,5.545286507,2587,9,682,1896,396,6,80,310,4.331270823,0,2.302405498,10.05214078,15.67231525,17.65266219,32.04652562,3.003108393,7.67071092,2.446605836,*,7.164343728,0.792138775,Neuenhof,8730,7.077149516,1622.67658,49.19816724,20.16036655,62.82932417,17.01030928,5.377574371,2.517162471,10.98398169,6.52173913,3786,2.26967776,5.41,27.35674677,14,17.56007394,-16,49.53789279,5.545286507,2540,10,658,1872,411,6,84,321,5.104241553,0.340174623,2.902857143,9.435353768,17.11454252,16.49688868,37.17446416,2.290850426,4.715372206,5.987554736,*,3.931781517,0.682184835,Neuenhof,8750,7.322457991,1626.394052,48.84571429,20.14857143,63.10857143,16.74285714,5.691843588,2.162900564,13.43275087,6.488701691,3807,2.27,5.41,27.35674677,14,17.56007394,-16,49.53789279,5.545286507,2463,9,620,1834,394,6,82,306,4.016354016,4.308878558,2.993536682,9.435353768,17.11454252,16.49688868,37.17446416,2.290850426,4.715372206,5.987554736,*,3.931781517,0.682184835,Neuenhof,8819,8.168772231,1639.219331,47.93060438,20.28574668,63.31783649,16.39641683,5.051084835,1.951555505,12.51291471,6.773045575,3839,2.267517583,5.41,27.35674677,14,17.56007394,-16,49.53789279,5.545286507,2548,10,685,1853,402,6,87,309,4.645006017,5.695687551,3.347669418,9.435353768,17.11454252,16.49688868,37.17446416,2.290850426,4.715372206,5.987554736,*,3.931781517,0.682184835,Neuenhof,8603,5.519440697,1599.070632,47.1463443,20.13251191,63.72195746,16.14553063,6.346594582,1.998001998,13.39836634,7.639419404,3770,2.247745358,5.41,27.35674677,14,17.56007394,-16,49.53789279,5.545286507,2459,10,653,1796,381,5,78,298,4.343582235,4.278583314,3.38721179,9.435353768,17.11454252,16.49688868,37.17446416,2.290850426,4.715372206,5.987554736,*,3.931781517,0.682184835,2.171007,37.91300214,7.130972189,3.922034704,Neuenhof,8414,3.201275604,1563.94052,46.62467316,20.13311148,63.78654623,16.08034229,6.080839394,1.311553595,11.9232145,7.750089424,3696,2.246753247,5.41,27.35674677,14,17.56007394,-16,49.53789279,5.545286507,2414,10,667,1737,374,5,77,292,4.376854599,9.80861244,4.3301,7.038461539,15.24818578,19.74310595,34.808418,3.230769231,4.272859216,6.608853411,*,6.312772134,1.486937591,1.249637155,46.53110048,15.31100478,5.38277512,Neuenhof,8360,1553.903346,2.538942721,2.24457255,1.079357292,46.61483254,20.03588517,64.0430622,15.92105263,5.41,27.35674677,17.56007394,49.53789279,5.545286507,2300.085556,10,613.6852605,1676.400296,351,6,73,272,9.80861244,3.988035892,4.569270135,7.038461539,15.24818578,19.74310595,34.808418,3.230769231,4.272859216,6.608853411,*,6.312772134,1.486937591,1.2,Neuenhof,8207,1525,0.7,1.4,0.4,46.3,20.2,64.1,15.8,5.4,26.2,17.7,51,5.2,1822,13,594,1215,257,7,69,181,0.4,4.74,4.6,7,15.2,19.7,34.8,6.6,3.2,4.3,*,6.3,1.5,1.2
20,4035,Niederrohrdorf,4134,19.58345386,1241.441441,18.55345912,20.53701016,60.03870343,19.42428641,5.097706032,1.94198325,11.4091516,4.61221022,1830,2.240437158,3.33,26.64670659,14,42.21556886,-14,29.64071856,1.497005988,744,24,112,608,226,10,25,191,0.811770675,7.453416149,0.49,17.15921685,10.67140746,13.59900259,24.58902844,2.853712597,9.664758035,11.39637976,*,7.494458811,0.480236424,Niederrohrdorf,4105,18.74457622,1232.732733,18.75761267,20.17052375,61.16930572,18.66017052,5.166051661,1.47601476,12.05412054,6.150061501,1800,2.262222222,3.33,26.64670659,14,42.21556886,-14,29.64071856,1.497005988,777,21,113,643,226,9,27,190,2.067183463,8.807045636,0.869565217,17.15921685,10.67140746,13.59900259,24.58902844,2.853712597,9.664758035,11.39637976,*,7.494458811,0.480236424,Niederrohrdorf,4025,16.43043101,1208.708709,18.68322981,20.39751553,61.88819876,17.71428571,6.176016469,1.286670098,11.8373649,7.205352548,1773,2.253807107,3.34,26.86567164,14,42.08955224,-14,29.55223881,1.492537313,733,20,127,586,227,10,26,191,1.207349081,49.01164365,1.307712837,17.87189042,9.754255212,11.63762715,31.53389062,2.58837748,5.227112499,13.20878235,*,5.287541545,0.846006647,Niederrohrdorf,3747,8.388776396,1125.225225,17.98772351,20.57646117,61.16893515,18.25460368,2.419354839,0.806451613,10.48387097,7.52688172,1627,2.28,3.35,26.86567164,14,42.08955224,-14,29.55223881,1.492537313,768,19,180,569,220,9,29,182,1.346257404,5.957216355,1.191443271,17.87189042,9.754255212,11.63762715,31.53389062,2.58837748,5.227112499,13.20878235,*,5.287541545,0.846006647,Niederrohrdorf,3693,6.826728377,1109.009009,17.46547522,20.90441376,61.16978067,17.92580558,5.741626794,1.093643199,14.49077239,4.101161996,1593,2.299435028,3.35,26.86567164,14,42.08955224,-14,29.55223881,1.492537313,728,23,188,517,218,11,31,176,0.777511962,0,1.325234677,17.87189042,9.754255212,11.63762715,31.53389062,2.58837748,5.227112499,13.20878235,*,5.287541545,0.846006647,Niederrohrdorf,3622,4.772924501,1087.687688,17.66979569,20.29265599,61.87189398,17.83545003,6.605201596,1.926517132,11.55910279,6.05476813,1576,2.280456853,3.35,26.86567164,14,42.08955224,-14,29.55223881,1.492537313,722,18,200,504,212,8,30,174,0.36101083,3.29218107,1.371742113,17.87189042,9.754255212,11.63762715,31.53389062,2.58837748,5.227112499,13.20878236,*,5.287541545,0.846006647,2.044516,37.58573388,3.840877915,0,Niederrohrdorf,3645,5.43824125,1094.594595,17.80521262,20.24691358,63.04526749,16.70781893,6.306553332,2.193583767,12.88730463,7.677543186,1579,2.291323623,3.35,26.86567164,14,42.08955224,-14,29.55223881,1.492537313,751,21,203,527,210,9,31,170,0.06002401,3.83666758,1.3976,14.13654618,13.50040161,14.10843373,32.84899598,2.713253012,6.616064257,8.408032129,*,5.886746988,0.832931727,0.948594377,32.33762675,3.288572212,0,Niederrohrdorf,3649,1095.795796,5.55394851,4.223315013,1.706682094,17.81309948,19.81364757,63.82570567,16.36064675,3.35,26.86567164,42.08955224,29.55223881,1.492537313,757.4147669,18,205.4069767,534.0077902,198,9,31,158,3.83666758,0.181708056,0.957746479,14.13654618,13.50040161,14.10843373,32.84899598,2.713253012,6.616064257,8.408032129,*,5.886746988,0.832931727,0.9,Niederrohrdorf,3550,1066,2.7,2.3,1,17.7,19.8,64.2,16,3.3,24.5,45,29.6,0.9,757,22,302,433,128,11,25,92,0.6,0.85,1,14.1,13.5,14.1,32.8,8.4,2.7,6.6,*,5.9,0.8,0.9
21,4037,Oberrohrdorf,4080,4.615384615,948.8372093,17.4754902,17.96568627,58.30882353,23.7254902,3.925417076,2.453385672,8.341511286,8.83218842,1826,2.211391019,4.3,21.99074074,17,40.0462963,-17,37.96296296,0,808,16,158,634,204,13,24,167,2.708226878,0.727625515,0.76,19.93331645,13.76297797,11.55988858,25.16670887,2.135561746,10.45834388,6.153456571,*,6.976449734,0.417827298,Oberrohrdorf,4072,4.41025641,946.9767442,17.28880157,18.07465619,58.27603143,23.64931238,5.125076266,2.196461257,8.053691275,8.297742526,1819,2.218251787,4.3,21.99074074,17,40.0462963,-17,37.96296296,0,770,21,152,597,202,13,25,164,2.269210934,0,0.970167354,19.93331645,13.76297797,11.55988858,25.16670887,2.135561746,10.45834388,6.153456571,*,6.976449734,0.417827298,Oberrohrdorf,4123,5.717948718,958.8372093,17.39024982,17.80257094,59.42275042,22.77467863,3.168799513,1.462522852,8.043875686,5.606337599,1819,2.241891149,4.32,21.80974478,17,39.90719258,-17,38.28306265,0,820,20,151,649,208,13,24,171,2.690118986,10.16865079,0.759431651,22.78370553,12.45091428,11.55051366,31.486256,1.888064734,5.941850779,7.437229781,*,3.823727738,0.468049661,Oberrohrdorf,4082,4.666666667,949.3023256,17.71190593,17.71190593,59.77462028,22.51347379,4.436775943,2.957850629,9.613014543,7.148139019,1797,2.24,4.31,21.80974478,17,39.90719258,-17,38.28306265,0,881,24,157,700,211,14,25,172,1.917098446,6.448412698,0.892857143,22.78370553,12.45091428,11.55051366,31.486256,1.888064734,5.941850779,7.437229781,*,3.823727738,0.468049661,Oberrohrdorf,4032,3.384615385,937.6744186,17.85714286,17.70833333,59.89583333,22.39583333,5.229083665,1.743027888,7.96812749,10.20916335,1781,2.249298147,4.31,21.80974478,17,39.90719258,-17,38.28306265,0,830,20,161,649,212,11,27,174,1.112877584,10.5,0.775,22.78370553,12.45091428,11.55051366,31.486256,1.888064734,5.941850779,7.437229781,*,3.823727738,0.468049661,Oberrohrdorf,4000,2.564102564,930.2325581,17.5,17.575,60,22.425,5.262498434,0.75178549,6.014283924,7.517854905,1772,2.239277652,4.31,21.80974478,17,39.90719258,-17,38.28306265,0,808,25,171,612,219,15,29,175,1.502952228,11.05249937,0.879176086,22.78370552,12.45091428,11.55051367,31.486256,1.888064734,5.941850779,7.437229781,*,3.823727738,0.468049661,2.169688,29.13840744,3.767897513,0,Oberrohrdorf,3981,2.076923077,927.972028,17.40768651,17.93519216,60.26124089,21.80356694,5.562579014,2.275600506,7.83817952,6.068268015,1733,2.277553376,4.31,21.80974478,17,39.90719258,-17,38.28306265,0,743,27,155,561,216,15,29,172,1.100110011,1.272588445,0.5599,16.49112426,14.62393162,14.71334648,30.37804076,1.750821828,6.690992768,7.633793557,*,5.199211045,1.41617357,1.103221565,18.07075592,1.781623823,0,Oberrohrdorf,3929,915.8508159,0.743589744,0.384615385,0.435897436,16.46729448,18.22346653,60.62611351,21.15041995,4.31,21.80974478,39.90719258,38.28306265,0,736.8269793,28,165.2857143,543.541265,199,14,31,154,1.272588445,0.338791643,0.356778797,16.49112426,14.62393162,14.71334648,30.37804076,1.750821828,6.690992768,7.633793557,*,5.199211045,1.41617357,1.1,Oberrohrdorf,3924,915,0.6,0.8,0.2,15.9,18,61.3,20.7,4.3,20.7,39.8,39.5,0,554,24,145,385,131,11,21,99,6.9,1.19,0.5,16.5,14.6,14.7,30.4,7.6,1.8,6.7,*,5.2,1.4,1.1
22,4038,Obersiggenthal,8628,5.476772616,1032.057416,31.11961057,20.74640705,57.70746407,21.54612888,2.907652942,1.279367295,11.04908118,9.653407769,3797,2.246773769,8.36,20.54958184,17,35.12544803,-10,42.89127838,1.433691756,2015,29,346,1640,384,15,63,306,2.229222195,1.75070028,2.77,15.03941941,12.50456847,20.45110427,23.40886545,3.299744165,8.690544562,2.558345951,*,11.36114447,0.383751893,Obersiggenthal,8568,4.743276284,1024.880383,31.4309057,20.21475257,58.40336134,21.38188609,3.267973856,1.633986928,10.62091503,8.636788049,3745,2.260881175,8.36,20.54958184,17,35.12544803,-10,42.89127838,1.433691756,1973,36,355,1582,393,17,64,312,3.396042023,2.885836315,2.485994398,15.03941941,12.50456847,20.45110427,23.40886545,3.299744165,8.690544562,2.558345951,*,11.36114447,0.383751893,Obersiggenthal,8568,4.743276284,1024.880383,31.68767507,20.07469655,58.81185808,21.11344538,5.919563577,0.812489118,9.633799547,8.124891185,3741,2.257952419,8.37,20.66905615,17,35.12544803,-10,42.77180406,1.433691756,1937,42,351,1544,385,19,58,308,2.970783207,2.328288708,2.724229482,17.37618828,13.3646155,19.4913812,27.94485911,3.218983249,5.324451144,5.587026817,*,5.886071333,0.243125623,Obersiggenthal,8663,5.904645477,1036.244019,31.75574281,20.18931086,59.20581785,20.60487129,4.057265403,1.506984293,11.476265,9.273749493,3764,2.27,8.37,20.66905615,17,35.12544803,-10,42.77180406,1.433691756,1940,43,430,1467,381,20,69,292,1.99164003,0.931315483,2.281722934,17.37618828,13.3646155,19.4913812,27.94485911,3.218983249,5.324451144,5.587026817,*,5.886071333,0.243125623,Obersiggenthal,8590,5.012224939,1027.511962,31.90919674,20.10477299,59.13853318,20.75669383,4.992163464,1.277065072,10.56481105,7.894584083,3763,2.256975817,8.37,20.66905615,17,35.12544803,-10,42.77180406,1.433691756,2000,47,443,1510,397,20,63,314,2.129239911,2.894523561,2.246150284,17.37618828,13.3646155,19.4913812,27.94485911,3.218983249,5.324451144,5.587026817,*,5.886071333,0.243125623,Obersiggenthal,8637,5.586797066,1033.133971,32.62706958,20.08799352,59.54613871,20.36586778,4.877199094,1.509609243,11.49625501,8.128665157,3773,2.264510999,8.37,20.66905615,17,35.12544803,-10,42.77180406,1.433691756,2056,44,406,1606,392,19,63,310,1.65677547,4.192872117,2.364314,17.37618828,13.3646155,19.4913812,27.94485911,3.218983249,5.324451144,5.587026817,*,5.886071333,0.243125623,1.563298,35.17353832,1.863498719,2.329373399,Obersiggenthal,8586,4.963325183,1027.033493,32.52969951,19.96273003,59.94642441,20.09084556,4.226344212,1.995773656,10.44846208,9.039680676,3734,2.272629887,8.37,20.66905615,17,35.12544803,-10,42.77180406,1.433691756,1835,47,483,1305,398,19,66,313,0.950237559,2.366863905,2.2367,12.1948,17.1952,20.8792,26.3852,3.0588,5.3076,5.6584,*,7.3768,0.9488,0.9952,45.79881657,2.840236686,0.473372781,Obersiggenthal,8450,1010.76555,3.300733496,3.26405868,0.574572127,31.78698225,19.72781065,60.22485207,20.04733728,8.37,20.66905615,35.12544803,42.77180406,1.433691756,1848.478458,57,470.7272727,1320.751185,374,22,61,291,2.366863905,0.276520865,2.12611742,12.1948,17.1952,20.8792,26.3852,3.0588,5.3076,5.6584,*,7.3768,0.9488,1,Obersiggenthal,8278,990,1.2,1.8,0.2,31.2,20,60.4,19.6,8.4,19.6,35.6,43.5,1.3,1579,65,380,1134,275,24,56,195,4.3,1.23,2,12.2,17.2,20.9,26.4,5.7,3.1,5.3,*,7.4,0.9,1
23,4039,Remetschwil,2019,4.96E-02,520.3608247,14.11589896,21.39673106,61.21842496,17.38484398,6.483790524,0.997506234,8.478802993,4.987531172,814,2.472972973,3.88,19.48051948,24,57.14285714,-21,23.37662338,0,520,50,160,310,131,17,26,88,3.043968433,3.371868979,1.16,17.75791042,11.54351828,7.511613638,30.37952494,2.980103427,11.46463318,7.888509072,*,6.845472872,1.043036199,Remetschwil,1991,-1.337958375,513.1443299,13.56102461,21.64741336,60.8739327,17.47865394,0.98352594,0.98352594,5.409392673,8.359970494,799,2.484355444,3.88,19.48051948,24,57.14285714,-21,23.37662338,0,528,49,165,314,129,17,25,87,2.391799544,0,1.107899807,17.75791042,11.54351828,7.511613638,30.37952494,2.980103427,11.46463318,7.888509072,*,6.845472872,1.043036199,Remetschwil,2076,2.874132805,535.0515464,15.41425819,21.62813102,62.09055877,16.28131021,2.870813397,1.435406699,7.177033493,4.784688995,824,2.513349515,3.85,19.37984496,24,57.36434109,-21,23.25581395,0,523,48,181,294,124,18,24,82,0.908059024,3.429691328,1.283269962,18.02551805,10.84064791,9.157542304,37.37218351,2.588001086,6.886254638,8.279793684,*,4.587820107,0.841552801,Remetschwil,2104,4.261645193,542.2680412,15.01901141,21.86311787,62.88022814,15.25665399,4.342581423,0.482509047,7.237635706,6.272617612,835,2.51,3.87,19.37984496,24,57.36434109,-21,23.25581395,0,495,52,172,271,121,18,23,80,0.228050171,17.63841254,1.126898579,18.02551805,10.84064791,9.157542304,37.37218351,2.588001086,6.886254638,8.279793684,*,4.587820107,0.841552801,Remetschwil,2041,1.139742319,526.0309278,14.06173444,22.53797158,62.56736894,14.89465948,4.900759618,1.470227885,8.33129135,4.410683656,803,2.536737235,3.87,19.37984496,24,57.36434109,-21,23.25581395,0,492,51,180,261,129,17,25,87,0.356718193,0.490196078,0.735294118,18.02551805,10.84064791,9.157542304,37.37218351,2.588001086,6.886254638,8.279793684,*,4.587820107,0.841552801,Remetschwil,2040,1.090188305,525.7731959,14.16666667,22.74509804,63.33333333,13.92156863,3.423820005,0,9.293225728,0.978234287,793,2.56998739,3.87,19.37984496,24,57.36434109,-21,23.25581395,0,496,52,181,263,128,16,25,87,0.240963855,0.488042948,1.02489019,18.02551805,10.84064791,9.157542304,37.37218351,2.588001086,6.886254638,8.279793684,*,4.587820107,0.841552801,1.420686,9.272816008,1.952171791,0,Remetschwil,2049,1.53617443,526.7352185,13.51878965,23.08443143,63.68960469,13.22596388,2.437835202,1.950268162,3.412969283,4.388103364,791,2.587863464,3.87,19.37984496,24,57.36434109,-21,23.25581395,0,527,46,201,280,136,16,24,96,0.240673887,2.435460302,0.9255,14.63142857,12.27285714,14.18142857,33.03,1.751428571,7.525714286,6.595714286,*,7.515714286,1.008571429,1.487142857,11.20311739,0,0,Remetschwil,2053,527.7634961,1.734390486,0.396432111,1.437066402,13.83341452,23.91622017,63.41938626,12.66439357,3.87,19.37984496,57.36434109,23.25581395,0,489.6666667,46,167,276.6666667,129,16,25,88,2.435460302,0.364520049,0.83374203,14.63142857,12.27285714,14.18142857,33.03,1.751428571,7.525714286,6.595714286,*,7.515714286,1.008571429,1.5,Remetschwil,2039,524,1,0.5,0.7,12.7,24.4,63.6,12,3.9,16.4,59.2,24.2,0.3,403,44,170,189,87,15,22,50,7.9,0.98,1,14.6,12.3,14.2,33,6.6,1.8,7.5,*,7.5,1,1.5
24,4040,Spreitenbach,12065,11.5477071,1402.906977,50.26937422,22.81806879,63.1496063,14.03232491,4.092541552,2.338595172,13.27987973,6.848743005,4920,2.429878049,8.6,37.9350348,61,24.59396752,-63,35.73085847,1.740139211,8342,34,1283,7025,743,13,107,623,1.347760061,0,3.88,10.26859614,10.59432904,19.90708603,35.26993112,2.536444706,8.111283174,2.552464356,*,7.507876328,0.517968708,Spreitenbach,11881,9.846523669,1381.511628,50.273546,22.83477822,63.33641949,13.82880229,5.492416241,2.45046263,13.43529511,6.252904643,4808,2.450083195,8.6,37.9350348,61,24.59396752,-63,35.73085847,1.740139211,8725,44,1275,7406,745,13,106,626,2.582807571,16.04370826,5.055989141,10.26859614,10.59432904,19.90708603,35.26993112,2.536444706,8.111283174,2.552464356,*,7.507876328,0.517968708,Spreitenbach,11788,8.986686391,1370.697674,50.31387852,22.77740075,63.51374279,13.70885646,4.54564947,2.487242163,12.00737596,5.403319182,4780,2.445606695,8.62,37.89107764,61,24.56546929,-63,35.80533024,1.738122827,8461,30,1320,7111,760,14,114,632,0.672601385,9.4197103,5.324776689,14.61590427,10.51437946,16.72939587,41.22273692,2.789036866,4.222157885,5.056938815,*,2.644277167,0.516309593,Spreitenbach,11531,6.610576923,1340.813953,50.3945885,23.12895673,63.29026104,13.58078224,5.091292135,1.58005618,15.625,5.44241573,4660,2.45,8.63,37.89107764,61,24.56546929,-63,35.80533024,1.738122827,8171,47,1348,6776,749,15,114,620,1.191209694,4.265529192,5.376344086,14.61590427,10.51437946,16.72939587,41.22273692,2.789036866,4.222157885,5.056938815,*,2.644277167,0.516309593,Spreitenbach,11253,4.040310651,1308.488372,51.71065494,22.83835422,63.83186706,13.32977873,4.306284484,2.153142242,12.55999641,6.190283946,4555,2.445444566,8.63,37.89107764,61,24.56546929,-63,35.80533024,1.738122827,8001,50,1330,6621,754,14,119,621,0.357067843,4.710144928,5.144927536,14.61590427,10.51437946,16.72939587,41.22273692,2.789036866,4.222157885,5.056938815,*,2.644277167,0.516309593,Spreitenbach,11040,2.071005917,1283.72093,51.21376812,23.05253623,63.98550725,12.96195652,5.906406179,1.817355747,13.26669696,6.269877328,4471,2.445761575,8.63,37.89107764,61,24.56546929,-63,35.80533024,1.738122827,7839,27,1298,6514,724,12,117,595,0.529661017,0.182315406,5.086599818,14.61590427,10.51437946,16.72939587,41.22273692,2.789036866,4.222157885,5.056938815,*,2.644277167,0.516309593,1.688863,95.25979945,7.930720146,4.557885141,Spreitenbach,10970,1.423816568,1275.581395,51.42206016,22.93527803,64.30264357,12.7620784,6.392694064,1.735159817,16.34703196,6.02739726,4454,2.43960485,8.63,37.89107764,61,24.56546929,-63,35.80533024,1.738122827,7760,28,1424,6308,714,12,124,578,0.49345634,1.555352242,4.7758,9.172774869,10.9394166,19.39566193,38.67539267,2.517576664,4.8578908,6.446522064,*,4.878085266,1.416604338,1.700822738,120.0365965,11.16193962,1.738334858,Spreitenbach,10930,1270.930233,1.053994083,-0.43454142,1.460798817,51.24428179,22.72644099,64.75754803,12.51601098,8.63,37.89107764,24.56546929,35.80533024,1.738122827,8017.190523,32.3333333,1456.858312,6527.998878,677,13,112,552,1.555352242,0.278969957,4.934149508,9.172774869,10.9394166,19.39566193,38.67539267,2.517576664,4.8578908,6.446522064,*,4.878085266,1.416604338,1.7,Spreitenbach,10782,1254,-0.3,-0.4,0.7,50.6,22.5,65.4,12.1,8.6,35.5,27.8,35.3,1.4,7733,32,1249,6452,534,11,86,437,0.7,0.43,4.4,9.2,10.9,19.4,38.7,6.4,2.5,4.9,*,4.9,1.4,1.7
25,4041,Stetten (AG),2201,34.20731707,499.0929705,21.44479782,22.35347569,62.33530214,15.31122217,3.633885987,1.362707245,12.71860095,4.088121735,876,2.507990868,4.41,17.97752809,17,48.31460674,-21,27.19101124,6.516853933,882,74,558,250,132,16,32,84,1.252609603,0,0.95,13.46197503,11.94097616,12.82633371,35.42565267,3.700340522,7.014755959,5.607264472,*,7.082860386,0.385925085,Stetten (AG),2202,34.26829268,499.3197279,21.88919164,22.11625795,63.44232516,14.44141689,4.977375566,0.904977376,12.21719457,2.714932127,880,2.497727273,4.41,17.97752809,17,48.31460674,-21,27.19101124,6.516853933,874,65,570,239,139,16,38,85,0.835073069,5.447117567,0.856627592,13.46197503,11.94097616,12.82633371,35.42565267,3.700340522,7.014755959,5.607264472,*,7.082860386,0.385925085,Stetten (AG),2218,35.24390244,502.9478458,22.18214608,22.54283138,63.97655546,13.48061317,5.428636055,1.357159014,10.85727211,4.976249717,877,2.525655644,4.45,18.01801802,17,48.1981982,-21,27.25225225,6.531531532,872,66,591,215,131,16,35,80,0.829875519,8.882655447,1.497957331,15.14349253,10.53690564,13.05729112,41.71343853,1.683786932,4.130043418,5.602033252,*,5.496134703,0.60362173,Stetten (AG),2203,34.32926829,499.5464853,20.83522469,22.87789378,64.86609169,12.25601453,4.145555044,1.842468908,15.20036849,3.684937817,860,2.55,4.44,18.01801802,17,48.1981982,-21,27.25225225,6.531531531,861,60,600,201,136,16,39,81,0.94637224,35.99812997,2.01028518,15.14349253,10.53690564,13.05729112,41.71343853,1.683786932,4.130043418,5.602033252,*,5.496134703,0.60362173,Stetten (AG),2139,30.42682927,485.0340136,21.03786816,23.09490416,64.98363721,11.92145863,4.335260116,2.408477842,13.00578035,3.371868979,836,2.550239234,4.44,18.01801802,17,48.1981982,-21,27.25225225,6.531531532,936,65,642,229,137,17,41,79,1.60944206,4.470938897,1.73869846,15.14349253,10.53690564,13.05729112,41.71343853,1.683786932,4.130043418,5.602033252,*,5.496134703,0.60362173,Stetten (AG),2013,22.74390244,456.462585,21.26179831,23.74565325,64.53055142,11.72379533,6.547469151,1.007302946,12.08763536,5.540166205,770,2.606493507,4.44,18.01801802,17,48.1981982,-21,27.25225225,6.531531531,937,70,621,246,135,16,41,78,0.937866354,3.575076609,1.736465781,15.14349253,10.53690564,13.05729112,41.71343853,1.683786932,4.130043418,5.602033252,*,5.496134703,0.60362173,2.033252,14.81103167,7.660878447,0,Stetten (AG),1958,19.3902439,443.9909297,20.78651685,23.49336057,64.81103167,11.69560776,2.15285253,1.076426265,11.84068891,3.229278794,757,2.583883752,4.44,18.01801802,17,48.1981982,-21,27.25225225,6.531531531,898,66,596,236,129,17,38,74,0.236966825,77.36063709,1.1377,14.16827853,13.07930368,14.35203095,36.59961315,1.98065764,4.394584139,5.088974855,*,7.266924565,1.404255319,1.665377176,22.18430034,7.963594994,0,Stetten (AG),1758,398.6394558,7.195121951,5.426829268,1.341463415,19.16951081,24.06143345,63.65187713,12.28668942,4.44,18.01801802,48.1981982,27.25225225,6.531531531,938.6764844,91,592.8237871,254.8526973,140,20,39,81,77.36063709,0.477897252,1.077199282,14.16827853,13.07930368,14.35203095,36.59961315,1.98065764,4.394584139,5.088974855,*,7.266924565,1.404255319,1.7,Stetten (AG),1671,379,1.9,1.2,0.6,17.7,24.9,62.8,12.3,4.4,16.7,50.2,27.7,5.4,793,85,530,178,106,20,33,53,19.5,0.27,1.5,14.2,13.1,14.4,36.6,5.1,2,4.4,*,7.3,1.4,1.7
26,4042,Turgi,3004,4.233171409,1938.064516,38.54860186,19.50732357,65.81225033,14.6804261,6.647831145,2.326740901,12.29848762,7.31261426,1380,2.152173913,1.55,44.73684211,6,15.78947368,-6,36.84210526,2.631578947,751,0,248,503,148,0,25,123,2.490421456,26.43171806,4.18,12.71129141,7.901091471,28.04984063,21.07601661,1.439196368,8.31643002,2.096010818,*,15.58002511,0.531246982,Turgi,3013,4.545454546,1943.870968,38.99767673,19.7145702,65.61566545,14.66976435,6.706908115,4.024144869,12.74312542,6.706908115,1356,2.198377581,1.55,44.73684211,6,15.78947368,-6,36.84210526,2.631578947,X,X,322,508,X,X,28,127,7.42162508,0,4.134191799,12.71129141,7.901091471,28.04984063,21.07601661,1.439196368,8.31643002,2.096010818,*,15.58002511,0.531246982,Turgi,2951,2.394170715,1903.870968,38.5293121,19.45103355,66.07929515,14.4696713,6.352390505,0.668672685,10.03009027,6.686726847,1323,2.201058201,1.52,44.66666667,6,16,-6,36.66666667,2.666666667,943,X,467,476,162,X,30,132,3.052917232,0.334672021,4.190036292,13.65249928,7.780869231,24.89686271,27.08433273,2.638395855,5.372733378,2.993380025,*,11.82001343,0.921040008,Turgi,3031,5.170020819,1955.483871,38.86506104,19.59749258,66.5786869,13.82382052,4.319654428,0.33228111,9.636152185,7.310184416,1351,2.22,1.5,44.66666667,6,16,-6,36.66666667,2.666666667,1015,X,535,480,157,X,29,128,1.759133965,3.346720214,4.116465864,13.65249928,7.780869231,24.89686271,27.08433273,2.638395855,5.372733378,2.993380025,*,11.82001343,0.921040008,Turgi,2988,3.678001388,1927.741935,38.65461847,19.71218206,66.46586345,13.82195448,5.042016807,2.68907563,11.76470588,7.058823529,1343,2.195830231,1.5,44.66666667,6,16,-6,36.66666667,2.666666667,1054,0,647,407,156,0,28,128,2.656675749,2.025658339,3.241053342,13.65249928,7.780869232,24.89686271,27.08433273,2.638395855,5.372733378,2.993380025,*,11.82001343,0.921040008,Turgi,2962,2.775850104,1910.967742,37.57596219,19.98649561,66.7116813,13.30182309,7.096992227,3.379520108,14.53193646,6.759040216,1346,2.174591382,1.5,44.66666667,6,16,-6,36.66666667,2.666666667,1042,0,642,400,149,0,26,123,2.382573179,0,3.788903924,13.65249928,7.780869231,24.89686271,27.08433273,2.638395855,5.372733378,2.993380025,*,11.82001343,0.921040008,2.839873,37.55074425,3.721244926,2.029769959,Turgi,2956,2.567661346,1907.096774,37.85520974,20.1623816,66.64411367,13.19350474,3.054471407,3.733242831,12.89665705,7.466485661,1323,2.201814059,1.5,44.66666667,6,16,-6,36.66666667,2.666666667,992,0,612,380,140,0,27,113,1.843003413,19.40755873,3.2686,9.225251076,8.404591105,26.08321377,28.98278336,2.411764706,6.179340029,4.021520803,*,11.90961263,0.859397417,1.922525108,47.32720463,9.533537623,1.702417433,Turgi,2937,1894.83871,1.908396947,-0.381679389,1.040943789,37.82771536,20.3609125,66.80286006,12.83622744,1.5,44.66666667,16,36.66666667,2.666666667,1036.31625,0,629.5905385,406.7257119,135,0,26,109,19.40755873,0.2734108,2.557898375,9.225251076,8.404591105,26.08321377,28.98278336,2.411764706,6.179340029,4.021520803,*,11.90961263,0.859397417,1.9,Turgi,2893,1866,0.4,-0.1,0.6,37.1,20.6,66.5,12.9,1.5,42.5,17.6,35.9,3.9,718,1,428,289,98,1,23,74,0,0.64,2.9,9.2,8.4,26.1,29,4,2.4,6.2,*,11.9,0.9,1.9
27,4044,Untersiggenthal,7211,7.7877429,870.8937198,28.7616142,21.12051033,60.28290112,18.59658855,4.428759255,0.83039236,12.31748668,7.473531244,3052,2.325688073,8.28,22.49093108,37,30.47158404,-41,43.28899637,3.748488513,2594,54,1646,894,289,14,54,221,2.953586498,2.216373459,2.71,15.04209542,11.66822576,17.54911132,27.15310259,2.728406611,8.266292485,2.126598067,*,12.57873402,0.452135953,Untersiggenthal,7240,8.22122571,874.3961353,28.41160221,20.96685083,60.84254144,18.19060773,5.809530396,0.691610762,10.65080573,6.63946331,3031,2.345430551,8.28,22.49093108,37,30.47158404,-41,43.28899637,3.748488513,2540,56,1592,892,290,13,58,219,3.118377233,0.830564784,2.631943483,15.04209542,11.66822576,17.54911132,27.15310259,2.728406611,8.266292485,2.126598067,*,12.57873402,0.452135953,Untersiggenthal,7219,7.907324365,871.8599034,27.95401025,21.41570855,60.64551877,17.93877268,3.877310808,2.215606176,11.9088832,8.031572388,3026,2.348975545,8.27,22.42424242,37,30.42424242,-41,43.39393939,3.757575758,2726,51,1823,852,300,13,64,223,2.494675996,2.094679514,2.464008859,14.46940629,9.607217129,18.63741542,35.18057468,2.387159134,5.175595325,4.674731261,*,6.748484227,0.922644328,Untersiggenthal,7224,7.98206278,872.4637681,28.22535991,21.56699889,60.99114064,17.44186047,4.17101147,1.529370872,11.95689955,6.812652068,3042,2.34,8.25,22.42424242,37,30.42424242,-41,43.39393939,3.757575758,2844,53,1927,864,304,13,65,226,1.796042618,7.261555649,2.90462226,14.46940629,9.607217129,18.63741542,35.18057468,2.387159134,5.175595325,4.674731261,*,6.748484227,0.922644328,Untersiggenthal,7161,7.040358744,864.8550725,28.66918028,21.3936601,61.55564865,17.05069124,6.16894497,1.402032948,10.6554504,7.150368034,3007,2.347855005,8.25,22.42424242,37,30.42424242,-41,43.39393939,3.757575758,2970,52,1991,927,294,13,65,216,2.757352941,1.126126126,2.773085586,14.46940629,9.607217129,18.63741542,35.18057468,2.387159134,5.175595325,4.674731262,*,6.748484227,0.922644328,Untersiggenthal,7104,6.188340807,857.9710145,29.08220721,21.56531532,61.88063063,16.55405405,5.494892568,1.972525537,11.55336386,6.622050018,2976,2.349126344,8.25,22.42424242,37,30.42424242,-41,43.39393939,3.757575758,2888,42,1998,848,271,11,60,200,2.395768513,4.089691158,2.594838528,14.46940629,9.607217129,18.63741542,35.18057468,2.387159134,5.175595325,4.674731261,*,6.748484227,0.922644328,2.196772,24.96121845,0.846142998,0.846142998,Untersiggenthal,7091,5.994020927,857.4365175,28.7124524,21.80228459,62.14920322,16.0485122,5.011813561,2.004725424,11.45557385,6.730149638,2953,2.348459194,8.25,22.42424242,37,30.42424242,-41,43.39393939,3.757575758,2893,51,2015,827,272,11,59,202,1.994390776,2.472367656,2.7923,10.87546642,11.82136194,19.74813433,33.51539179,2.755597015,6.368003731,4.796641791,*,7.46641791,1.126865672,1.527052239,29.81384526,4.944735311,0.290866783,Untersiggenthal,6876,831.4389359,2.780269058,0.074738416,1.255605381,27.47236766,21.68411867,62.53635835,15.77952298,8.25,22.42424242,30.42424242,43.39393939,3.757575758,1747.42816,56,858.2590864,833.1690736,259,12,58,189,2.472367656,3.458032065,2.071480671,10.87546642,11.82136194,19.74813433,33.51539179,2.755597015,6.368003731,4.796641791,*,7.46641791,1.126865672,1.5,Untersiggenthal,6855,829,2.5,1,0.7,27.2,22.2,63,14.8,8.3,18.8,33.2,44.3,3.8,2502,51,1688,763,189,14,47,128,22,4.35,2.8,10.9,11.8,19.7,33.5,4.8,2.8,6.4,*,7.5,1.1,1.5
28,4045,Wettingen,20934,4.769531054,1974.90566,27.79210853,18.82105665,61.2687494,19.91019394,5.360647107,1.723065141,9.524721199,9.572584119,9804,2.102101183,10.6,39.37969925,43,20.39473684,-42,38.06390977,2.161654135,8092,114,1783,6195,1256,22,164,1070,0.540899601,4.922542348,2.56,12.09127506,13.56186329,19.13921295,22.36690766,5.430496221,11.45251397,2.28803812,*,10.8034834,0.297814657,Wettingen,20852,4.359141184,1967.169811,27.72395933,18.56416651,61.6343756,19.80145789,4.810814712,1.924325885,10.63190051,8.563250186,9787,2.095024011,10.6,39.37969925,43,20.39473684,-42,38.06390977,2.161654135,8427,121,1828,6478,1279,22,170,1087,0.486641221,5.843681519,2.972829497,12.09127506,13.56186329,19.13921295,22.36690766,5.430496221,11.45251397,2.28803812,*,10.8034834,0.297814657,Wettingen,20721,3.703518342,1954.811321,27.532455,18.41609961,61.79238454,19.79151585,4.847779717,1.502811712,9.986426217,9.550126042,9700,2.098350515,10.64,39.41674506,43,20.41392286,-42,38.0056444,2.163687676,8622,126,1929,6567,1290,22,177,1091,0.32828039,3.497881565,3.028974921,14.41612554,12.65599984,18.82439514,28.96053142,4.275017154,6.420978312,4.136792594,*,7.749525164,0.617535625,Wettingen,20535,2.772634002,1937.264151,27.08546384,18.20306793,61.99172145,19.80521062,5.191879117,1.910219675,10.38375823,9.110278451,9629,2.09,10.63,39.41674506,43,20.41392286,-42,38.0056444,2.163687676,8588,113,2043,6432,1296,23,180,1093,0.439152923,1.576510001,3.236772096,14.41612554,12.65599984,18.82439514,28.96053142,4.275017154,6.420978312,4.136792594,*,7.749525164,0.617535625,Wettingen,20298,1.586507182,1914.90566,26.91398167,18.15942457,61.96669623,19.8738792,5.380192009,2.073101508,9.625114144,9.526395025,9596,2.080137557,10.63,39.41674506,43,20.41392286,-42,38.0056444,2.163687676,8627,110,2146,6371,1293,22,177,1094,0.345269804,2.17595569,3.456802334,14.41612554,12.65599984,18.82439514,28.96053142,4.275017154,6.420978312,4.136792594,*,7.749525164,0.617535625,Wettingen,20221,1.201141084,1907.641509,26.73458286,18.28297315,61.8812126,19.83581425,5.342303126,1.731301939,10.04155125,8.903838544,9582,2.076915049,10.63,39.41674506,43,20.41392286,-42,38.0056444,2.163687676,8799,85,2240,6474,1298,20,188,1090,0.66127122,3.117114443,3.428825887,14.41612554,12.65599984,18.82439514,28.96053142,4.275017154,6.420978312,4.136792594,*,7.749525164,0.617535625,1.943099,49.37905101,2.770768393,1.187472169,Wettingen,20211,1.151093539,1904.901037,26.23323933,18.11389837,62.02068181,19.86541982,4.957120904,2.230704407,10.26124027,10.11252664,9583,2.072628613,10.63,39.41674506,43,20.41392286,-42,38.0056444,2.163687676,8556,88,2128,6340,1250,20,179,1051,0.337167791,1.688601937,3.2282,10.684036,14.93304911,20.6271909,27.54050213,4.482709616,7.350702669,4.451602716,*,7.765671878,0.881256908,1.28343597,48.67146759,6.257760119,1.241619071,Wettingen,20135,1897.737983,0.770732196,0.355337571,0.335318553,25.85547554,18.08790663,62.15545071,19.75664266,10.63,39.41674506,20.41392286,38.0056444,2.163687676,8373.020576,89,2200.530332,6083.490244,1187,19,173,995,1.688601937,0.239640539,3.152206545,10.684036,14.93304911,20.6271909,27.54050213,4.482709616,7.350702669,4.451602716,*,7.765671878,0.881256908,1.3,Wettingen,19986,1884,0,0.4,0.1,25.2,17.9,62.4,19.7,10.6,37.6,21.6,39.1,1.8,7835,95,2208,5532,927,23,161,743,5.7,0.31,2.9,10.7,14.9,20.6,27.5,4.5,4.5,7.4,*,7.8,0.9,1.3
29,4046,Wohlenschwil,1603,12.41234222,365.1480638,18.52776045,22.33312539,60.88583905,16.78103556,2.524455664,1.893341748,11.99116441,6.311139161,655,2.427480916,4.39,16.5158371,25,45.92760181,-27,34.84162896,2.714932127,331,57,66,208,103,9,18,76,2.449567723,3.213367609,0.77,9.28385595,15.97973436,12.95358072,28.81007805,5.244420101,10.91332329,4.943174038,*,9.57140901,4.11E-02,Wohlenschwil,1566,9.817671809,356.7198178,18.0715198,22.79693487,60.47254151,16.73052363,3.843689942,1.921844971,8.327994875,5.124919923,642,2.420560748,4.39,16.5158371,25,45.92760181,-27,34.84162896,2.714932127,313,58,53,202,102,9,19,74,1.873198847,8.452535761,1.285347044,9.28385595,15.97973436,12.95358072,28.81007805,5.244420101,10.91332329,4.943174038,*,9.57140901,4.11E-02,Wohlenschwil,1556,9.116409537,354.4419134,17.99485861,22.87917738,60.79691517,16.32390746,3.232062056,0,12.92824822,6.464124111,640,2.4109375,4.42,16.4785553,25,46.0496614,-27,34.76297968,2.708803612,329,57,46,226,104,10,17,77,1.897810219,3.973509934,1.755526658,12.90279449,9.921112448,14.36020858,38.09332799,5.254713197,8.169541383,4.158309935,*,4.372242278,0.788875518,Wohlenschwil,1538,7.854137447,350.3416856,17.68530559,23.3420026,61.24837451,15.40962289,3.937007874,1.312335958,14.43569554,6.56167979,628,2.43,4.43,16.4785553,25,46.0496614,-27,34.76297968,2.708803612,320,56,53,211,97,11,19,67,1.492537313,15.89403974,1.78807947,12.90279449,9.921112448,14.36020858,38.09332799,5.254713197,8.169541383,4.158309935,*,4.372242278,0.788875518,Wohlenschwil,1510,5.890603086,343.9635535,16.95364238,22.84768212,61.9205298,15.23178808,6.016042781,1.336898396,7.352941177,9.35828877,626,2.392971246,4.43,16.4785553,25,46.0496614,-27,34.76297968,2.708803612,302,60,51,191,92,11,20,61,1.353383459,2.699055331,1.349527665,12.90279449,9.921112448,14.36020858,38.09332799,5.254713197,8.169541383,4.158309935,*,4.372242278,0.788875518,Wohlenschwil,1482,3.927068724,337.5854214,14.97975708,22.73954116,62.68556005,14.57489879,5.414551607,2.030456853,14.21319797,4.060913706,619,2.373182552,4.43,16.4785553,25,46.0496614,-27,34.76297968,2.708803612,326,60,62,204,98,11,20,67,1.095461659,3.39443313,0.882552614,12.90279449,9.921112448,14.36020858,38.09332799,5.254713197,8.169541383,4.158309935,*,4.372242278,0.788875518,1.978874,17.65105227,0.678886626,0,Wohlenschwil,1473,3.295932679,335.5353075,15.20706042,23.01425662,63.47589952,13.50984386,5.458887752,2.729443876,12.96485841,4.776526783,604,2.418874172,4.43,16.4785553,25,46.0496614,-27,34.76297968,2.708803612,293,57,58,178,99,11,21,67,0.791139241,4.115226337,0.4801,9.293877551,10.14081633,14.99591837,34.49795918,5.687755102,6.47755102,9.030612245,*,5.465306122,2.414285714,1.997959184,15.08916324,6.172839506,0,Wohlenschwil,1458,332.118451,2.244039271,0.420757363,1.332398317,14.6776406,22.83950617,64.47187929,12.68861454,4.43,16.4785553,46.0496614,34.76297968,2.708803612,286.4782086,52,57,177.4782086,91,10,20,61,4.115226337,1.12,0.273037543,9.293877551,10.14081633,14.99591837,34.49795918,5.687755102,6.47755102,9.030612245,*,5.465306122,2.414285714,2,Wohlenschwil,1465,334,2.7,2.2,0.7,14.3,22.9,65.5,11.6,4.4,14.7,47.7,35.1,2.5,223,62,50,111,59,10,12,37,27.3,2.09,0.7,9.3,10.1,15,34.5,9,5.7,6.5,*,5.5,2.4,2
30,4047,WÃ¼renlinge,4768,12.66540643,508.8580576,24.95805369,22.16862416,60.86409396,16.96728188,4.435058078,0.844772967,11.82682154,5.913410771,1964,2.403767821,9.37,20.76677316,37,28.64749734,-38,48.13631523,2.449414271,3675,54,1347,2274,291,14,59,218,3.026070763,10.09016745,1.08,14.02459448,15.9242069,12.28288435,39.57127135,1.803914063,5.186851046,2.464232738,*,6.378295612,0.937843916,Wï¿½ï¿½renli,4702,11.10586011,501.814301,24.94683114,22.28838792,61.2079966,16.50361548,5.769230769,1.282051282,13.46153846,5.128205128,1930,2.412953368,9.37,20.76677316,37,28.64749734,-38,48.13631523,2.449414271,3695,61,1359,2275,304,14,64,226,3.02743614,4.980511044,1.245169601,14.02459448,15.9242069,12.28288435,39.57127135,1.803914063,5.186851046,2.464232738,*,6.378295612,0.937843916,Wï¿½ï¿½renli,4658,10.06616257,497.1184632,25.54744526,22.26277372,61.61442679,16.12279948,4.527813713,0.431220354,9.702457956,10.13367831,1912,2.414748954,9.39,20.76677316,37,28.64749734,-38,48.13631523,2.449414271,3570,59,1276,2235,299,15,64,220,2.906976744,5.243609351,1.126028584,14.12916554,16.12772838,8.775711848,45.11811731,1.360819186,3.292014731,4.571993173,*,3.646815773,1.378783796,Wï¿½ï¿½renli,4618,9.120982987,492.8495197,25.61715028,21.69770463,62.4945864,15.80770896,4.785209353,1.305057096,12.39804241,4.350190321,1900,2.41,9.39,20.76677316,37,28.64749734,-38,48.13631523,2.449414271,3512,61,1285,2166,296,17,67,212,1.953125,22.28533974,1.245357221,14.12916554,16.12772838,8.775711848,45.11811731,1.360819186,3.292014731,4.571993173,*,3.646815773,1.378783796,Wï¿½ï¿½renli,4577,8.152173913,488.4738527,25.69368582,21.76097881,63.07625082,15.16277037,4.873186399,2.879610145,8.638830435,5.75922029,1881,2.415736311,9.39,20.76677316,37,28.64749734,-38,48.13631523,2.449414271,3486,63,1276,2147,293,18,66,209,2.669303015,2.920035939,1.145552561,14.12916554,16.12772838,8.775711848,45.11811731,1.360819186,3.292014731,4.571993173,*,3.646815773,1.378783796,Wï¿½ï¿½renli,4452,5.198487713,475.1334045,24.8427673,22.61904762,62.46630728,14.9146451,5.711674663,2.056202879,13.4795522,6.625542609,1811,2.438431806,9.39,20.76677316,37,28.64749734,-38,48.13631523,2.449414271,3382,61,1307,2014,284,17,63,204,4.62398374,0.464900047,0.929800093,14.12916554,16.12772838,8.775711848,45.11811731,1.360819186,3.292014731,4.571993173,*,3.646815773,1.378783796,1.59885,20.68805207,1.162250116,0,Wï¿½ï¿½renli,4302,1.654064272,458.6353945,24.05857741,22.36169224,62.52905625,15.10925151,4.683292354,2.10748156,11.23990165,6.088280061,1766,2.413929785,9.39,20.76677316,37,28.64749734,-38,48.13631523,2.449414271,3424,57,1345,2022,284,17,71,196,2.469784551,0.235904695,0.8021,9.280873494,19.55346386,11.79518072,42.28012048,1.172439759,5.450301205,4.560993976,*,4.323795181,0.961596386,0.621987952,23.11866006,2.59495164,1.179523473,Wï¿½ï¿½renli,4239,451.9189765,0.165406427,-0.425330813,1.063327032,23.02429818,22.38735551,62.84501062,14.76763388,9.39,20.76677316,28.64749734,48.13631523,2.449414271,3460.691924,62.5,1376.844991,2021.346933,271,18,71,182,0.235904695,2.365591398,1.282051282,9.280873494,19.55346386,11.79518072,42.28012048,1.172439759,5.450301205,4.560993976,*,4.323795181,0.961596386,0.6,Wï¿½ï¿½renli,4212,449,-0.5,0,0.5,22.2,22.7,62.8,14.5,9.4,19.2,29.2,49.4,2.2,3287,60,1316,1911,211,15,65,131,2.6,2.38,1.3,9.3,19.6,11.8,42.3,4.6,1.2,5.5,*,4.3,1,0.6
31,4048,WÃ¼renlo,6494,14.39140391,719.9556541,18.24761318,22.2513089,59.56267324,18.18601786,3.236245955,0.616427801,8.784096163,6.93481276,2661,2.406989853,9.02,22.55555556,38,41.88888889,-27,33.88888889,1.666666667,2254,77,823,1354,403,24,66,313,0.492437566,5.637331663,1.19,14.35924164,13.50902339,12.73372858,30.4189198,3.625643364,9.310052772,4.397680631,*,7.60635872,1.088018763,Wï¿½ï¿½re,6484,14.21525454,718.0509413,17.98272671,22.4706971,59.77791487,17.75138803,4.506604507,1.709401709,7.614607615,7.77000777,2656,2.412274096,9.02,22.55555556,38,41.88888889,-27,33.88888889,1.666666667,2176,88,783,1305,401,25,67,309,0.458715596,2.525252525,1.237081115,14.35924164,13.50902339,12.73372858,30.4189198,3.625643364,9.310052772,4.397680631,*,7.60635872,1.088018763,Wï¿½ï¿½re,6386,12.48899066,707.9822616,17.66363921,22.7059192,59.61478234,17.67929847,4.401823613,1.100455903,9.275271184,6.131111461,2592,2.429398148,9,22.55555556,38,41.88888889,-27,33.88888889,1.666666667,2104,84,693,1327,403,26,65,312,0.643316655,4.838709677,1.19949495,15.0388756,11.45035885,13.50179426,37.54784689,3.289473684,5.475478469,6.866028708,*,4.324162679,1.169258373,Wï¿½ï¿½re,6336,11.60824379,702.4390244,17.55050505,22.85353535,59.65909091,17.48737374,3.509891512,2.233567326,7.498404595,4.786215699,2581,2.43,9,22.55555556,38,41.88888889,-27,33.88888889,1.666666667,2051,83,699,1269,392,26,61,305,0.287356322,15.64516129,1.370967742,15.0388756,11.45035885,13.50179426,37.54784689,3.289473684,5.475478469,6.866028708,*,4.324162679,1.169258373,Wï¿½ï¿½re,6200,9.212612295,687.3614191,16.72580645,22.80645161,59.85483871,17.33870968,3.260515161,2.119334855,9.455493968,6.521030323,2526,2.427949327,9,22.55555556,38,41.88888889,-27,33.88888889,1.666666667,2096,66,700,1330,388,22,61,305,0.582665696,4.779169413,1.153592617,15.0388756,11.45035885,13.50179426,37.54784689,3.289473684,5.475478469,6.866028708,*,4.324162679,1.169258373,Wï¿½ï¿½re,6068,6.88744055,672.7272727,16.33157548,22.74225445,59.92089651,17.33684904,3.986710964,1.495016611,7.142857143,5.481727575,2473,2.422563688,9,22.55555556,38,41.88888889,-27,33.88888889,1.666666667,2290,61,772,1457,384,20,65,299,1.502629602,5.190890824,1.339584729,15.0388756,11.45035885,13.50179426,37.54784689,3.289473684,5.475478469,6.866028708,*,4.324162679,1.169258373,1.336722,42.19691896,7.367716008,3.516409913,Wï¿½ï¿½re,5972,5.196406553,662.0842572,15.8070998,22.82317482,60.23107837,16.94574682,4.229402808,2.030113348,10.65809508,3.891050584,2448,2.408088235,9,22.55555556,38,41.88888889,-27,33.88888889,1.666666667,2315,74,758,1483,388,25,66,297,0.227790433,6.495726496,1.3333,12.38064833,13.98624754,14.42632613,33.90324165,3.618369352,6.600196464,6.470039293,*,5.510805501,1.885559921,1.219548134,55.04273504,14.01709402,3.247863248,Wï¿½ï¿½re,5850,648.5587583,3.047384182,4.24519993,0.246609125,15.48717949,22.71794872,60.8034188,16.47863248,9,22.55555556,41.88888889,33.88888889,1.666666667,2353.650559,69,761.3793502,1523.271209,360,21,62,277,6.495726496,0.038343558,1.023594726,12.38064833,13.98624754,14.42632613,33.90324165,3.618369352,6.600196464,6.470039293,*,5.510805501,1.885559921,1.2,Wï¿½ï¿½re,5764,639,1.5,3.4,-0.1,14.5,22.7,61,16.3,9,20.7,43.1,34.1,2.1,1972,79,756,1137,280,26,59,195,7.8,0.08,1.1,12.4,14,14.4,33.9,6.5,3.6,6.6,*,5.5,1.9,1.2
32,4049,Ehrendingen,4840,16.31819274,663.9231824,17.08677686,22.04545455,59.54545455,18.40909091,3.932526131,2.069750595,9.727827797,6.416226845,2030,2.361576355,7.29,15.38461538,30,56.73076923,-25,27.60989011,0.274725275,872,74,175,623,252,27,48,177,0.276243094,0.620219144,1.1,13.02812513,12.9450376,13.49341531,30.15662,4.158531012,9.567529392,3.17394375,*,9.621536288,1.474803706,Ehrendingen,4823,15.90963711,661.5912209,17.10553597,22.66224342,59.46506324,17.87269334,5.175983437,1.449275362,10.97308489,6.004140787,1995,2.396491228,7.29,15.38461538,30,56.73076923,-25,27.60989011,0.274725275,815,75,173,567,245,26,54,165,0.646352724,2.094240838,1.075046516,13.02812513,12.9450376,13.49341531,30.15662,4.158531012,9.567529392,3.17394375,*,9.621536288,1.474803706,Ehrendingen,4837,16.24609469,663.5116598,17.61422369,22.59665082,59.91316932,17.49017986,4.161464836,1.664585934,10.61173533,5.409904286,1996,2.399799599,7.28,15.40577717,30,56.8088033,-25,27.51031637,0.275103164,837,77,184,576,244,26,56,162,0.880037054,3.584229391,1.047120419,13.55895386,13.96298549,12.45981406,37.43591971,2.984620732,5.287166565,6.212529325,*,5.543487705,1.116517508,Ehrendingen,4775,14.75606825,655.0068587,17.69633508,22.11518325,60.58638743,17.29842932,6.303845346,2.101281782,11.13679344,4.202563564,1968,2.39,7.27,15.40577717,30,56.8088033,-25,27.51031637,0.275103164,820,73,188,559,239,26,54,159,0.703234881,5.692599621,1.307189543,13.55895386,13.96298549,12.45981406,37.43591971,2.984620732,5.287166565,6.212529325,*,5.543487705,1.116517508,Ehrendingen,4743,13.98702235,650.617284,17.81572844,22.30655703,60.61564411,17.07779886,4.017337985,0.634316524,9.303309018,5.497409874,1971,2.388127854,7.27,15.40577717,30,56.8088033,-25,27.51031637,0.275103164,823,73,214,536,238,27,56,155,0.60947023,9.117896523,1.272264631,13.55895386,13.96298549,12.45981406,37.43591972,2.984620732,5.287166565,6.212529325,*,5.543487705,1.116517508,Ehrendingen,4716,13.33813987,646.9135802,17.62086514,22.79474131,60.79304495,16.41221374,4.764482945,1.949106659,11.91120736,4.764482945,1937,2.420237481,7.27,15.40577717,30,56.8088033,-25,27.51031637,0.275103164,860,73,233,554,240,26,54,160,0.573888092,23.01394114,1.637530427,13.55895386,13.96298549,12.45981406,37.43591971,2.984620732,5.287166565,6.212529325,*,5.543487705,1.116517508,1.438005,24.12038062,2.655454747,0,Ehrendingen,4519,8.603701033,619.8902606,17.45961496,22.99181235,60.8099137,16.19827395,4.306925082,2.040122407,8.160489629,6.34704749,1880,2.388829787,7.27,15.40577717,30,56.8088033,-25,27.51031637,0.275103164,845,72,243,530,236,25,56,155,0.299850075,10.68773234,1.5799,8.740595611,14.19592476,16.13636364,35.72962382,2.333855799,5.757836991,6.906739812,*,7.406739812,1.722570533,1.068965517,23.46654275,3.252788104,0.92936803,Ehrendingen,4304,590.3978052,3.436673877,2.619562605,0.889209325,16.12453532,22.97862454,60.54832714,16.47304833,7.27,15.40577717,56.8088033,27.51031637,0.275103164,855.0785954,68,230.6666667,556.4119287,232,24,56,152,10.68773234,0.468994268,1.368893085,8.740595611,14.19592476,16.13636364,35.72962382,2.333855799,5.757836991,6.906739812,*,7.406739812,1.722570533,1.1,Ehrendingen,4237,581,1.8,1.4,0.5,16.1,22.9,60.7,16.4,7.3,13.1,58.3,28.5,0.1,685,81,169,435,163,29,48,86,0.2,0.53,1.1,8.7,14.2,16.1,35.7,6.9,2.3,5.8,*,7.4,1.7,1.1
