GMDE,Gemeinde.x,B22BTOT,B22B11,B22B12,B22B13,B22B14,B22B15,B22B16,B22B21,B22B22,B22B23,B22B24,B22B25,B22B26,B22B27,B22B28,B22B29,B22B30,B22BMTOT,B22BM01,B22BM02,B22BM03,B22BM04,B22BM05,B22BM06,B22BM07,B22BM08,B22BM09,B22BM10,B22BM11,B22BM12,B22BM13,B22BM14,B22BM15,B22BM16,B22BM17,B22BM18,B22BM19,B22BWTOT,B22BW01,B22BW02,B22BW03,B22BW04,B22BW05,B22BW06,B22BW07,B22BW08,B22BW09,B22BW10,B22BW11,B22BW12,B22BW13,B22BW14,B22BW15,B22BW16,B22BW17,B22BW18,B22BW19,B22B41,B22B42,B22B43,B22B44,B22B45,B22B46,B22B51,B22B52,B22B53,B22B54,B22B55,B22B56,B21BTOT,B21B11,B21B12,B21B13,B21B14,B21B15,B21B16,B21B21,B21B22,B21B23,B21B24,B21B25,B21B26,B21B27,B21B28,B21B29,B21B30,B21BMTOT,B21BM01,B21BM02,B21BM03,B21BM04,B21BM05,B21BM06,B21BM07,B21BM08,B21BM09,B21BM10,B21BM11,B21BM12,B21BM13,B21BM14,B21BM15,B21BM16,B21BM17,B21BM18,B21BM19,B21BWTOT,B21BW01,B21BW02,B21BW03,B21BW04,B21BW05,B21BW06,B21BW07,B21BW08,B21BW09,B21BW10,B21BW11,B21BW12,B21BW13,B21BW14,B21BW15,B21BW16,B21BW17,B21BW18,B21BW19,B21B41,B21B42,B21B43,B21B44,B21B45,B21B46,B21B51,B21B52,B21B53,B21B54,B21B55,B21B56,B20BTOT,B20B11,B20B12,B20B13,B20B14,B20B15,B20B16,B20B21,B20B22,B20B23,B20B24,B20B25,B20B26,B20B27,B20B28,B20B29,B20B30,B20BMTOT,B20BM01,B20BM02,B20BM03,B20BM04,B20BM05,B20BM06,B20BM07,B20BM08,B20BM09,B20BM10,B20BM11,B20BM12,B20BM13,B20BM14,B20BM15,B20BM16,B20BM17,B20BM18,B20BM19,B20BWTOT,B20BW01,B20BW02,B20BW03,B20BW04,B20BW05,B20BW06,B20BW07,B20BW08,B20BW09,B20BW10,B20BW11,B20BW12,B20BW13,B20BW14,B20BW15,B20BW16,B20BW17,B20BW18,B20BW19,B20B41,B20B42,B20B43,B20B44,B20B45,B20B46,B20B51,B20B52,B20B53,B20B54,B20B55,B20B56,B19BTOT,B19B11,B19B12,B19B13,B19B14,B19B15,B19B16,B19B21,B19B22,B19B23,B19B24,B19B25,B19B26,B19B27,B19B28,B19B29,B19B30,B19BMTOT,B19BM01,B19BM02,B19BM03,B19BM04,B19BM05,B19BM06,B19BM07,B19BM08,B19BM09,B19BM10,B19BM11,B19BM12,B19BM13,B19BM14,B19BM15,B19BM16,B19BM17,B19BM18,B19BM19,B19BWTOT,B19BW01,B19BW02,B19BW03,B19BW04,B19BW05,B19BW06,B19BW07,B19BW08,B19BW09,B19BW10,B19BW11,B19BW12,B19BW13,B19BW14,B19BW15,B19BW16,B19BW17,B19BW18,B19BW19,B19B41,B19B42,B19B43,B19B44,B19B45,B19B46,B19B51,B19B52,B19B53,B19B54,B19B55,B19B56,B18BTOT,B18B11,B18B12,B18B13,B18B14,B18B15,B18B16,B18B21,B18B22,B18B23,B18B24,B18B25,B18B26,B18B27,B18B28,B18B29,B18B30,B18BMTOT,B18BM01,B18BM02,B18BM03,B18BM04,B18BM05,B18BM06,B18BM07,B18BM08,B18BM09,B18BM10,B18BM11,B18BM12,B18BM13,B18BM14,B18BM15,B18BM16,B18BM17,B18BM18,B18BM19,B18BWTOT,B18BW01,B18BW02,B18BW03,B18BW04,B18BW05,B18BW06,B18BW07,B18BW08,B18BW09,B18BW10,B18BW11,B18BW12,B18BW13,B18BW14,B18BW15,B18BW16,B18BW17,B18BW18,B18BW19,B18B41,B18B42,B18B43,B18B44,B18B45,B18B46,B18B51,B18B52,B18B53,B18B54,B18B55,B18B56,B17BTOT,B17B11,B17B12,B17B13,B17B14,B17B15,B17B16,B17B21,B17B22,B17B23,B17B24,B17B25,B17B26,B17B27,B17B28,B17B29,B17B30,B17BMTOT,B17BM01,B17BM02,B17BM03,B17BM04,B17BM05,B17BM06,B17BM07,B17BM08,B17BM09,B17BM10,B17BM11,B17BM12,B17BM13,B17BM14,B17BM15,B17BM16,B17BM17,B17BM18,B17BM19,B17BWTOT,B17BW01,B17BW02,B17BW03,B17BW04,B17BW05,B17BW06,B17BW07,B17BW08,B17BW09,B17BW10,B17BW11,B17BW12,B17BW13,B17BW14,B17BW15,B17BW16,B17BW17,B17BW18,B17BW19,B17B41,B17B42,B17B43,B17B44,B17B45,B17B46,B17B51,B17B52,B17B53,B17B54,B17B55,B17B56,B16BTOT,B16B11,B16B12,B16B13,B16B14,B16B15,B16B16,B16B21,B16B22,B16B23,B16B24,B16B25,B16B26,B16B27,B16B28,B16B29,B16B30,B16BMTOT,B16BM01,B16BM02,B16BM03,B16BM04,B16BM05,B16BM06,B16BM07,B16BM08,B16BM09,B16BM10,B16BM11,B16BM12,B16BM13,B16BM14,B16BM15,B16BM16,B16BM17,B16BM18,B16BM19,B16BWTOT,B16BW01,B16BW02,B16BW03,B16BW04,B16BW05,B16BW06,B16BW07,B16BW08,B16BW09,B16BW10,B16BW11,B16BW12,B16BW13,B16BW14,B16BW15,B16BW16,B16BW17,B16BW18,B16BW19,B16B41,B16B42,B16B43,B16B44,B16B45,B16B46,B16B51,B16B52,B16B53,B16B54,B16B55,B16B56,B15BTOT,B15B11,B15B12,B15B13,B15B14,B15B15,B15B16,B15B21,B15B22,B15B23,B15B24,B15B25,B15B26,B15B27,B15B28,B15B29,B15B30,B15BMTOT,B15BM01,B15BM02,B15BM03,B15BM04,B15BM05,B15BM06,B15BM07,B15BM08,B15BM09,B15BM10,B15BM11,B15BM12,B15BM13,B15BM14,B15BM15,B15BM16,B15BM17,B15BM18,B15BM19,B15BWTOT,B15BW01,B15BW02,B15BW03,B15BW04,B15BW05,B15BW06,B15BW07,B15BW08,B15BW09,B15BW10,B15BW11,B15BW12,B15BW13,B15BW14,B15BW15,B15BW16,B15BW17,B15BW18,B15BW19,B15B41,B15B42,B15B43,B15B44,B15B45,B15B46,B15B51,B15B52,B15B53,B15B54,B15B55,B15B56,B14BTOT,B14B11,B14B12,B14B13,B14B14,B14B15,B14B16,B14B21,B14B22,B14B23,B14B24,B14B25,B14B26,B14B27,B14B28,B14B29,B14B30,B14BMTOT,B14BM01,B14BM02,B14BM03,B14BM04,B14BM05,B14BM06,B14BM07,B14BM08,B14BM09,B14BM10,B14BM11,B14BM12,B14BM13,B14BM14,B14BM15,B14BM16,B14BM17,B14BM18,B14BM19,B14BWTOT,B14BW01,B14BW02,B14BW03,B14BW04,B14BW05,B14BW06,B14BW07,B14BW08,B14BW09,B14BW10,B14BW11,B14BW12,B14BW13,B14BW14,B14BW15,B14BW16,B14BW17,B14BW18,B14BW19,B14B41,B14B42,B14B43,B14B44,B14B45,B14B46,B14B51,B14B52,B14B53,B14B54,B14B55,B14B56,B13BTOT,B13B11,B13B12,B13B13,B13B14,B13B15,B13B16,B13B21,B13B22,B13B23,B13B24,B13B25,B13B26,B13B27,B13B28,B13B29,B13B30,B13BMTOT,B13BM01,B13BM02,B13BM03,B13BM04,B13BM05,B13BM06,B13BM07,B13BM08,B13BM09,B13BM10,B13BM11,B13BM12,B13BM13,B13BM14,B13BM15,B13BM16,B13BM17,B13BM18,B13BM19,B13BWTOT,B13BW01,B13BW02,B13BW03,B13BW04,B13BW05,B13BW06,B13BW07,B13BW08,B13BW09,B13BW10,B13BW11,B13BW12,B13BW13,B13BW14,B13BW15,B13BW16,B13BW17,B13BW18,B13BW19,B13B41,B13B42,B13B43,B13B44,B13B45,B13B46,B13B51,B13B52,B13B53,B13B54,B13B55,B13B56,B12BTOT,B12B11,B12B12,B12B13,B12B14,B12B15,B12B16,B12B21,B12B22,B12B23,B12B24,B12B25,B12B26,B12B27,B12B28,B12B29,B12B30,B12BMTOT,B12BM01,B12BM02,B12BM03,B12BM04,B12BM05,B12BM06,B12BM07,B12BM08,B12BM09,B12BM10,B12BM11,B12BM12,B12BM13,B12BM14,B12BM15,B12BM16,B12BM17,B12BM18,B12BM19,B12BWTOT,B12BW01,B12BW02,B12BW03,B12BW04,B12BW05,B12BW06,B12BW07,B12BW08,B12BW09,B12BW10,B12BW11,B12BW12,B12BW13,B12BW14,B12BW15,B12BW16,B12BW17,B12BW18,B12BW19,B12B41,B12B42,B12B43,B12B44,B12B45,B12B46,B12B51,B12B52,B12B53,B12B54,B12B55,B12B56,B11BTOT,B11B11,B11B12,B11B13,B11B14,B11B15,B11B16,B11B21,B11B22,B11B23,B11B24,B11B25,B11B26,B11B27,B11B28,B11B29,B11B30,B11BMTOT,B11BM01,B11BM02,B11BM03,B11BM04,B11BM05,B11BM06,B11BM07,B11BM08,B11BM09,B11BM10,B11BM11,B11BM12,B11BM13,B11BM14,B11BM15,B11BM16,B11BM17,B11BM18,B11BM19,B11BWTOT,B11BW01,B11BW02,B11BW03,B11BW04,B11BW05,B11BW06,B11BW07,B11BW08,B11BW09,B11BW10,B11BW11,B11BW12,B11BW13,B11BW14,B11BW15,B11BW16,B11BW17,B11BW18,B11BW19,B11B41,B11B42,B11B43,B11B44,B11B45,B11B46,B11B51,B11B52,B11B53,B11B54,B11B55,B11B56
4021,Baden,19839,14640,5199,3463,852,879,5,13293,5028,3615,4649,3,6546,3595,1202,1643,106,10015,476,476,464,397,464,833,1031,924,791,707,741,662,577,411,321,345,226,113,56,9824,443,433,430,391,470,828,968,806,688,693,654,632,555,438,436,385,273,184,117,1604,5083,2653,7637,2861,3,18075,812,491,283,172,6,19634,14551,5083,3394,828,854,7,13225,4996,3620,4606,3,6409,3516,1157,1618,118,9901,496,480,443,397,470,839,972,919,801,678,741,659,555,403,332,344,205,113,54,9733,456,433,433,385,480,825,906,797,706,662,656,626,565,445,423,390,253,185,107,1576,4965,2731,7499,2860,3,17871,825,428,291,213,6,19621,14494,5127,3444,808,868,7,13252,5025,3644,4581,2,6369,3496,1107,1630,136,9890,489,500,423,388,485,861,995,920,785,716,718,654,529,370,372,321,195,113,56,9731,464,440,417,397,456,888,870,794,727,654,657,629,549,451,422,379,260,175,102,1551,5100,2696,7422,2847,5,17891,866,411,228,204,21,19547,14311,5236,3618,734,877,7,13105,4910,3638,4551,6,6442,3662,997,1639,144,9856,517,464,421,381,498,860,983,933,781,712,694,664,525,363,387,295,204,108,66,9691,483,443,388,375,479,850,914,785,723,682,659,619,531,452,432,360,235,176,105,1653,4990,2742,7347,2806,9,17720,911,427,276,199,14,19342,14125,5217,3579,727,907,4,13018,4892,3600,4525,1,6324,3607,944,1626,147,9772,533,458,408,387,512,867,962,926,720,747,716,623,501,368,385,292,198,112,57,9570,489,439,384,358,461,869,896,780,716,676,650,607,508,471,424,333,238,162,109,1639,4966,2813,7111,2797,16,17522,910,373,307,207,23,19175,13996,5179,3572,717,886,4,12922,4821,3565,4536,0,6253,3609,930,1563,151,9670,525,450,408,398,479,847,1005,898,714,759,709,628,476,360,391,288,181,98,56,9505,497,427,382,357,481,885,908,754,692,671,663,593,487,473,415,319,240,157,104,1607,4929,2941,6899,2775,24,17376,887,375,304,219,14,19222,13984,5238,3573,738,923,4,12932,4767,3595,4569,1,6290,3627,930,1579,154,9760,530,448,412,391,507,896,1055,869,728,783,690,630,456,384,384,275,174,97,51,9462,490,430,369,349,497,899,911,765,692,662,643,594,493,456,427,303,240,142,100,1539,5204,2871,6824,2763,21,17482,809,381,309,226,15,19012,13936,5076,3534,725,815,2,12932,4738,3638,4556,0,6080,3586,889,1434,171,9598,542,429,395,384,483,892,1020,873,746,753,703,599,435,411,367,246,166,103,51,9414,475,397,392,329,545,909,925,776,678,661,631,590,491,446,411,300,233,139,86,1767,4935,2849,6711,2747,3,17039,998,436,299,225,15,18670,13633,5037,3480,748,806,3,12693,4614,3551,4525,3,5977,3533,868,1401,175,9459,522,435,393,383,489,886,992,874,731,731,704,580,415,422,346,243,157,112,44,9211,475,384,365,344,510,895,882,774,679,642,632,560,490,446,404,280,217,149,83,1529,5006,2757,6687,2690,1,16924,801,379,325,226,15,18553,13677,4876,3369,731,774,2,12647,4547,3600,4495,5,5906,3504,866,1357,179,9456,515,422,385,392,506,929,986,824,764,747,685,564,430,422,345,231,169,101,39,9097,455,386,338,356,513,861,877,753,684,649,619,564,497,443,368,286,209,149,90,1592,5183,2509,6657,2611,1,16775,784,387,382,209,16,18522,13657,4865,3096,949,817,3,12670,4518,3615,4531,6,5852,3193,1094,1365,200,9426,480,418,390,397,537,940,970,839,765,737,690,539,425,442,343,219,158,97,40,9096,444,378,346,352,536,893,892,731,675,664,611,554,497,450,346,280,205,150,92,1655,5291,2336,6653,2587,0,16680,881,353,383,202,23,18189,13536,4653,2920,950,779,4,12535,4422,3621,4481,11,5654,3033,1074,1326,221,9269,469,403,379,386,581,881,993,804,777,738,660,514,440,438,320,219,146,86,35,8920,436,368,337,359,525,890,829,704,657,661,641,535,474,463,319,277,199,151,95,1739,5114,2237,6549,2548,2,16268,977,377,281,200,86
4022,Bellikon,1571,1383,188,142,25,21,0,1259,28,570,661,0,312,198,44,62,8,793,33,25,49,29,40,37,35,52,37,44,68,95,79,53,44,35,24,10,4,778,37,35,23,35,43,25,46,35,43,50,68,92,63,65,36,44,21,15,3,84,285,173,770,259,0,1474,38,38,7,14,0,1564,1392,172,132,22,18,0,1266,30,574,662,0,298,190,40,60,8,783,30,28,47,30,38,37,42,39,28,54,72,91,79,58,39,32,24,9,6,781,40,33,28,33,39,29,46,37,43,53,81,86,61,57,46,33,21,12,3,97,269,189,752,257,0,1450,50,36,8,18,2,1544,1383,161,125,18,18,0,1267,29,576,662,0,277,174,37,59,7,774,28,32,42,31,45,26,44,34,24,60,81,83,80,54,46,27,24,8,5,770,30,27,37,35,41,29,35,36,44,60,85,78,77,49,44,27,23,9,4,85,278,202,727,252,0,1445,38,42,4,15,0,1550,1396,154,123,12,19,0,1274,29,580,665,0,276,190,23,56,7,775,27,36,40,30,46,33,41,27,34,67,89,77,70,50,45,29,21,7,6,775,32,23,38,46,37,28,30,42,45,63,95,71,73,42,47,28,20,10,5,86,264,235,710,255,0,1458,40,32,12,8,0,1562,1387,175,142,14,19,0,1272,32,577,663,0,290,202,25,57,6,787,24,44,33,35,47,35,35,27,41,75,97,83,57,45,45,30,20,8,6,775,33,20,40,48,39,30,35,38,42,72,95,64,73,37,50,29,14,11,5,83,287,235,700,257,0,1465,40,34,7,16,0,1548,1387,161,134,10,17,0,1277,35,576,666,0,271,192,22,49,8,781,24,45,29,40,46,31,28,34,47,72,97,80,58,51,40,30,18,7,4,767,23,27,38,46,37,34,26,45,51,71,95,62,67,37,48,27,19,9,5,83,280,254,679,252,0,1457,47,20,12,8,4,1549,1386,163,139,9,15,0,1274,34,570,670,0,275,201,21,45,8,774,28,42,28,43,40,35,22,29,60,77,92,83,61,47,34,30,14,7,2,775,27,28,37,48,36,30,38,43,57,84,86,60,62,46,37,26,16,11,3,87,293,249,664,256,0,1457,46,26,14,5,1,1548,1397,151,131,8,12,0,1275,35,569,671,0,273,198,19,46,10,766,35,39,29,47,34,30,18,32,66,84,84,78,61,49,31,29,12,6,2,782,24,37,38,46,36,23,40,46,67,83,78,69,59,47,32,29,15,10,3,102,303,222,661,260,0,1432,65,27,13,11,0,1541,1409,132,115,5,12,0,1293,34,576,683,0,248,183,15,42,8,755,38,36,27,43,33,37,21,32,69,86,80,69,57,49,33,24,10,10,1,786,23,39,45,43,40,31,37,39,71,90,69,71,50,50,35,29,14,9,1,74,338,208,655,266,0,1459,39,27,8,8,0,1563,1422,141,122,6,13,0,1298,35,589,674,0,265,198,12,47,8,772,44,30,32,49,29,33,26,38,78,89,88,59,53,47,34,24,11,8,0,791,29,41,48,34,39,29,37,39,75,92,68,76,46,58,33,24,15,7,1,89,354,242,603,275,0,1464,36,34,13,16,0,1588,1440,148,129,8,11,0,1310,35,594,681,0,278,203,17,50,8,788,45,25,40,46,36,35,25,50,71,94,88,58,57,47,33,21,9,7,1,800,32,42,48,36,37,24,44,46,75,94,68,72,49,57,30,28,12,5,1,81,385,232,609,281,0,1491,43,24,12,17,1,1592,1443,149,133,6,10,0,1318,35,600,682,1,274,201,17,47,9,788,41,26,44,46,41,32,29,52,77,86,84,68,55,42,32,18,10,4,1,804,30,45,49,38,34,35,49,48,81,90,70,64,55,46,30,23,13,3,1,120,384,228,581,279,0,1459,56,50,12,13,2
4023,Bergdietikon,2938,2358,580,458,64,55,3,2181,20,379,1782,0,757,465,128,155,9,1441,89,95,68,70,33,65,91,106,124,102,103,120,98,73,64,65,37,30,8,1497,85,87,73,62,53,63,100,110,107,116,93,131,98,84,78,69,37,33,18,139,712,482,1145,460,0,2775,34,77,25,26,3,2945,2366,579,454,63,59,3,2190,20,384,1786,0,755,468,124,154,9,1441,90,95,68,61,42,72,90,98,118,98,122,119,91,75,58,66,35,33,10,1504,96,89,63,60,51,64,104,118,110,107,113,129,92,79,79,62,41,32,15,215,669,464,1141,456,0,2697,42,145,22,39,0,2909,2340,569,444,57,65,3,2165,20,383,1762,0,744,456,121,157,10,1428,91,91,76,55,44,65,91,111,115,93,122,112,93,69,65,59,39,30,7,1481,88,87,64,60,51,66,106,113,114,98,114,132,82,79,86,52,42,32,15,240,654,442,1133,440,0,2637,35,163,38,35,1,2831,2328,503,411,39,50,3,2144,19,390,1734,3,687,436,101,138,12,1406,98,75,72,53,48,76,81,108,103,91,124,115,79,76,75,58,35,30,9,1425,77,88,60,58,58,65,92,102,109,88,114,122,87,79,88,46,46,31,15,190,700,432,1085,424,0,2617,26,127,30,31,0,2829,2320,509,420,37,51,1,2145,22,389,1733,1,684,434,104,137,9,1402,97,78,64,45,57,74,103,100,97,81,138,115,76,79,70,52,42,24,10,1427,90,90,58,54,55,73,90,106,102,89,126,116,84,75,87,41,48,28,15,163,769,402,1074,421,0,2635,52,89,20,32,1,2827,2335,492,415,36,41,0,2140,22,387,1731,0,687,440,104,134,9,1403,105,70,70,35,64,74,97,96,102,102,123,113,83,74,73,49,43,21,9,1424,91,72,63,48,58,83,91,107,102,92,137,101,86,82,80,50,41,26,14,227,757,387,1058,398,0,2566,51,132,39,38,1,2751,2282,469,393,35,41,0,2101,24,371,1704,2,650,419,95,121,15,1359,96,71,59,38,57,68,82,109,92,118,121,96,82,72,78,45,48,20,7,1392,91,64,61,48,60,72,81,113,92,102,135,94,83,90,74,49,44,26,13,245,697,375,1051,380,3,2483,63,140,34,26,5,2682,2233,449,375,34,40,0,2060,25,359,1673,3,622,403,87,120,12,1320,94,76,49,42,47,61,90,104,88,121,109,90,84,80,71,45,48,18,3,1362,85,65,57,45,56,75,77,108,85,104,137,88,90,101,64,51,39,23,12,196,693,388,1035,370,0,2448,24,140,24,45,1,2652,2209,443,379,32,32,0,2051,26,366,1658,1,601,412,70,113,6,1312,76,70,50,44,59,71,84,97,99,120,114,81,87,87,65,43,47,15,3,1340,86,58,51,42,57,85,79,103,81,107,127,94,92,98,56,49,43,23,9,259,687,314,1042,350,0,2361,51,159,39,40,2,2524,2130,394,347,21,25,1,1972,25,353,1593,1,552,391,52,102,7,1231,69,66,43,45,60,72,73,87,92,110,104,76,89,81,58,50,38,15,3,1293,76,56,49,49,58,84,77,88,77,110,124,88,86,94,52,52,40,28,5,246,623,283,1034,338,0,2247,52,163,30,32,0,2404,2045,359,303,26,29,1,1889,25,346,1515,3,515,361,52,94,8,1177,63,67,33,48,50,65,65,85,87,108,98,77,89,83,52,55,33,16,3,1227,64,59,42,51,54,63,85,85,74,116,100,91,91,82,56,45,37,28,4,166,622,255,1034,327,0,2219,40,103,16,24,2,2370,2038,332,282,26,24,0,1874,27,337,1510,0,496,350,48,91,7,1168,69,57,35,50,57,48,66,90,96,105,82,86,80,90,47,58,35,13,4,1202,51,54,45,56,51,65,73,75,94,107,104,84,94,80,55,48,41,22,3,143,608,265,1036,318,0,2212,30,93,16,16,3
4024,Birmenstorf (AG),3010,2408,602,405,105,91,3,2265,66,1550,649,0,745,378,167,195,5,1507,78,93,81,85,69,68,81,111,132,122,132,106,106,76,48,60,36,16,7,1503,80,88,94,75,57,66,88,119,120,127,115,107,102,73,76,58,36,18,4,222,633,495,1131,529,0,2761,136,45,38,30,0,2955,2399,556,381,89,85,1,2243,66,1546,631,0,712,370,148,191,3,1462,74,94,76,78,64,67,79,117,122,132,122,104,107,63,51,57,35,14,6,1493,79,90,87,68,64,72,84,118,130,113,109,112,98,77,71,63,31,19,8,183,652,489,1112,519,0,2742,146,25,10,32,0,2962,2384,578,415,82,80,1,2240,70,1538,632,0,722,389,150,178,5,1475,76,89,79,72,65,75,86,116,131,126,119,107,112,56,68,45,31,16,6,1487,74,98,75,81,59,79,91,101,126,117,107,111,101,75,76,54,33,18,11,188,632,560,1063,519,0,2750,134,35,13,29,1,2988,2394,594,418,86,89,3,2267,75,1549,642,3,721,405,140,172,4,1487,88,90,81,62,68,81,85,123,121,131,123,116,106,47,72,44,29,14,6,1501,83,96,74,78,65,83,99,118,114,108,113,113,93,74,79,49,29,20,13,171,703,541,1042,531,0,2787,104,48,15,33,3,2991,2380,611,425,77,109,0,2292,84,1560,647,1,699,397,125,174,3,1490,88,88,80,60,77,89,85,125,116,130,120,122,92,59,73,36,31,13,6,1501,86,104,63,76,67,75,106,126,113,109,107,120,92,73,69,43,37,24,11,230,751,445,1036,528,1,2737,161,48,19,26,0,2972,2387,585,409,83,93,0,2295,90,1562,642,1,677,388,128,159,2,1478,88,83,74,69,84,71,106,123,104,138,116,115,90,57,73,42,26,15,4,1494,92,94,70,64,72,74,119,116,111,112,108,118,82,84,67,40,36,24,11,220,779,407,1033,533,0,2723,144,47,22,35,1,2967,2364,603,414,89,100,0,2294,89,1572,632,1,673,373,133,164,3,1488,108,81,75,73,76,79,108,122,123,141,109,112,75,62,65,40,20,17,2,1479,91,88,70,68,68,76,116,124,115,109,116,109,81,75,67,38,34,28,6,226,780,418,1007,536,0,2701,149,43,30,43,1,2922,2320,602,421,84,97,0,2252,96,1540,614,2,670,377,131,162,0,1470,105,85,67,72,75,71,119,132,119,130,107,115,67,76,49,37,27,13,4,1452,93,70,77,62,76,81,121,107,118,106,114,107,75,77,58,43,34,26,7,196,847,366,986,527,0,2693,121,45,29,33,1,2904,2333,571,398,68,105,0,2233,97,1513,623,0,671,385,115,170,1,1460,103,80,64,76,78,82,113,130,126,128,112,105,63,80,45,34,24,13,4,1444,94,71,71,68,75,93,118,104,109,117,118,99,75,78,51,39,37,20,7,227,840,361,948,528,0,2647,157,46,20,33,1,2856,2298,558,402,67,89,0,2195,99,1475,621,0,661,395,118,146,2,1436,93,76,66,82,75,88,117,122,123,128,120,92,62,79,39,37,20,12,5,1420,100,60,72,71,62,97,119,117,105,108,126,91,69,68,49,42,34,21,9,293,741,362,928,532,0,2522,207,53,25,48,1,2727,2229,498,372,55,71,0,2107,102,1413,587,5,620,373,114,129,4,1376,78,70,75,80,75,98,115,96,129,119,113,84,58,75,44,33,21,7,6,1351,73,65,65,70,75,100,100,107,103,114,120,79,75,62,49,39,33,14,8,242,712,322,930,521,0,2461,156,45,8,30,27,2645,2190,455,336,59,60,0,2068,104,1382,577,5,577,330,121,122,4,1329,73,71,76,72,74,101,113,101,120,112,112,63,65,66,48,28,23,6,5,1316,66,69,70,65,75,95,99,98,96,125,107,77,70,63,46,42,37,9,7,230,667,302,925,521,0,2381,149,40,0,38,37
4026,Ennetbaden,3613,2800,813,582,85,146,0,2526,29,1477,1020,0,1087,655,141,282,9,1783,87,108,91,75,61,100,133,158,152,125,130,144,94,88,91,67,46,25,8,1830,85,101,95,91,64,108,131,149,146,133,116,142,100,96,97,82,47,25,22,246,1000,557,1332,478,0,3334,142,57,42,36,3,3571,2772,799,562,94,142,1,2502,28,1458,1013,3,1069,645,141,274,9,1753,97,98,101,66,56,99,113,172,148,123,124,142,94,87,91,72,38,27,5,1818,91,102,91,76,65,108,138,152,139,131,127,140,94,104,87,81,47,24,21,340,932,536,1300,463,0,3191,203,97,33,46,1,3486,2706,780,556,89,134,1,2431,30,1410,991,0,1055,647,134,265,9,1720,100,98,84,67,69,83,138,160,143,113,132,133,90,89,84,73,36,23,5,1766,82,108,89,75,58,103,141,143,138,123,119,142,86,104,89,78,42,25,21,260,972,498,1308,448,0,3201,145,73,39,28,0,3501,2697,804,623,43,137,3,2427,31,1406,990,0,1074,715,73,278,8,1719,104,102,80,66,61,81,146,159,136,125,144,112,100,98,77,63,41,18,6,1782,90,108,90,69,55,106,154,144,136,121,128,129,100,100,90,72,44,23,23,288,956,487,1317,453,0,3179,189,70,25,36,3,3499,2695,804,616,47,141,0,2420,35,1400,985,0,1079,718,79,274,8,1715,106,93,81,66,52,95,162,147,142,122,150,102,99,95,83,63,37,16,4,1784,90,104,96,60,61,129,146,145,141,111,137,117,99,101,88,70,46,20,23,304,943,491,1319,442,0,3157,163,72,64,42,1,3496,2700,796,620,50,126,0,2429,36,1390,1002,1,1067,721,78,258,10,1740,105,93,76,60,62,120,163,145,134,128,151,107,98,100,83,61,33,15,6,1756,95,93,89,51,65,128,151,153,134,109,148,113,93,96,98,60,38,25,17,338,980,440,1300,438,0,3123,200,74,54,43,2,3415,2652,763,592,54,117,0,2376,40,1349,987,0,1039,700,77,252,10,1691,88,91,73,59,69,110,158,150,122,128,149,107,103,90,88,49,41,8,8,1724,93,94,75,55,82,120,145,141,130,126,134,107,105,91,90,58,33,29,16,332,956,420,1275,431,1,3046,201,64,57,41,6,3324,2602,722,556,56,110,0,2335,43,1320,972,0,989,666,76,236,11,1636,91,76,70,57,58,118,149,145,119,134,148,106,91,87,88,46,35,10,8,1688,100,90,70,51,76,110,156,141,128,120,132,92,106,96,86,53,30,32,19,287,929,460,1227,421,0,3002,173,67,44,38,0,3302,2559,743,564,65,114,0,2325,42,1307,976,0,977,660,77,227,13,1638,95,75,63,52,70,111,161,143,128,134,129,102,104,87,78,49,31,16,10,1664,89,90,64,48,66,128,153,130,127,122,121,102,109,103,75,55,31,34,17,264,946,452,1235,405,0,3003,165,50,43,38,3,3264,2530,734,562,65,107,0,2300,43,1292,964,1,964,657,74,218,15,1624,85,79,59,48,75,128,152,146,124,140,120,98,98,99,73,44,30,17,9,1640,93,88,53,40,68,147,154,121,116,126,120,98,114,98,72,53,29,37,13,297,909,413,1247,397,1,2926,162,73,57,44,2,3167,2475,692,534,62,96,0,2251,46,1259,946,0,916,616,88,200,12,1587,72,71,55,48,69,137,156,131,125,146,116,97,104,95,67,44,25,18,11,1580,80,85,47,44,69,134,147,114,112,136,117,99,105,104,60,46,37,33,11,371,804,421,1198,373,0,2769,213,86,63,31,5,3094,2438,656,507,71,78,0,2227,49,1260,916,2,867,588,89,178,12,1555,80,66,56,49,67,149,140,110,123,162,103,104,98,94,53,51,18,21,11,1539,77,73,47,47,81,125,128,117,118,130,108,109,99,93,62,41,39,31,14,275,808,459,1181,371,0,2785,175,50,38,37,9
4027,Fislisbach,5984,4358,1626,1029,392,205,0,4160,67,2772,1321,0,1824,871,573,364,16,2969,160,175,168,147,139,209,178,235,215,176,224,200,161,151,144,125,84,44,34,3015,141,151,135,137,136,190,190,211,212,207,200,198,195,193,141,157,107,73,41,637,1391,686,2371,899,0,5306,389,156,78,52,3,5695,4231,1464,925,365,173,1,3999,69,2691,1238,1,1696,841,509,334,12,2821,161,151,165,148,140,177,173,208,191,184,217,191,157,143,146,128,75,38,28,2874,140,130,136,140,144,169,165,206,201,215,196,175,191,171,142,142,108,70,33,505,1222,715,2344,909,0,5138,344,96,54,57,6,5578,4146,1432,902,361,168,1,3920,73,2657,1190,0,1658,821,487,334,16,2781,162,155,170,143,142,148,174,216,179,202,210,186,166,139,142,121,73,34,19,2797,141,126,131,131,146,158,161,218,184,208,201,178,193,150,139,139,102,67,24,389,1173,759,2336,921,0,5144,249,89,43,49,4,5552,4127,1425,900,346,178,3,3921,78,2665,1178,0,1631,842,435,338,16,2765,155,156,172,137,139,146,180,225,175,214,209,182,156,134,150,115,67,34,19,2787,135,125,131,136,146,160,160,220,191,182,228,178,186,140,149,132,97,67,24,384,1188,752,2308,920,0,5114,251,71,57,57,3,5546,4132,1414,888,344,181,1,3926,82,2680,1163,1,1620,826,428,350,16,2755,149,167,169,121,142,159,194,205,182,221,208,169,158,141,148,107,60,38,17,2791,137,123,135,132,139,157,181,211,202,182,225,180,185,145,157,124,91,63,22,354,1192,831,2245,924,0,5153,240,61,50,41,1,5546,4122,1424,894,337,192,1,3940,90,2687,1163,0,1606,824,405,362,15,2755,154,182,146,124,137,169,195,207,189,218,199,173,167,136,148,99,56,47,9,2791,132,127,133,135,147,169,185,215,194,196,203,197,166,143,163,118,87,60,21,390,1191,848,2186,930,1,5089,245,74,60,72,6,5526,4125,1401,885,342,172,2,3939,93,2665,1178,3,1587,822,410,339,16,2739,148,179,143,128,139,180,202,194,195,220,197,168,164,139,145,90,51,47,10,2787,121,126,130,138,171,182,188,203,204,197,194,199,162,142,157,111,86,53,23,338,1281,832,2146,926,3,5130,196,80,53,60,7,5556,4153,1403,902,353,147,1,3977,100,2676,1194,7,1579,834,413,316,16,2729,155,165,133,130,130,184,221,197,204,213,187,189,151,146,140,86,48,38,12,2827,124,131,121,146,166,195,228,189,195,209,195,201,159,149,149,105,96,49,20,368,1309,809,2146,924,0,5124,230,71,58,71,2,5568,4152,1416,913,354,148,1,4004,107,2698,1194,5,1564,840,395,306,23,2753,161,166,131,129,146,185,232,194,221,206,194,183,138,159,133,82,52,34,7,2815,117,130,135,142,175,170,232,201,172,235,196,196,154,160,140,105,90,44,21,421,1345,741,2149,912,0,5092,275,96,44,60,1,5488,4122,1366,862,347,156,1,3963,110,2656,1189,8,1525,814,380,299,32,2698,158,162,127,131,158,172,208,188,229,230,173,175,138,156,130,69,57,33,4,2790,124,132,136,140,165,184,201,218,177,238,198,182,157,165,126,94,93,41,19,391,1411,640,2141,905,0,5049,239,72,69,53,6,5441,4137,1304,801,366,136,1,3976,121,2653,1183,19,1465,776,384,273,32,2670,171,139,131,124,144,183,202,188,230,224,172,182,144,157,117,63,72,25,2,2771,126,139,132,138,165,187,206,215,193,220,198,180,155,159,119,98,90,35,16,415,1413,561,2139,913,0,4984,244,81,81,49,2,5367,4107,1260,763,366,130,1,3973,134,2640,1169,30,1394,711,380,263,40,2633,164,135,133,126,146,192,183,191,234,216,176,168,153,156,103,57,73,21,6,2734,123,138,146,152,144,189,187,229,200,192,208,180,157,151,116,100,76,34,12,434,1357,580,2086,909,1,4894,274,71,51,50,27
4028,Freienwil,1102,958,144,119,16,9,0,902,17,557,328,0,200,134,24,41,3,523,24,38,29,24,26,23,23,37,43,36,42,56,32,35,22,15,9,7,3,579,27,35,39,33,27,21,36,44,36,37,45,57,42,34,20,19,9,15,3,61,242,164,456,179,0,1024,42,15,4,17,0,1104,948,156,124,19,13,0,896,17,556,323,0,208,135,26,47,0,523,26,39,27,24,27,23,24,40,44,42,36,55,36,32,21,10,11,4,2,581,28,38,44,23,28,22,34,50,35,36,53,52,39,35,19,17,11,14,3,62,264,161,444,173,0,1031,40,11,5,12,5,1110,951,159,121,27,11,0,909,17,558,333,1,201,126,30,45,0,521,24,39,27,23,31,26,32,35,42,44,42,48,33,35,15,12,8,4,1,589,35,42,42,21,28,28,40,51,33,37,55,43,38,35,19,17,10,13,2,115,232,187,407,169,0,988,85,27,3,7,0,1038,904,134,121,6,7,0,868,16,540,309,3,170,120,12,38,0,488,24,36,26,23,32,23,26,29,35,44,49,38,36,28,14,13,8,4,0,550,37,35,36,25,31,19,38,36,37,35,53,45,30,37,17,19,10,8,3,41,233,189,402,173,0,987,27,8,6,10,0,1053,916,137,124,7,6,0,878,16,551,311,0,175,126,12,37,0,500,34,28,25,31,32,25,23,37,36,44,50,35,38,25,18,9,7,3,0,553,35,36,36,30,26,28,38,38,37,39,53,39,37,26,16,17,13,5,4,85,223,172,402,171,0,961,52,23,7,9,1,1037,895,142,132,6,4,0,865,16,550,299,0,172,130,9,33,0,485,29,34,26,37,27,17,24,36,37,40,51,34,36,22,17,9,7,2,0,552,30,44,31,34,28,26,37,35,38,48,48,41,35,22,22,10,17,4,2,51,269,147,396,174,0,982,34,13,3,5,0,1035,884,151,137,8,6,0,853,17,539,297,0,182,135,10,37,0,492,30,33,27,35,31,18,29,35,39,37,50,40,35,22,11,12,5,3,0,543,36,43,24,39,23,25,37,34,38,55,45,39,32,21,20,11,14,5,2,84,246,144,388,173,0,941,53,20,7,14,0,980,831,149,133,8,8,0,804,18,512,274,0,176,128,11,37,0,474,28,31,25,36,29,15,29,29,37,45,47,37,35,18,18,8,5,2,0,506,29,39,23,37,26,19,32,30,37,53,46,36,30,22,19,10,12,4,2,56,257,116,383,168,0,919,28,19,6,7,1,970,827,143,127,9,7,0,796,19,507,270,0,174,127,12,35,0,468,30,29,23,38,26,14,21,30,44,53,39,39,31,21,16,8,6,0,0,502,24,39,27,35,24,18,29,30,38,56,48,32,36,20,20,10,9,5,2,45,254,111,390,170,0,912,29,11,4,13,1,967,830,137,124,8,5,0,799,20,508,271,0,168,124,11,33,0,461,28,27,29,36,27,17,19,34,41,53,36,39,27,22,11,8,7,0,0,506,26,40,33,27,25,25,29,30,43,54,44,38,26,20,18,13,7,5,3,79,234,108,378,168,0,883,64,9,6,5,0,942,808,134,123,6,5,0,770,21,481,265,3,172,123,10,39,0,441,25,25,36,28,18,18,17,32,44,52,35,37,26,21,12,7,8,0,0,501,34,32,38,26,25,20,28,29,46,51,45,34,26,25,11,17,7,4,3,82,208,105,379,168,0,851,45,22,13,10,1,930,803,127,117,6,4,0,761,24,485,252,0,169,121,11,37,0,434,22,26,32,32,20,19,14,30,43,49,35,37,29,16,13,8,9,0,0,496,35,22,41,24,24,21,25,31,53,53,36,40,27,24,12,12,10,3,3,58,221,135,351,165,0,866,46,6,4,6,2
4029,Gebenstorf,5665,4120,1545,877,493,175,0,3868,58,2676,1134,0,1797,833,599,345,20,2880,187,162,131,129,99,152,228,230,232,192,195,218,195,158,136,120,67,32,17,2785,152,138,149,119,127,137,230,213,184,176,166,220,192,169,150,117,80,47,19,371,1475,808,2193,816,3,5230,231,72,62,68,3,5631,4103,1528,872,489,166,1,3845,62,2658,1125,0,1786,834,601,335,16,2881,182,161,117,122,101,182,229,252,228,177,208,213,186,163,139,113,65,30,13,2750,151,135,137,116,119,163,222,202,184,166,182,213,181,182,132,121,83,46,15,426,1472,769,2161,801,2,5131,283,78,57,81,1,5514,4045,1469,812,498,158,1,3801,66,2621,1114,0,1713,796,579,321,17,2796,176,145,119,113,114,183,215,241,193,196,208,213,164,160,142,107,69,28,10,2718,158,128,123,107,127,175,222,191,184,156,207,200,182,179,127,115,75,45,17,397,1464,750,2118,783,2,5048,269,85,37,71,4,5461,3994,1467,830,483,153,3,3762,69,2587,1104,3,1699,839,534,310,16,2748,158,150,112,107,126,179,227,234,162,204,211,208,175,153,127,113,58,34,10,2713,153,131,113,108,131,190,219,190,182,166,204,196,191,168,127,117,71,38,18,346,1501,744,2112,756,3,5052,228,75,33,68,5,5414,3939,1475,847,478,149,1,3724,74,2550,1100,0,1690,847,521,304,18,2737,152,137,125,96,151,192,224,208,165,207,216,204,185,143,135,91,60,33,13,2677,138,137,107,114,125,204,207,183,182,157,213,200,190,158,134,102,74,36,16,493,1371,750,2063,735,2,4868,335,82,66,62,1,5258,3806,1452,845,474,132,1,3626,80,2461,1085,0,1632,832,500,287,13,2637,146,126,116,92,150,196,209,202,176,198,204,195,169,147,134,85,46,33,13,2621,120,132,102,114,142,201,190,177,186,170,217,193,185,155,126,91,72,32,16,499,1331,684,2033,709,2,4708,362,69,55,59,5,5157,3693,1464,892,445,127,0,3536,85,2396,1054,1,1621,853,482,275,11,2598,150,111,115,107,158,182,219,198,158,208,201,189,164,150,123,75,51,31,8,2559,118,131,108,112,153,184,172,177,174,177,207,185,187,139,125,95,67,32,16,508,1255,680,1999,715,0,4593,337,79,80,62,6,4975,3560,1415,871,427,117,0,3429,91,2319,1018,1,1546,833,464,242,7,2520,145,109,106,111,140,186,196,175,177,212,209,173,160,145,121,73,50,23,9,2455,118,108,95,107,164,165,164,173,157,194,185,183,189,129,118,87,69,32,18,422,1231,658,1973,691,0,4520,288,59,67,39,2,4911,3525,1386,851,416,119,0,3405,97,2276,1032,0,1506,821,432,248,5,2503,164,107,104,112,135,187,212,141,193,220,198,179,155,127,120,65,54,23,7,2408,128,98,102,96,149,150,171,179,162,182,184,188,170,128,128,85,60,29,19,372,1233,688,1916,702,0,4491,204,86,64,60,6,4894,3547,1347,809,405,133,0,3417,98,2299,1020,0,1477,796,415,263,3,2470,135,116,92,131,137,199,190,146,197,214,194,194,143,140,93,64,57,21,7,2424,135,99,109,99,156,148,174,180,158,188,196,192,162,133,106,90,57,22,20,404,1243,687,1865,695,0,4442,265,60,70,54,3,4801,3517,1284,741,432,111,0,3361,101,2261,999,0,1440,752,443,240,5,2409,130,116,87,126,158,172,184,150,183,212,191,177,155,136,88,62,56,18,8,2392,132,94,109,111,158,150,177,161,168,191,188,191,157,127,99,89,55,21,14,454,1131,660,1850,706,0,4295,279,84,73,62,8,4659,3454,1205,677,425,103,0,3318,105,2228,978,7,1341,693,428,218,2,2346,116,110,98,128,154,161,164,156,192,210,185,167,164,129,78,64,49,14,7,2313,122,102,102,124,147,137,181,152,166,180,180,190,143,127,101,81,46,19,13,343,1145,634,1831,706,0,4274,219,60,49,48,9
4030,Killwangen,2072,1509,563,354,170,39,0,1339,15,567,756,3,733,311,273,121,28,1058,46,55,65,73,66,48,40,58,85,71,93,94,73,59,48,39,31,11,3,1014,45,56,45,57,58,43,60,56,86,77,94,80,74,46,55,43,23,12,4,120,444,336,883,289,0,1940,55,45,18,14,0,2064,1507,557,357,162,38,0,1360,16,570,774,0,704,298,261,116,29,1057,51,56,69,70,64,47,49,63,73,75,86,99,64,66,50,38,24,11,2,1007,47,48,52,53,58,46,55,67,68,82,98,83,68,53,46,45,23,12,3,126,428,355,866,289,0,1922,69,45,8,19,1,2051,1494,557,354,161,42,0,1356,18,570,768,0,695,298,246,122,29,1050,56,54,65,68,62,41,60,65,67,85,91,90,63,69,42,39,23,7,3,1001,52,47,53,57,52,45,46,69,81,70,100,88,66,53,47,42,20,11,2,132,417,367,848,287,0,1904,44,73,6,22,2,2057,1510,547,359,148,40,0,1367,19,575,773,0,690,312,230,121,27,1059,50,60,63,62,59,54,56,67,77,87,92,85,64,66,43,37,22,11,4,998,54,44,50,58,49,53,52,71,77,82,88,85,58,61,44,42,18,9,3,97,486,348,849,277,0,1945,29,39,27,17,0,2074,1504,570,377,151,42,0,1379,20,583,776,0,695,326,223,119,27,1082,63,58,66,62,56,50,66,75,80,87,98,77,68,54,44,36,24,13,5,992,52,46,53,45,45,55,59,80,74,89,87,75,62,57,43,42,17,7,4,117,549,273,861,274,0,1944,41,54,17,17,1,2074,1504,570,372,152,46,0,1383,21,597,765,0,691,326,219,120,26,1073,58,62,62,62,68,47,56,67,87,84,105,79,65,56,44,36,20,11,4,1001,49,48,48,50,45,65,51,81,81,99,84,78,55,58,51,32,14,7,5,171,506,289,833,275,0,1884,67,77,26,20,0,1981,1463,518,342,132,44,0,1333,19,585,728,1,648,309,198,115,26,1027,59,56,59,60,66,40,57,61,86,82,102,70,70,55,43,30,19,9,3,954,42,49,41,47,57,51,49,67,78,100,85,74,59,48,48,31,17,6,5,144,489,282,804,262,0,1819,82,36,25,19,0,1960,1430,530,347,143,39,1,1322,20,568,734,0,638,312,184,112,30,1005,51,52,61,59,61,46,57,71,81,86,89,68,79,47,41,29,16,8,3,955,44,47,40,50,60,49,53,72,69,99,92,74,58,49,46,26,15,10,2,151,491,311,755,252,0,1796,87,40,18,18,1,1929,1418,511,328,144,38,1,1313,20,555,738,0,616,298,180,107,31,985,56,51,53,54,58,53,57,66,84,86,86,68,74,46,40,30,16,5,2,944,38,47,48,42,69,42,56,65,75,90,94,64,66,43,46,27,16,12,4,141,472,331,739,246,0,1768,67,60,13,19,2,1897,1380,517,329,149,39,0,1292,19,543,730,0,605,308,174,95,28,953,54,51,55,53,52,61,50,61,81,87,80,72,60,47,40,30,12,5,2,944,48,47,41,56,56,54,61,60,78,90,85,67,62,44,43,25,11,13,3,157,425,374,702,239,0,1722,97,54,9,14,1,1825,1342,483,310,141,32,0,1250,20,530,700,0,575,300,164,85,26,919,53,53,52,53,51,59,46,59,70,90,77,68,56,45,39,28,11,5,4,906,50,40,44,51,63,44,59,62,85,84,76,51,62,52,32,21,18,10,2,130,421,382,654,238,0,1678,53,47,28,18,1,1816,1337,479,298,145,36,0,1263,21,536,705,1,553,287,150,90,26,920,50,56,49,50,59,61,44,64,75,87,70,76,52,47,33,29,10,5,3,896,49,37,46,58,51,45,52,68,87,88,71,61,51,51,32,24,11,10,4,138,439,359,641,239,0,1658,68,52,13,22,3
4031,K��,1888,1555,333,228,54,51,0,1485,39,782,664,0,403,201,87,105,10,974,49,37,56,54,47,54,53,63,84,70,76,86,72,58,49,27,21,12,6,914,42,52,52,41,37,46,47,78,69,64,67,76,72,60,42,38,19,9,3,135,499,254,681,319,0,1734,66,40,26,20,3,1858,1548,310,208,57,45,0,1477,40,784,653,0,381,188,84,100,9,957,45,46,52,47,61,42,49,63,80,70,78,94,65,53,53,25,20,8,6,901,39,55,47,44,40,43,49,71,70,61,77,73,73,48,43,36,20,10,2,97,522,247,669,323,0,1745,64,28,5,16,0,1838,1547,291,193,53,44,1,1477,40,786,650,1,361,170,83,100,8,946,50,44,55,43,64,44,41,75,78,61,83,91,62,54,44,27,21,4,5,892,39,53,48,43,45,50,44,66,65,62,79,72,76,42,44,36,19,7,2,198,419,225,669,327,0,1624,117,59,19,17,2,1795,1503,292,205,48,39,0,1435,43,766,625,3,360,186,80,86,8,921,49,49,55,42,66,44,41,71,69,68,85,76,59,51,39,25,23,5,4,874,48,46,49,45,55,42,49,60,58,64,75,78,64,42,39,33,17,6,4,158,403,235,669,330,0,1619,81,61,15,18,3,1750,1476,274,177,53,44,0,1406,44,759,602,1,344,167,80,89,8,898,45,52,52,42,63,54,41,67,60,77,82,73,51,54,29,30,18,5,3,852,46,44,48,44,48,41,58,70,44,71,77,65,62,35,44,30,16,5,4,90,454,201,672,333,0,1649,40,35,10,14,2,1747,1476,271,171,61,39,0,1407,47,761,599,0,340,166,83,82,9,889,45,53,50,43,61,56,50,68,54,77,81,64,57,47,35,24,15,6,3,858,45,48,43,48,52,45,65,66,50,62,77,73,52,36,45,21,16,10,4,150,412,187,665,333,0,1586,76,37,10,18,20,1700,1452,248,156,59,33,0,1390,47,758,584,1,310,158,77,67,8,859,52,45,43,52,55,43,52,60,61,76,78,62,52,53,32,24,10,7,2,841,48,44,39,44,53,48,59,62,53,65,70,73,44,43,41,22,19,11,3,140,395,163,664,338,0,1543,79,42,7,21,8,1671,1420,251,162,62,27,0,1377,45,749,583,0,294,158,71,58,7,846,51,43,37,58,46,42,58,61,58,81,79,53,57,47,34,25,8,7,1,825,45,45,43,50,48,48,50,57,56,71,66,71,42,46,37,23,16,9,2,112,402,166,657,334,0,1539,66,32,4,22,8,1685,1422,263,155,73,35,0,1378,49,761,568,0,307,163,72,65,7,855,48,51,41,60,43,43,70,53,64,82,68,65,49,46,33,25,8,5,1,830,47,41,44,49,45,61,48,52,57,73,72,62,48,45,36,23,14,9,4,110,397,206,625,347,0,1561,52,40,1,14,17,1673,1412,261,142,87,32,0,1377,49,765,562,1,296,153,69,63,11,854,47,53,44,53,49,52,57,56,73,78,75,57,51,40,33,21,10,4,1,819,46,42,38,51,54,48,55,43,63,76,67,67,42,51,31,20,12,9,4,156,334,224,608,351,0,1500,85,54,8,25,1,1622,1378,244,133,86,25,0,1339,51,744,544,0,283,146,69,57,11,821,38,53,47,58,50,44,49,48,76,75,66,61,50,44,25,18,13,5,1,801,38,38,44,52,43,41,52,50,68,73,74,56,48,49,25,21,14,8,7,109,323,235,610,345,0,1499,75,15,6,16,11,1600,1379,221,128,78,15,0,1341,55,744,542,0,259,146,59,43,11,812,41,46,55,52,53,40,50,52,69,77,64,55,58,39,27,12,14,7,1,788,40,35,39,50,48,44,53,59,60,62,76,48,54,43,27,21,17,7,5,119,291,241,596,353,0,1470,72,31,6,15,6
4032,M��ge,2194,1610,584,317,168,94,5,1528,43,906,576,3,666,287,196,175,8,1132,77,56,66,80,69,55,86,81,68,77,114,81,79,45,36,32,9,13,8,1062,50,60,53,61,69,65,71,69,86,84,79,90,66,39,40,41,20,15,4,165,516,316,850,347,0,2009,88,62,11,23,3,2143,1604,539,288,152,94,5,1531,44,915,571,1,612,264,174,168,6,1096,72,55,66,77,69,72,73,66,72,79,101,88,67,46,34,26,15,9,9,1047,54,56,56,54,64,76,71,67,78,82,90,83,62,37,41,33,25,11,7,161,496,295,846,345,0,1960,110,32,11,28,2,2139,1607,532,286,143,98,5,1530,45,901,584,0,609,261,164,176,8,1094,55,69,67,78,68,67,75,61,73,93,94,91,65,50,32,24,14,12,6,1045,54,57,51,51,75,63,65,69,89,79,99,82,56,40,41,32,24,12,6,153,509,327,814,336,0,1968,86,47,17,21,0,2123,1622,501,280,128,88,5,1559,46,915,596,3,564,254,139,165,6,1094,61,68,75,72,63,71,78,58,70,101,86,93,66,45,33,22,16,12,4,1029,55,53,50,60,71,61,70,69,89,77,93,77,50,39,44,33,21,9,8,166,482,351,785,339,0,1937,100,33,25,25,3,2112,1622,490,278,136,71,5,1578,47,914,614,3,534,246,136,146,6,1084,62,58,76,78,66,72,78,59,61,112,87,84,64,38,38,21,16,11,3,1028,49,50,61,63,74,53,66,68,84,93,92,75,46,37,49,28,22,10,8,172,472,334,789,345,0,1921,106,51,11,20,3,2116,1650,466,262,128,71,5,1599,49,926,621,3,517,232,136,142,7,1096,61,61,79,84,71,73,71,58,75,106,91,79,56,45,38,15,18,12,3,1020,45,49,57,78,59,56,60,76,80,90,91,79,48,41,48,26,21,10,6,131,548,287,800,350,0,1961,69,41,18,26,1,2114,1663,451,254,122,70,5,1603,52,925,625,1,511,225,136,141,9,1087,62,64,71,80,70,75,70,68,79,98,97,75,54,40,36,19,14,12,3,1027,46,51,53,79,66,66,63,75,83,97,87,74,43,45,39,29,18,10,3,170,508,322,771,343,0,1931,97,63,7,15,1,2083,1644,439,240,127,72,0,1585,52,914,619,0,498,216,142,132,8,1075,62,68,74,72,65,71,66,76,88,93,96,64,60,41,32,19,17,8,3,1008,49,48,51,85,57,69,54,90,76,96,83,64,45,43,38,28,21,7,4,151,525,306,754,347,0,1919,100,35,13,15,1,2078,1654,424,236,117,71,0,1599,53,918,626,2,479,206,134,128,11,1072,62,72,76,67,75,69,66,69,96,84,100,69,51,38,31,23,16,5,3,1006,51,48,60,77,64,65,58,81,82,96,74,61,46,46,36,27,19,12,3,155,523,314,734,352,0,1900,85,45,24,23,1,2060,1666,394,211,114,69,0,1607,52,923,629,3,453,191,131,119,12,1052,66,73,75,67,66,71,65,68,104,80,93,67,40,43,30,20,17,5,2,1008,51,56,65,71,62,69,68,72,92,88,77,54,44,47,29,28,20,9,6,141,522,309,738,350,0,1900,98,20,21,20,1,2041,1665,376,189,123,64,0,1609,52,913,641,3,432,180,126,116,10,1051,66,73,77,64,70,84,61,69,104,89,81,61,41,43,23,21,19,3,2,990,52,54,76,60,68,60,72,71,91,84,74,50,47,46,27,26,18,8,6,192,464,322,713,350,0,1821,116,56,16,31,1,1994,1624,370,194,123,53,0,1567,54,899,609,5,427,196,118,102,11,1010,53,68,74,63,67,76,57,79,94,94,77,59,40,42,26,19,16,4,2,984,55,48,73,72,50,64,69,77,92,87,76,47,47,41,30,27,17,6,6,135,512,289,712,346,0,1836,78,48,8,23,1
4033,Mellingen,6019,3975,2044,1159,617,264,4,3849,54,2344,1451,0,2170,1020,698,431,21,3015,165,172,160,151,176,204,230,257,238,214,220,220,167,127,119,113,53,20,9,3004,169,167,176,137,159,192,226,228,213,228,181,204,159,171,146,127,73,37,11,466,1710,944,2008,891,0,5507,280,98,72,60,3,5958,3923,2035,1133,620,278,4,3829,54,2312,1461,2,2129,998,673,437,21,2996,177,174,149,147,170,199,233,252,234,219,217,233,152,121,139,106,46,18,10,2962,159,169,163,152,153,194,217,234,201,223,191,195,161,176,142,121,64,36,11,510,1630,946,1986,886,0,5380,312,137,56,71,2,5865,3863,2002,1122,611,265,4,3775,58,2282,1435,0,2090,1001,651,418,20,2957,168,172,151,154,163,205,227,249,222,228,232,206,156,115,141,94,44,19,11,2908,157,166,150,161,147,205,207,228,202,211,209,185,140,193,129,114,61,29,14,493,1666,843,1999,864,0,5317,316,112,60,58,2,5772,3811,1961,1137,576,244,4,3702,60,2247,1395,0,2070,1029,623,403,15,2916,174,174,148,145,161,206,232,237,234,208,250,191,156,111,134,85,43,21,6,2856,162,165,132,151,158,197,211,220,197,203,216,181,157,176,121,110,54,28,17,536,1642,779,1952,860,3,5175,307,140,75,65,10,5633,3741,1892,1105,554,228,5,3630,60,2210,1360,0,2003,1026,590,374,13,2849,172,158,138,154,164,226,226,222,204,225,240,188,143,116,131,78,39,20,5,2784,161,157,134,145,169,209,197,204,207,197,212,166,171,152,115,95,53,25,15,536,1628,704,1925,838,2,5034,332,122,65,71,9,5492,3666,1826,1055,544,222,5,3556,65,2149,1340,2,1936,1010,568,350,8,2784,162,148,140,146,160,224,210,219,217,227,232,179,140,126,130,66,33,20,5,2708,158,154,130,135,167,203,198,194,219,180,212,154,183,134,128,73,47,23,16,531,1601,618,1918,821,3,4910,303,133,79,62,5,5369,3626,1743,1022,516,200,5,3499,68,2133,1298,0,1870,981,558,325,6,2729,157,140,138,136,170,209,231,216,214,211,237,157,134,153,110,62,31,20,3,2640,159,139,136,129,162,178,218,181,216,195,184,156,184,132,118,70,44,26,13,432,1642,611,1865,813,6,4870,234,96,104,63,2,5343,3620,1723,988,536,195,4,3490,71,2103,1315,1,1853,984,550,312,7,2708,145,141,136,140,174,197,238,215,225,223,220,158,126,160,102,61,26,18,3,2635,158,135,134,119,170,196,205,190,205,204,185,145,195,127,115,71,39,29,13,572,1506,617,1856,792,0,4721,305,149,105,55,8,5150,3535,1615,913,518,183,1,3425,73,2085,1267,0,1725,899,527,293,6,2604,137,123,130,138,176,213,214,193,205,231,200,166,133,154,88,57,30,13,3,2546,149,123,121,128,189,179,188,189,187,211,180,155,182,115,113,61,36,31,9,608,1359,578,1833,772,0,4487,321,162,108,66,6,4887,3395,1492,818,508,166,0,3298,74,2034,1187,3,1589,814,503,268,4,2474,128,127,137,129,159,201,206,161,214,209,186,148,141,147,85,53,28,11,4,2413,133,107,119,123,186,145,185,179,181,205,165,165,166,117,99,57,36,30,15,502,1230,547,1851,757,0,4336,277,121,95,50,8,4748,3317,1431,738,534,159,0,3254,77,2014,1162,1,1494,728,515,248,3,2416,121,125,136,136,156,206,199,169,199,203,170,137,153,139,70,47,35,11,4,2332,119,105,113,127,176,165,167,178,162,208,145,180,144,129,81,55,31,30,17,499,1097,530,1864,758,0,4206,284,117,80,49,12,4621,3274,1347,654,548,145,0,3206,81,1975,1147,3,1415,663,516,232,4,2351,110,133,125,147,154,202,188,153,200,197,159,140,169,119,70,38,39,5,3,2270,117,104,114,132,156,156,167,169,177,187,142,187,140,116,76,49,34,29,18,391,1122,518,1835,754,1,4189,212,87,73,45,15
4034,Neuenhof,8972,4437,4535,2480,1547,503,5,4582,64,2846,1670,3,4390,1816,1746,766,62,4517,262,243,227,219,265,357,392,359,340,328,312,284,218,204,184,153,98,56,16,4455,266,231,238,204,235,346,334,319,310,305,277,267,230,248,203,178,130,88,46,631,2145,1328,3441,1413,14,8228,225,214,183,116,6,8918,4465,4453,2400,1540,507,6,4612,69,2870,1668,5,4306,1795,1686,763,62,4484,240,247,228,220,241,362,397,376,336,326,298,275,220,196,196,160,88,63,15,4434,262,233,216,202,239,341,340,327,294,295,290,264,236,259,201,180,126,93,36,562,2171,1383,3399,1397,6,8264,237,195,117,99,6,8954,4530,4424,2376,1532,510,6,4667,69,2921,1674,3,4287,1823,1624,773,67,4477,242,246,230,213,254,357,392,401,330,319,297,261,211,202,197,157,92,65,11,4477,258,222,218,206,256,335,369,312,321,279,295,270,229,257,219,172,136,82,41,622,2251,1249,3452,1373,7,8244,292,175,130,107,6,8950,4588,4362,2315,1527,517,3,4720,76,2938,1703,3,4230,1809,1581,772,68,4484,245,233,227,212,269,373,401,381,331,314,298,260,227,205,182,149,104,60,13,4466,247,238,207,201,269,362,356,315,309,281,289,274,236,253,219,164,123,83,40,683,2258,1241,3383,1360,25,8167,313,210,153,104,3,8825,4504,4321,2252,1541,526,2,4692,82,2908,1700,2,4133,1757,1532,758,86,4411,244,220,235,205,266,397,366,354,334,306,300,263,225,212,177,137,109,53,8,4414,247,232,200,198,277,364,335,321,307,274,295,258,257,229,225,159,123,76,37,705,2106,1253,3393,1339,29,8000,330,216,166,110,3,8730,4435,4295,2163,1588,542,2,4710,85,2936,1686,3,4020,1710,1457,770,83,4347,253,225,189,218,289,378,371,348,322,305,297,246,233,214,174,134,102,39,10,4383,238,241,197,199,275,360,331,331,305,269,294,253,278,220,209,149,137,69,28,621,2239,1189,3334,1329,18,8022,288,189,138,87,6,8750,4476,4274,2133,1588,552,1,4738,89,2952,1696,1,4012,1728,1416,777,91,4361,273,226,199,209,289,374,383,351,328,293,308,241,216,218,185,127,100,35,6,4389,246,220,192,198,272,382,364,306,297,288,286,253,291,215,207,153,133,59,27,579,2393,1121,3308,1329,20,8058,257,181,134,110,10,8819,4592,4227,2056,1631,532,8,4885,93,3014,1773,5,3934,1682,1403,756,93,4397,270,222,195,220,299,387,426,352,323,286,298,226,231,218,188,118,100,31,7,4422,248,215,207,212,281,401,352,326,282,297,281,253,283,235,189,161,114,56,29,788,2248,1190,3271,1313,9,7932,367,233,174,102,11,8603,4547,4056,1959,1556,533,8,4824,99,2959,1752,14,3779,1551,1255,747,226,4283,252,209,188,221,296,375,411,352,291,302,293,241,222,203,177,121,89,31,9,4320,263,207,187,205,292,380,342,314,280,286,281,256,268,237,179,146,112,56,29,719,2209,1235,3132,1291,17,7778,365,188,135,118,19,8414,4491,3923,1848,1541,533,1,4753,106,2913,1713,21,3661,1422,1141,723,375,4168,221,220,205,219,281,367,374,334,304,291,282,239,230,203,160,130,76,26,6,4246,248,197,194,190,293,377,333,301,277,297,257,283,247,240,172,146,100,62,32,607,2174,1217,3126,1279,11,7719,281,163,134,98,19,8360,4463,3897,1729,1665,502,1,4756,109,2917,1688,42,3604,1307,1117,669,511,4157,236,186,204,237,289,365,375,322,298,301,262,258,241,204,154,128,62,26,9,4203,240,192,181,199,292,349,352,296,267,298,249,299,241,234,174,155,95,56,34,713,2070,1169,3136,1272,0,7544,340,201,154,108,13,8207,4408,3799,1652,1634,512,1,4712,114,2877,1637,84,3495,1175,1086,654,580,4078,237,181,202,231,299,369,356,318,277,299,254,245,251,203,146,122,56,25,7,4129,229,177,191,208,300,331,327,268,296,277,259,293,239,229,175,158,88,51,33,673,1984,1125,3137,1262,26,7459,327,201,103,82,35
4035,Niederrohrdorf,4498,3666,832,594,135,102,3,3409,54,2196,1159,0,1089,605,211,260,13,2221,112,119,130,105,93,122,158,165,170,155,190,150,143,119,100,88,54,36,12,2277,104,110,115,104,89,137,150,179,168,184,131,149,138,158,117,118,69,44,13,416,1195,556,1702,629,0,4048,286,80,42,39,3,4389,3585,804,583,124,97,0,3355,56,2168,1130,1,1034,586,181,255,12,2168,113,122,118,105,85,116,163,166,170,156,173,158,126,109,103,94,48,35,8,2221,106,118,108,112,72,128,142,171,177,181,120,162,142,137,113,113,63,45,11,427,1091,584,1645,642,0,3920,316,81,24,48,0,4225,3435,790,576,123,91,0,3255,58,2100,1096,1,970,573,167,219,11,2082,116,118,109,100,79,108,157,147,177,142,170,151,123,106,106,85,52,29,7,2143,108,117,112,90,71,107,148,172,179,160,125,153,136,134,104,110,68,34,15,354,1033,575,1617,646,0,3830,252,68,28,45,2,4134,3367,767,559,118,90,0,3183,60,2030,1093,0,951,569,155,216,11,2034,115,121,99,93,81,110,153,150,162,161,160,146,115,106,98,79,54,24,7,2100,120,111,106,84,80,115,149,169,171,144,130,138,148,115,111,96,67,28,18,266,1053,585,1600,630,0,3831,192,44,18,48,3,4105,3335,770,573,119,78,0,3158,59,2004,1095,0,947,583,156,198,10,2013,105,125,95,88,81,131,145,141,160,169,156,143,125,103,95,70,51,21,9,2092,125,114,103,73,93,128,149,168,173,137,137,126,149,114,118,84,61,26,14,295,1034,661,1508,607,0,3769,212,53,21,49,1,4025,3273,752,548,122,82,0,3099,60,1969,1070,0,926,558,161,197,10,1976,112,117,96,86,97,118,148,149,150,173,148,139,124,90,94,59,49,20,7,2049,127,110,97,76,105,119,159,162,169,119,149,120,143,107,117,71,60,26,13,429,899,754,1352,591,0,3554,290,99,36,45,1,3747,3073,674,492,114,68,0,2916,62,1862,991,1,831,512,138,172,9,1818,105,112,95,71,91,101,121,146,137,162,140,115,115,88,95,52,45,20,7,1929,120,109,95,64,88,104,140,158,161,109,151,129,124,105,110,64,59,23,16,282,888,729,1283,565,0,3430,190,59,26,38,4,3693,3048,645,459,123,63,0,2903,63,1840,998,2,790,479,125,169,17,1806,110,109,90,75,94,109,112,150,139,147,143,121,108,100,82,56,39,15,7,1887,117,117,79,75,83,107,129,156,147,121,143,135,115,100,102,72,44,31,14,265,898,722,1251,557,0,3377,170,50,40,56,0,3622,2982,640,463,121,56,0,2862,62,1794,1004,2,760,459,113,166,22,1771,113,94,83,77,85,113,108,147,149,153,134,119,105,100,77,60,32,15,7,1851,114,101,76,77,95,101,133,146,143,135,135,138,102,111,92,71,41,29,11,252,924,733,1170,543,0,3334,165,51,31,39,2,3645,2996,649,468,116,65,0,2875,63,1813,997,2,770,477,96,166,31,1812,129,94,78,79,100,120,133,147,151,153,128,124,104,91,72,57,31,12,9,1833,115,92,72,79,89,106,147,162,131,137,126,140,100,111,84,68,39,23,12,222,1074,655,1144,550,0,3379,150,37,26,48,5,3649,2999,650,457,125,68,0,2883,67,1822,988,6,766,468,100,161,37,1806,123,95,75,83,102,131,137,140,157,145,128,131,95,89,66,54,34,16,5,1843,109,92,67,79,98,132,152,157,118,150,123,140,93,113,82,64,40,20,14,323,1138,503,1146,539,0,3287,213,61,41,42,5,3550,2923,627,442,121,64,0,2818,69,1777,965,7,732,436,94,162,40,1749,117,88,70,84,103,111,151,142,153,147,114,119,93,88,62,51,34,18,4,1801,118,89,61,77,99,125,171,143,116,153,122,121,96,107,73,66,33,21,10,304,1151,431,1127,537,0,3205,212,47,35,42,9
4037,Oberrohrdorf,4165,3423,742,540,129,73,0,3099,48,1815,1235,3,1066,645,180,215,26,2087,94,97,120,74,98,82,113,131,166,126,159,187,162,120,117,100,80,45,16,2078,99,96,104,85,73,87,102,142,161,120,155,157,163,136,109,105,106,56,22,310,897,610,1844,504,0,3828,204,81,20,29,3,4080,3364,716,526,116,74,0,3041,50,1780,1210,1,1039,648,152,214,25,2031,85,104,99,80,94,87,115,121,155,126,160,183,161,110,120,100,73,42,16,2049,91,104,95,83,83,84,101,129,161,123,148,159,157,132,116,104,107,54,18,283,894,552,1849,502,0,3778,179,59,37,27,0,4037,3338,699,510,119,70,0,3035,54,1784,1193,4,1002,623,151,203,25,2016,90,98,98,76,95,96,115,113,145,132,168,186,149,110,121,100,73,33,18,2021,89,104,96,81,86,75,112,117,144,131,149,165,167,116,112,110,101,46,20,203,931,562,1841,500,0,3799,144,31,23,37,3,4080,3367,713,529,111,73,0,3075,62,1785,1227,3,1005,652,135,194,24,2052,92,104,93,88,87,105,122,123,140,152,172,177,138,121,121,93,75,37,12,2028,84,108,91,73,96,76,112,139,127,138,159,161,155,120,117,121,94,36,21,255,922,603,1805,495,0,3798,173,47,27,35,0,4072,3368,704,523,106,75,0,3092,68,1791,1233,0,980,652,124,181,23,2059,93,108,90,91,95,114,112,130,131,155,180,172,131,115,120,101,78,31,12,2013,86,100,93,75,99,72,109,139,123,147,155,171,138,128,123,112,86,39,18,238,966,618,1747,503,0,3808,153,41,39,30,1,4123,3406,717,520,115,82,0,3151,73,1810,1268,0,972,635,127,186,24,2081,94,118,72,97,113,125,118,137,113,160,194,160,128,128,112,109,57,35,11,2042,96,97,83,77,96,108,106,142,122,158,157,167,146,120,122,113,78,39,15,265,990,666,1694,508,0,3827,165,52,44,33,2,4082,3359,723,526,123,74,0,3118,78,1796,1244,0,964,631,131,177,25,2054,104,95,72,101,119,121,115,140,120,157,185,159,124,133,114,93,65,29,8,2028,100,92,85,74,108,107,105,139,131,143,172,159,136,126,115,114,76,32,14,323,911,671,1671,506,0,3724,226,64,22,41,5,4032,3312,720,547,116,57,0,3081,78,1765,1238,0,951,653,120,154,24,2030,100,98,76,103,117,115,116,127,128,158,180,153,126,130,110,99,56,29,9,2002,90,88,70,89,98,109,119,129,131,136,176,171,126,118,126,112,66,32,16,281,910,717,1618,506,0,3719,192,49,32,38,2,4000,3300,700,521,116,63,0,3069,80,1744,1244,1,931,626,119,161,25,2029,92,87,91,94,121,123,114,115,146,158,182,146,129,131,105,104,59,23,9,1971,94,84,62,99,104,93,122,114,134,145,168,158,128,120,133,105,59,34,15,295,941,632,1628,504,0,3686,194,55,33,26,6,3981,3288,693,512,122,59,0,3082,84,1733,1265,0,899,599,120,152,28,2015,93,86,99,97,116,122,116,99,147,172,175,142,131,134,111,98,49,23,5,1966,89,79,70,101,105,110,115,112,140,148,173,143,133,123,121,95,63,34,12,318,954,570,1621,518,0,3636,213,57,41,31,3,3929,3282,647,463,126,58,0,3077,83,1730,1262,2,852,556,123,144,29,1979,96,71,100,108,122,125,105,92,151,185,158,135,134,128,118,77,49,20,5,1950,94,73,78,96,119,102,112,119,140,155,157,150,121,122,120,92,58,33,9,259,1049,494,1614,513,0,3633,171,46,34,41,4,3924,3299,625,446,126,53,0,3092,87,1732,1269,4,832,538,120,142,32,1975,81,75,102,104,134,117,106,110,149,184,152,137,136,128,108,82,50,16,4,1949,85,76,84,101,122,110,108,118,136,169,153,134,129,120,123,91,52,33,5,262,1052,489,1616,505,0,3632,160,51,42,35,4
4038,Obersiggenthal,8782,6016,2766,1285,822,653,6,5393,127,3722,1539,5,3389,1397,1023,954,15,4330,224,250,229,244,198,252,277,283,333,296,308,322,279,202,174,188,149,73,49,4452,204,237,237,217,217,217,263,271,309,310,294,336,266,233,211,237,187,118,88,534,1778,1083,3888,1498,3,8178,320,96,105,76,7,8719,6002,2717,1236,830,644,7,5401,136,3721,1541,3,3318,1382,1006,916,14,4317,234,239,219,229,219,239,280,288,335,308,303,336,256,202,180,190,140,76,44,4402,208,245,225,216,211,197,283,286,296,293,298,337,248,235,222,233,177,121,71,511,1727,1177,3804,1500,0,8132,314,109,69,82,13,8661,5960,2701,1247,817,632,5,5370,146,3687,1533,4,3291,1408,989,883,11,4283,229,232,226,227,224,239,259,293,333,304,318,336,245,185,197,193,123,78,42,4378,207,254,198,219,207,214,273,287,296,281,304,340,235,241,217,249,160,126,70,497,1663,1214,3805,1482,0,8099,306,88,84,71,13,8628,5943,2685,1306,778,596,5,5384,151,3705,1520,8,3244,1453,936,843,12,4242,243,225,225,216,209,228,270,305,308,312,340,316,234,183,205,193,116,73,41,4386,219,254,204,204,224,211,291,283,290,297,301,319,241,237,228,243,150,127,63,560,1600,1227,3751,1489,3,7984,366,89,86,91,12,8568,5875,2693,1321,796,571,5,5327,159,3658,1505,5,3241,1460,951,817,13,4218,236,223,234,195,216,238,273,315,293,321,332,310,240,185,203,178,112,74,40,4350,211,240,200,193,221,224,274,281,289,301,349,285,242,230,234,234,157,120,65,503,1652,1224,3705,1484,0,7984,342,60,94,84,4,8568,5853,2715,1359,806,545,5,5313,168,3605,1534,6,3255,1508,954,782,11,4188,239,216,237,186,219,253,277,299,291,326,338,296,227,188,211,176,111,74,24,4380,218,230,203,191,229,263,278,275,293,312,345,268,250,230,248,205,165,110,67,457,1726,1237,3682,1466,0,8040,271,88,82,80,7,8663,5912,2751,1387,807,552,5,5412,175,3669,1563,5,3251,1540,927,772,12,4222,243,216,224,191,230,263,275,316,314,318,352,279,229,197,209,162,112,68,24,4441,245,221,208,201,219,268,291,290,292,322,344,272,255,231,247,200,169,102,64,495,1867,1162,3666,1470,3,8076,304,88,92,97,6,8590,5849,2741,1416,767,555,3,5348,183,3612,1547,6,3242,1554,908,773,7,4213,240,221,210,191,241,265,284,310,316,331,342,263,216,222,214,144,111,72,20,4377,242,202,209,212,217,237,291,298,285,325,342,259,258,228,259,186,162,104,61,465,1913,1195,3568,1448,1,8044,265,94,96,89,2,8637,5819,2818,1462,796,555,5,5376,192,3625,1548,11,3261,1573,919,762,7,4220,233,212,205,203,260,266,276,308,323,357,326,266,211,234,211,141,102,66,20,4417,263,201,200,218,225,254,293,316,309,309,321,269,254,241,246,178,156,103,61,512,1957,1136,3589,1443,0,8042,320,73,95,101,6,8586,5793,2793,1465,802,522,4,5334,196,3577,1556,5,3252,1598,925,725,4,4211,221,221,188,212,256,280,287,306,330,346,325,252,221,237,200,143,107,57,22,4375,249,202,197,224,227,251,289,317,305,356,288,260,251,246,237,176,148,100,52,591,1948,1063,3566,1418,0,7917,330,97,140,92,10,8450,5764,2686,1248,943,491,4,5295,204,3525,1560,6,3155,1420,1045,685,5,4184,211,225,188,215,266,269,277,303,322,351,330,239,232,239,200,136,111,48,22,4266,222,195,191,220,233,248,264,317,301,347,275,257,258,263,211,181,141,98,44,548,1889,1071,3540,1402,0,7816,326,81,124,96,7,8278,5696,2582,1200,915,462,5,5239,210,3450,1573,6,3039,1374,1002,657,6,4093,203,216,193,228,239,258,267,310,319,358,300,243,232,233,185,134,111,42,22,4185,209,196,189,219,215,259,257,291,313,351,275,255,257,252,206,176,130,101,34,610,1777,1058,3476,1356,1,7592,341,114,106,88,37
4039,Remetschwil,2070,1752,318,243,41,34,0,1633,25,870,735,3,437,267,70,98,3,1060,47,45,66,67,72,58,38,52,59,66,89,111,93,71,53,40,21,10,3,1010,38,46,48,51,49,49,52,44,69,75,95,96,108,58,51,33,32,13,3,137,457,253,923,300,0,1921,68,54,13,13,3,2060,1756,304,223,40,41,0,1633,25,883,723,2,427,254,67,104,2,1056,52,48,66,69,68,55,38,44,74,67,85,114,84,72,57,34,17,10,2,1004,37,49,45,52,49,50,39,55,68,76,100,101,105,58,46,32,26,13,3,145,436,277,899,303,0,1900,97,34,9,18,2,2023,1723,300,222,40,38,0,1607,29,872,705,1,416,246,61,108,1,1033,55,51,66,75,62,45,29,43,70,77,89,112,76,70,54,28,18,10,3,990,32,50,49,49,57,42,29,66,64,79,105,98,94,58,41,40,21,12,4,115,410,286,896,315,1,1898,65,33,15,12,0,2019,1734,285,219,30,36,0,1613,29,867,713,4,406,255,46,104,3,1034,52,51,65,82,54,49,27,50,64,81,96,113,69,75,48,32,14,9,3,985,38,46,49,49,55,39,30,64,74,78,107,105,81,63,37,41,17,10,3,155,361,299,888,316,0,1847,116,24,13,18,3,1991,1721,270,215,29,26,0,1610,31,852,727,0,381,249,43,88,1,1023,44,57,59,82,57,44,31,47,65,89,95,110,65,71,51,30,13,9,4,968,42,50,50,47,54,32,29,65,66,86,102,107,68,67,41,33,18,10,1,90,386,305,888,322,0,1895,62,16,5,13,0,2076,1756,320,251,34,35,0,1644,33,879,730,2,432,278,50,103,1,1070,42,60,62,84,69,43,38,55,70,92,111,99,70,65,53,29,16,10,2,1006,46,55,53,47,57,38,36,67,77,92,96,113,66,58,40,38,16,8,3,98,448,285,912,333,0,1963,63,21,10,16,3,2104,1788,316,257,36,23,0,1676,35,903,736,2,428,285,48,94,1,1084,40,68,63,84,68,47,35,72,70,91,121,85,74,65,46,27,16,12,0,1020,49,47,52,57,56,43,49,70,71,97,101,110,63,54,43,31,14,11,2,160,452,270,893,329,0,1931,107,32,20,14,0,2041,1754,287,232,31,24,0,1648,40,886,722,0,393,263,39,90,1,1058,43,63,71,80,70,39,39,60,76,91,119,76,76,60,40,26,17,11,1,983,45,49,49,60,51,29,55,59,68,110,99,99,61,48,49,27,12,10,3,105,464,263,884,325,0,1918,56,30,19,17,1,2040,1751,289,230,36,23,0,1656,41,893,721,1,384,252,42,89,1,1071,47,66,82,70,74,46,47,54,77,101,116,67,79,54,42,20,19,9,1,969,44,45,47,63,44,37,55,63,70,104,107,82,69,38,56,20,15,6,4,97,501,248,872,322,0,1925,54,25,18,18,0,2049,1772,277,213,38,26,0,1679,43,908,727,1,370,238,40,91,1,1067,55,60,81,72,68,50,47,59,78,100,118,64,75,55,39,20,16,9,1,982,41,52,50,62,50,42,54,61,79,100,112,74,74,45,46,18,14,4,4,120,493,276,826,334,0,1924,69,21,28,6,1,2053,1769,284,214,48,22,0,1691,43,907,739,2,362,234,44,81,3,1073,64,60,76,80,59,51,46,66,78,113,101,74,69,55,36,26,13,5,1,980,47,52,44,68,46,51,49,64,89,97,118,71,60,43,44,17,11,5,4,155,447,334,797,320,0,1879,94,40,17,23,0,2039,1780,259,189,48,22,0,1702,43,907,748,4,337,214,45,75,3,1061,62,65,81,79,56,45,52,58,86,120,88,78,67,48,32,25,16,3,0,978,39,52,56,64,53,49,52,55,100,103,115,66,54,48,36,16,12,4,4,146,446,327,794,326,0,1877,86,41,11,19,5
4040,Spreitenbach,12322,6046,6276,3110,2737,428,3,6190,48,2924,3212,6,6132,2162,2662,866,442,6251,371,368,360,337,399,495,519,513,473,438,405,437,321,270,214,165,92,60,14,6071,354,361,343,316,375,422,504,462,416,423,414,345,331,269,228,215,160,99,34,871,2668,1452,4908,2417,6,11311,203,401,237,155,15,12102,5987,6115,2927,2763,424,1,6132,50,2913,3166,3,5970,2112,2566,836,456,6128,361,382,343,324,408,451,521,509,447,433,421,416,317,266,219,155,90,55,10,5974,329,368,333,312,353,466,477,462,420,405,382,373,327,261,225,223,145,77,36,746,2689,1384,4904,2373,6,11231,172,374,175,139,11,12126,6015,6111,2912,2781,416,2,6190,52,2944,3190,4,5936,2115,2540,807,474,6121,386,377,339,322,398,473,503,518,441,428,426,400,337,256,228,143,94,46,6,6005,356,356,333,308,372,479,461,457,439,394,378,386,336,265,220,211,144,78,32,802,2665,1386,4895,2375,3,11182,210,389,179,150,16,12065,6000,6065,2896,2772,395,3,6212,56,2947,3205,4,5853,2127,2437,787,502,6067,369,383,323,321,398,485,512,501,452,410,426,405,319,259,219,140,96,42,7,5998,368,363,328,298,377,517,445,475,419,392,379,385,322,265,219,199,138,76,33,843,2595,1501,4802,2324,0,11088,244,392,181,149,11,11881,5908,5973,2777,2807,388,1,6140,57,2937,3139,7,5741,2119,2353,756,513,5964,388,360,336,300,398,465,492,492,455,394,443,368,338,257,205,131,103,29,10,5917,364,370,328,267,404,492,431,450,425,386,391,388,313,261,221,195,141,61,29,739,2535,1582,4745,2280,0,10994,203,322,189,157,16,11788,5857,5931,2729,2818,383,1,6139,61,2912,3163,3,5649,2135,2264,723,527,5931,390,351,322,311,392,468,528,465,452,392,434,360,337,255,203,131,92,34,14,5857,378,350,311,272,402,490,464,426,409,392,390,371,315,252,235,178,134,62,26,893,2451,1531,4701,2212,0,10772,230,477,171,133,5,11531,5720,5811,2652,2789,369,1,6046,64,2888,3088,6,5485,2102,2157,690,536,5806,393,346,307,307,388,459,528,443,434,398,408,358,325,256,192,134,85,31,14,5725,392,344,306,272,367,466,479,422,382,363,406,371,301,246,241,165,109,65,28,821,2338,1605,4575,2191,1,10556,204,367,215,176,13,11253,5434,5819,2567,2873,378,1,5911,64,2844,3000,3,5342,2017,2094,686,545,5688,372,320,307,312,370,450,528,445,415,396,409,375,305,254,174,130,87,24,15,5565,370,326,292,271,357,461,467,429,359,357,406,351,303,231,229,163,114,48,31,790,2290,1515,4552,2104,2,10333,185,365,214,139,17,11040,5386,5654,2477,2810,364,3,5877,64,2830,2978,5,5163,1951,1986,659,567,5577,390,320,290,326,366,452,492,434,393,392,411,358,305,241,172,128,67,27,13,5463,365,300,281,273,372,443,466,400,357,377,403,345,298,226,212,160,107,45,33,663,2361,1463,4489,2059,5,10246,186,273,170,147,18,10970,5329,5641,2440,2821,380,0,5875,63,2808,2997,7,5095,1906,1936,653,600,5518,360,339,279,320,359,450,493,425,383,416,386,370,304,241,165,134,54,29,11,5452,376,308,244,290,399,430,463,396,360,394,391,337,298,230,208,165,91,41,31,647,2464,1434,4432,1990,3,10156,183,287,160,175,9,10930,5329,5601,2150,3075,375,1,5864,68,2825,2970,1,5066,1769,2029,638,630,5499,353,308,296,319,397,466,455,420,401,426,392,363,292,232,162,113,65,29,10,5431,354,299,265,290,400,449,438,388,392,399,397,332,271,243,197,159,82,46,30,723,2445,1520,4304,1938,0,10080,179,338,175,143,15,10782,5325,5457,2028,3047,382,0,5858,71,2812,2969,6,4924,1689,1946,634,655,5436,332,304,292,323,393,481,438,427,395,428,385,356,298,225,153,110,59,31,6,5346,331,289,266,288,407,471,423,370,376,421,384,318,277,251,184,132,88,44,26,619,2524,1620,4111,1899,9,10051,157,294,126,122,32
4041,Stetten (AG),2420,1915,505,366,118,21,0,1878,29,1099,750,0,542,310,145,79,8,1231,74,82,65,56,60,86,92,110,87,93,102,81,65,46,54,38,28,8,4,1189,78,68,58,56,65,80,89,105,78,79,95,75,53,74,53,39,20,17,7,206,670,411,789,343,3,2188,118,62,24,28,0,2329,1835,494,356,115,23,0,1815,28,1077,710,0,514,296,134,76,8,1191,69,78,54,66,66,86,86,95,84,101,94,83,57,56,45,36,24,7,4,1138,78,68,56,51,51,70,91,94,76,87,88,70,59,77,43,35,20,14,10,258,589,410,746,326,0,2045,151,76,17,32,8,2224,1768,456,336,109,11,0,1745,30,1028,686,1,479,295,121,54,9,1124,68,76,49,63,58,68,78,97,79,90,88,84,58,55,46,38,19,5,5,1100,70,69,60,40,51,76,86,91,75,79,82,79,57,66,45,32,18,16,8,204,583,401,718,318,0,2006,122,63,14,19,0,2201,1729,472,363,97,12,0,1728,32,1037,658,3,473,315,93,53,12,1101,64,73,52,54,57,69,86,91,91,86,90,71,56,58,43,32,15,9,4,1100,78,67,62,42,52,73,87,96,78,84,78,65,62,60,45,27,17,18,9,163,593,437,672,336,0,2013,113,27,20,26,3,2202,1720,482,372,99,11,0,1728,33,1041,653,1,474,319,91,52,12,1097,66,67,57,53,56,70,85,96,93,92,79,76,54,54,43,30,13,9,4,1105,78,70,52,44,62,90,77,86,86,85,78,63,69,56,39,30,15,17,8,144,717,372,642,327,0,2032,100,22,21,27,0,2218,1726,492,375,101,16,0,1738,34,1034,668,2,480,320,88,59,13,1104,74,67,57,53,58,72,83,87,99,100,84,72,54,50,40,30,10,10,4,1114,73,65,64,47,60,87,99,87,81,86,77,55,78,51,41,21,22,13,7,206,717,331,643,321,0,1994,126,55,21,22,0,2203,1744,459,348,95,16,0,1746,38,1038,668,2,457,302,80,59,16,1093,82,57,66,58,58,75,83,90,98,85,88,62,61,44,40,25,9,8,4,1110,77,64,57,43,79,89,97,88,78,80,82,57,79,43,36,21,18,13,9,208,729,305,631,330,0,1968,126,61,14,33,1,2139,1689,450,338,97,15,0,1685,37,1001,646,1,454,290,82,59,23,1069,77,52,64,64,61,79,90,80,92,84,84,64,56,44,41,18,9,8,2,1070,78,64,43,52,90,79,92,78,79,78,83,56,65,43,32,20,21,12,5,283,658,258,627,313,0,1833,189,63,23,25,6,2013,1585,428,330,84,14,0,1569,39,947,581,2,444,290,73,54,27,995,70,56,52,69,53,62,79,78,86,82,77,62,61,43,32,16,12,3,2,1018,66,63,45,57,73,68,100,66,78,76,71,64,63,45,27,20,21,11,4,153,714,224,611,311,0,1841,90,27,27,28,0,1958,1551,407,306,89,12,0,1541,42,924,574,1,417,270,60,51,36,971,55,59,50,65,57,64,82,74,86,77,79,56,57,46,27,17,15,4,1,987,70,57,37,67,70,68,90,72,71,74,65,72,55,39,28,20,18,10,4,295,559,186,615,303,0,1643,202,55,34,24,0,1758,1421,337,251,77,9,0,1417,44,850,522,1,341,220,35,48,38,882,52,57,46,59,57,53,54,77,75,75,69,53,51,41,24,16,15,6,2,876,56,58,33,62,56,51,73,57,68,74,58,67,51,38,22,26,14,8,4,183,482,180,617,296,0,1558,112,46,19,21,2,1671,1376,295,211,76,8,0,1370,47,816,503,4,301,193,25,41,42,831,44,60,55,51,43,48,43,68,71,77,67,62,42,44,20,18,12,4,2,840,49,50,36,71,48,50,60,60,62,71,62,72,44,33,25,22,14,7,4,154,441,173,614,289,0,1502,102,40,7,20,0
4042,Turgi,3010,1811,1199,744,265,190,0,1689,27,1125,534,3,1321,642,333,304,42,1533,72,69,70,71,92,141,148,135,102,95,97,120,104,71,58,49,24,9,6,1477,65,61,51,67,98,138,133,98,98,93,111,110,89,88,67,42,32,31,5,334,848,388,1095,345,0,2656,187,64,79,23,3,2972,1816,1156,701,273,182,0,1690,28,1148,513,1,1282,613,342,286,41,1522,76,69,75,71,99,119,143,131,108,96,101,118,99,67,61,46,25,13,5,1450,68,62,59,68,102,118,126,105,90,84,122,103,93,79,64,40,33,26,8,266,853,394,1094,363,2,2676,159,66,33,35,3,2963,1788,1175,706,293,176,0,1670,28,1125,514,3,1293,613,358,282,40,1511,75,73,72,65,93,122,138,128,101,103,106,126,97,66,65,41,26,10,4,1452,64,61,60,70,102,114,123,111,95,84,122,107,98,75,61,38,38,20,9,298,815,411,1082,357,0,2644,187,53,46,23,10,3004,1846,1158,673,308,172,5,1730,33,1176,519,3,1274,608,334,293,39,1524,85,73,70,77,105,122,131,129,102,95,123,117,91,63,65,40,19,13,4,1480,68,64,67,82,91,139,99,113,97,101,121,104,97,77,49,42,37,17,15,293,835,383,1111,382,0,2679,192,52,42,36,3,3013,1838,1175,662,347,161,5,1739,34,1177,527,1,1274,605,357,275,37,1523,91,68,73,75,96,123,135,125,103,108,128,111,80,70,63,39,15,16,4,1490,71,68,66,82,94,128,115,108,102,105,118,97,101,80,48,37,42,19,9,300,788,434,1095,395,1,2680,192,52,43,38,8,2951,1814,1137,621,341,174,1,1711,39,1153,516,3,1240,580,342,278,40,1501,75,73,75,71,92,131,136,116,102,108,131,105,86,70,58,35,14,18,5,1450,74,63,64,79,91,136,97,100,96,120,115,92,96,77,43,39,42,15,11,235,791,470,1063,391,1,2690,159,34,34,30,4,3031,1853,1178,652,345,180,1,1770,38,1170,561,1,1261,611,340,271,39,1542,68,73,76,78,98,149,148,126,101,119,136,94,85,72,49,29,23,13,5,1489,73,73,68,85,94,143,114,97,96,122,114,101,81,76,43,42,38,14,15,289,848,440,1063,390,1,2720,156,66,60,26,3,2988,1833,1155,635,356,164,0,1772,38,1182,549,3,1216,599,321,251,45,1511,69,82,68,76,102,137,151,118,105,121,125,88,82,77,45,30,18,10,7,1477,78,68,72,76,107,127,129,97,90,121,107,97,82,70,47,45,36,14,14,265,843,424,1053,403,0,2692,165,37,55,35,4,2962,1849,1113,603,348,162,0,1777,41,1173,560,3,1185,578,323,238,46,1491,72,73,73,84,83,144,148,104,92,140,125,88,85,73,44,22,22,12,7,1471,81,64,72,73,115,137,123,79,102,123,102,96,90,58,49,45,29,21,12,307,801,412,1045,397,0,2620,206,54,40,34,8,2956,1837,1119,597,366,156,0,1752,42,1152,555,3,1204,577,347,232,48,1491,72,80,71,79,103,137,141,96,106,132,115,89,88,70,44,25,26,13,4,1465,85,63,75,71,121,132,119,80,108,112,100,101,90,57,45,48,29,19,10,281,841,402,1041,391,0,2645,159,51,60,37,4,2937,1826,1111,531,424,156,0,1762,44,1161,555,2,1175,503,393,230,49,1477,72,87,68,80,115,123,127,100,112,135,109,93,90,62,41,22,24,15,2,1460,87,70,75,59,135,116,109,82,121,106,102,100,87,51,49,53,26,21,11,288,831,375,1045,398,0,2628,161,46,64,28,10,2893,1820,1073,509,410,154,0,1753,48,1146,556,3,1140,479,383,229,49,1460,81,77,70,74,105,123,126,106,122,134,104,96,89,56,33,28,21,11,4,1433,92,71,66,65,107,119,93,92,117,111,104,93,83,50,55,49,27,25,14,280,795,436,991,391,0,2581,171,55,34,35,17
4044,Untersiggenthal,7486,5263,2223,1239,636,347,3,5038,128,3529,1377,4,2448,1178,724,538,8,3751,239,211,204,212,182,212,265,231,278,236,257,274,256,176,193,163,100,40,22,3735,183,199,170,190,227,222,232,260,250,246,263,290,266,178,192,169,100,58,40,506,1619,974,3167,1207,13,6894,309,104,91,86,3,7397,5218,2179,1228,621,330,0,4972,132,3506,1334,0,2425,1162,733,521,9,3697,215,220,200,202,187,220,244,229,267,241,263,282,243,181,192,164,86,36,25,3700,185,185,177,185,226,215,233,266,244,240,267,296,249,187,193,158,88,59,47,520,1576,981,3128,1183,9,6797,361,74,70,91,4,7229,5148,2081,1168,613,298,2,4899,136,3433,1326,4,2330,1114,734,473,9,3631,210,208,204,184,201,221,224,232,249,248,259,299,224,185,194,156,72,45,16,3598,184,173,176,180,218,221,220,245,236,255,268,277,240,194,187,154,72,58,40,489,1514,989,3063,1160,14,6680,336,71,58,63,21,7211,5137,2074,1169,600,303,3,4926,138,3436,1351,3,2285,1122,689,468,6,3618,218,196,210,180,199,244,217,237,251,239,281,283,217,182,192,144,65,47,16,3593,186,182,166,185,247,201,206,255,237,254,273,280,226,195,179,139,79,63,40,475,1500,1083,2969,1172,12,6655,319,69,72,84,12,7240,5183,2057,1134,599,320,4,4975,144,3452,1379,0,2265,1111,652,497,5,3636,224,191,205,178,204,249,226,249,245,241,312,269,214,177,201,125,63,43,20,3604,190,162,167,201,236,218,231,258,230,249,286,276,212,206,182,119,75,69,37,448,1609,1041,2947,1171,24,6711,302,75,59,79,14,7219,5201,2018,1146,575,295,2,4967,144,3450,1371,2,2252,1149,630,468,5,3617,200,202,205,180,210,244,232,254,248,257,307,275,189,193,189,112,62,44,14,3602,202,169,174,214,205,223,242,244,229,262,289,280,188,208,187,105,81,75,25,462,1655,1081,2857,1147,17,6673,277,86,84,84,15,7224,5185,2039,1145,591,300,3,4962,150,3436,1374,2,2262,1151,635,471,5,3634,200,200,203,200,198,248,254,254,246,266,308,270,187,203,182,101,62,38,14,3590,178,175,182,220,212,224,242,246,229,266,290,266,200,211,166,97,77,78,31,510,1637,1073,2837,1148,19,6631,347,72,74,86,14,7161,5108,2053,1164,618,267,4,4919,152,3400,1363,4,2242,1165,636,432,9,3628,193,208,190,212,226,248,260,234,255,268,320,230,196,213,169,89,68,32,17,3533,155,175,191,208,228,213,233,240,245,275,283,247,207,201,158,95,85,64,30,509,1680,1055,2776,1135,6,6587,329,63,106,71,5,7104,5038,2066,1129,638,296,3,4887,155,3360,1366,6,2217,1117,648,431,21,3596,203,216,184,197,230,250,244,252,248,290,302,217,196,206,165,83,68,32,13,3508,173,166,189,204,221,226,262,229,249,263,289,230,198,201,147,92,81,59,29,507,1765,920,2772,1131,9,6527,307,95,86,80,9,7091,5055,2036,1111,617,308,0,4887,162,3342,1374,9,2204,1077,623,448,56,3574,201,218,179,194,239,252,234,261,246,307,276,219,200,212,151,76,62,32,15,3517,178,164,201,211,209,248,259,236,246,276,281,206,212,201,133,89,86,56,25,601,1679,904,2743,1147,17,6406,370,99,117,77,22,6876,4987,1889,963,664,261,1,4829,168,3277,1364,20,2047,940,618,393,96,3454,207,201,170,181,244,217,243,237,248,299,276,198,224,194,134,76,64,30,11,3422,176,168,197,191,212,240,232,224,250,285,273,190,208,203,123,87,95,44,24,435,1720,853,2709,1159,0,6374,268,91,79,62,2,6855,4993,1862,946,653,262,1,4829,168,3252,1374,35,2026,918,561,396,151,3437,210,195,178,183,225,227,260,236,245,299,261,201,235,192,117,77,58,29,9,3418,185,173,207,189,217,241,230,211,262,278,256,209,225,178,114,79,98,43,23,532,1712,802,2663,1140,6,6252,334,73,77,72,47
4045,Wettingen,21094,15088,6006,3679,1563,757,7,14119,1704,7964,4448,3,6975,3322,1971,1425,257,10448,539,510,556,515,495,659,793,750,765,752,751,813,674,517,447,383,283,159,87,10646,433,485,563,456,464,628,776,729,720,740,719,807,671,576,509,498,399,290,183,1278,4436,2458,9125,3796,3,19663,625,350,271,176,9,21049,15146,5903,3643,1524,730,6,14169,1755,7962,4450,2,6880,3328,1908,1378,266,10400,521,527,527,506,505,660,793,780,739,756,764,837,639,513,437,379,285,151,81,10649,476,490,521,452,483,661,768,743,705,721,758,809,661,556,489,493,392,289,182,1148,4590,2389,9100,3818,4,19721,620,292,207,200,9,21099,15146,5953,3686,1538,725,4,14267,1798,7952,4516,1,6832,3361,1849,1340,282,10416,514,526,535,482,537,658,844,765,735,770,775,829,619,522,443,361,270,159,72,10683,487,514,513,424,514,667,774,740,734,705,779,788,666,536,493,479,414,270,186,1339,4481,2464,9002,3811,2,19566,720,375,208,209,21,20934,15116,5818,3653,1456,705,4,14235,1831,7927,4472,5,6699,3399,1687,1319,294,10322,515,521,531,461,539,690,817,768,721,784,803,773,605,487,445,360,268,171,63,10612,483,518,498,413,518,698,773,717,751,699,776,744,650,553,475,488,403,278,177,1276,4366,2515,8974,3802,3,19478,709,307,217,195,28,20852,15071,5781,3641,1440,696,4,14236,1858,7865,4508,5,6616,3428,1588,1296,304,10239,492,525,501,455,531,697,807,792,724,772,823,758,599,476,437,353,274,159,64,10613,501,526,462,409,533,727,752,740,706,731,810,718,632,514,510,481,395,302,164,1321,4279,2563,8914,3774,1,19336,771,293,230,215,7,20721,15016,5705,3616,1388,698,3,14201,1896,7826,4475,4,6520,3434,1518,1265,303,10191,503,521,480,450,526,739,783,805,751,760,839,723,581,481,431,344,250,165,59,10530,499,536,434,393,543,708,763,713,741,719,822,692,596,527,536,470,393,301,144,1414,4120,2650,8785,3750,2,19124,759,333,292,200,13,20535,14973,5562,3497,1356,707,2,14171,1945,7751,4470,5,6364,3361,1444,1247,312,10106,522,492,457,442,557,707,802,791,744,789,837,679,580,476,425,353,249,144,60,10429,509,491,419,406,545,689,772,690,729,754,806,683,576,503,548,453,419,290,147,1343,4029,2735,8690,3734,4,19008,746,318,245,204,14,20298,14835,5463,3427,1328,706,2,14107,1973,7679,4453,2,6191,3288,1361,1222,320,9954,503,481,433,461,515,729,810,746,754,778,837,659,561,481,417,340,253,143,53,10344,492,487,393,436,526,715,740,731,680,777,784,682,554,527,523,475,411,277,134,1189,4194,2708,8535,3671,1,18930,611,295,258,195,9,20221,14815,5406,3395,1317,692,2,14144,2007,7654,4477,6,6077,3269,1287,1192,329,9910,517,486,419,473,502,715,809,741,763,819,804,629,545,492,416,332,259,136,53,10311,498,461,379,464,549,704,735,733,696,782,749,668,570,513,539,480,406,253,132,1141,4206,2770,8459,3645,0,18898,607,284,225,197,10,20211,14909,5302,3338,1281,681,2,14198,2047,7618,4529,4,6013,3235,1267,1171,340,9897,529,471,423,459,536,723,814,740,741,843,782,624,536,488,414,345,248,127,54,10314,494,432,379,474,589,711,755,679,733,807,722,650,550,551,530,476,416,233,133,1207,4311,2615,8464,3613,1,18824,653,258,253,201,22,20135,14929,5206,3132,1395,678,1,14258,2097,7559,4593,9,5877,2989,1384,1170,334,9841,526,453,428,451,557,720,826,737,752,838,740,620,545,483,420,323,243,119,60,10294,501,418,378,487,569,732,723,724,751,802,695,629,555,566,518,474,398,234,140,1229,4390,2535,8403,3578,0,18701,635,259,304,224,12,19986,14957,5029,3064,1356,608,1,14251,2144,7463,4630,14,5735,2985,1324,1079,347,9750,512,437,422,461,549,749,793,752,761,838,698,622,531,477,421,318,231,122,56,10236,475,398,389,481,568,764,703,734,784,788,682,614,546,573,493,490,379,248,127,1182,4498,2495,8314,3497,0,18641,622,252,220,187,64
4046,Wohlenschwil,1820,1437,383,282,56,45,0,1372,42,868,461,3,448,276,78,92,3,920,57,67,45,39,43,64,55,67,75,71,74,66,49,48,47,28,17,6,3,900,49,49,49,44,54,64,52,59,67,76,59,65,64,46,44,33,19,3,4,163,499,263,648,246,3,1636,93,56,11,22,3,1757,1398,359,261,56,42,0,1335,44,849,440,2,422,257,77,84,4,899,66,58,40,40,44,55,57,74,71,65,76,64,44,50,46,21,21,4,3,858,41,61,46,45,46,50,54,58,72,64,58,60,62,47,39,29,17,2,7,161,497,231,625,243,0,1580,105,41,11,18,2,1677,1348,329,234,52,43,0,1290,46,814,429,1,387,237,68,82,0,865,66,49,44,36,52,57,46,69,66,63,74,62,45,49,44,21,16,4,2,812,41,59,45,47,39,44,46,62,65,56,57,62,46,50,41,27,12,7,6,163,466,214,599,235,0,1499,117,32,10,19,0,1603,1306,297,214,38,45,0,1238,45,783,409,3,365,232,54,79,0,833,61,45,36,46,53,54,46,66,57,65,71,59,42,48,45,19,14,4,3,770,30,57,41,42,42,45,39,60,60,50,53,66,48,50,35,23,14,9,6,151,416,197,609,230,0,1435,90,43,16,18,3,1566,1283,283,202,32,49,0,1219,47,775,396,1,347,224,46,77,0,797,54,42,40,42,53,43,47,53,54,70,66,59,43,53,37,19,13,8,1,769,42,46,46,45,38,37,45,54,60,50,58,68,49,48,34,23,8,12,6,112,410,199,611,234,0,1441,86,20,4,15,0,1556,1276,280,204,29,47,0,1207,49,759,399,0,349,228,44,76,1,792,53,43,39,40,47,43,52,57,54,77,65,54,40,57,30,20,15,6,0,764,49,46,42,44,36,36,46,54,60,47,61,72,45,49,33,20,8,11,5,106,394,212,607,237,0,1432,66,27,11,19,1,1538,1266,272,185,36,51,0,1200,50,748,401,1,338,211,45,81,1,759,41,43,38,44,48,39,49,56,48,75,64,49,47,54,22,24,12,5,1,779,59,45,44,45,42,36,45,60,57,46,63,66,52,46,29,16,10,14,4,139,359,191,615,234,0,1379,107,19,12,21,0,1510,1254,256,171,40,45,0,1193,55,734,403,1,317,199,47,70,1,747,39,42,35,47,47,40,38,56,51,76,62,49,53,52,24,23,10,2,1,763,57,40,40,45,46,31,49,58,52,46,75,52,54,47,30,13,10,14,4,145,349,176,609,231,0,1355,97,35,9,12,2,1482,1260,222,158,29,35,0,1193,58,734,400,1,289,193,35,60,1,740,41,41,39,42,41,47,38,47,64,67,65,47,53,50,22,21,11,3,1,742,53,34,38,49,41,28,53,56,50,43,83,49,57,37,26,16,15,10,4,104,363,193,588,234,0,1363,66,22,11,19,1,1473,1249,224,167,25,32,0,1189,64,729,394,2,284,192,33,58,1,733,43,43,36,48,39,43,43,48,67,57,60,48,60,40,23,20,12,2,1,740,45,39,47,38,46,36,54,49,53,54,76,49,53,36,23,12,15,12,3,112,344,200,585,232,0,1345,62,25,20,18,3,1458,1244,214,152,28,34,0,1188,64,722,399,3,270,178,35,56,1,733,40,43,35,48,52,37,44,49,67,59,56,47,65,33,29,16,9,4,0,725,33,38,49,47,40,38,52,53,51,58,71,45,56,31,22,12,15,10,4,90,364,188,582,234,0,1356,50,16,21,14,1,1465,1255,210,146,25,39,0,1193,65,735,391,2,272,177,36,57,2,743,36,41,41,47,55,46,47,42,72,64,54,54,63,26,29,14,8,4,0,722,35,42,46,47,43,40,50,50,51,62,64,54,49,30,18,12,18,8,3,124,332,216,559,234,0,1325,80,26,16,17,1
4047,W��renli,5005,3721,1284,690,466,126,3,3586,183,2579,821,3,1419,644,472,220,83,2506,123,148,159,125,149,160,186,192,175,143,165,186,173,130,117,87,48,26,14,2499,148,125,133,122,142,143,192,175,167,138,178,210,164,139,108,89,54,48,24,322,1055,694,1898,1036,0,4640,229,50,33,46,7,4940,3664,1276,696,464,116,0,3528,187,2526,815,0,1412,665,455,208,84,2471,139,149,145,125,155,148,192,179,179,146,156,191,159,128,121,74,47,26,12,2469,141,133,134,113,144,142,183,181,151,148,186,211,156,131,101,83,59,48,24,338,1020,681,1865,1035,1,4557,217,59,50,57,0,4838,3646,1192,644,450,98,0,3513,193,2487,831,2,1325,639,415,190,81,2416,146,136,140,133,143,150,168,168,168,154,167,188,159,135,108,71,47,23,12,2422,131,134,133,114,146,147,180,167,148,152,189,187,154,131,107,75,62,44,21,344,991,673,1800,1028,2,4455,255,58,23,46,1,4768,3578,1190,670,417,103,0,3463,204,2448,810,3,1305,652,384,192,77,2397,153,147,125,131,135,147,169,178,158,149,186,183,156,133,93,71,54,17,12,2371,127,134,126,114,140,163,158,155,150,148,196,188,143,124,110,66,64,44,21,292,1050,657,1725,1044,0,4431,199,32,48,57,3,4702,3529,1173,644,418,111,0,3426,211,2404,810,1,1276,637,372,188,79,2367,155,137,128,123,140,147,162,181,141,168,186,175,152,133,98,65,42,19,15,2335,131,126,122,126,137,155,159,150,140,169,192,182,142,116,102,68,57,37,24,291,1063,681,1628,1039,0,4354,206,37,44,60,1,4658,3468,1190,663,412,115,0,3385,219,2359,805,2,1273,647,359,184,83,2347,144,139,124,131,136,144,172,171,135,165,203,170,154,130,93,59,41,26,10,2311,127,125,116,131,132,148,158,157,134,175,211,163,142,112,100,68,57,37,18,274,1086,670,1596,1032,0,4342,204,29,36,46,1,4618,3435,1183,656,416,111,0,3368,235,2321,811,1,1250,637,350,177,86,2322,138,132,116,128,140,152,168,172,143,166,207,163,157,122,84,59,41,23,11,2296,130,117,107,134,138,142,161,145,141,184,211,163,133,107,101,69,57,38,18,290,1060,661,1578,1029,0,4274,201,38,45,58,2,4577,3401,1176,667,407,102,0,3324,242,2276,805,1,1253,659,341,168,85,2297,130,127,122,127,146,156,162,165,148,188,196,162,156,109,78,56,36,24,9,2280,120,113,119,138,142,144,158,148,152,195,188,155,126,113,90,68,58,35,18,351,1034,632,1537,1023,0,4191,254,34,55,41,2,4452,3346,1106,639,394,73,0,3274,251,2228,794,1,1178,614,331,145,88,2232,141,120,123,124,130,161,154,144,148,195,182,169,143,98,81,57,33,21,8,2220,118,116,122,143,139,133,143,134,154,194,195,144,119,122,71,71,60,25,17,326,1012,595,1495,1024,0,4072,229,43,45,59,4,4302,3267,1035,596,365,74,0,3179,257,2147,774,1,1123,587,305,142,89,2140,125,115,108,134,119,158,147,120,156,195,175,158,136,104,72,51,36,23,8,2162,109,110,124,137,133,138,141,126,165,187,185,134,117,117,72,67,57,29,14,323,990,503,1482,1004,0,3935,192,59,68,47,1,4239,3263,976,536,378,62,0,3160,262,2151,746,1,1079,568,283,133,95,2119,128,105,113,127,122,146,150,123,162,197,178,158,126,103,60,52,42,20,7,2120,117,109,123,127,137,137,138,116,163,201,165,131,114,108,69,69,56,24,16,284,984,485,1470,1016,0,3910,180,37,63,48,1,4212,3278,934,477,386,71,0,3173,270,2152,749,2,1039,515,286,138,100,2104,132,100,118,128,140,144,151,126,156,199,167,156,116,92,58,60,39,17,5,2108,113,102,130,134,142,143,126,122,165,198,162,123,110,103,72,65,55,29,14,268,992,451,1478,1023,0,3898,183,30,41,48,12
4048,W��re,6727,5477,1250,864,238,148,0,5139,65,2470,2602,3,1588,864,324,373,27,3370,174,202,233,199,176,138,158,227,263,243,285,279,224,157,148,118,94,36,16,3357,146,172,209,192,124,136,162,227,284,246,298,282,191,183,156,143,116,58,32,568,1222,977,2861,1099,0,6108,245,257,54,59,4,6494,5284,1210,825,247,138,0,4972,67,2375,2530,0,1522,821,323,357,21,3260,167,198,225,177,197,126,150,208,233,264,289,269,205,151,143,127,80,35,16,3234,139,166,205,177,124,130,147,206,261,262,309,257,181,173,157,139,108,61,32,311,1290,1022,2776,1095,0,6130,116,152,37,56,3,6511,5306,1205,806,258,141,0,4997,74,2387,2536,0,1514,815,326,350,23,3275,169,202,229,159,203,139,145,228,233,258,291,267,203,146,157,112,82,35,17,3236,134,173,215,169,123,131,168,214,265,255,304,250,188,170,160,138,93,56,30,367,1308,1077,2668,1091,0,6102,152,152,49,53,3,6494,5309,1185,814,221,150,0,5007,78,2401,2527,3,1487,823,282,360,22,3262,169,207,223,159,206,140,161,219,222,256,300,260,196,147,149,114,79,38,17,3232,137,191,207,152,131,139,176,217,258,246,314,239,188,168,159,132,95,59,24,324,1396,1130,2547,1097,0,6116,115,145,55,60,3,6484,5318,1166,805,210,150,1,5019,86,2399,2533,1,1465,811,264,366,24,3248,171,197,211,187,179,157,157,219,221,278,305,249,186,148,150,110,70,34,19,3236,147,203,190,151,150,138,166,244,240,270,313,224,180,173,152,133,86,55,21,399,1381,1090,2537,1077,0,6039,181,167,46,49,2,6386,5258,1128,774,217,136,1,4966,89,2381,2496,0,1420,791,253,351,25,3196,166,212,193,187,157,149,162,220,231,280,298,239,170,165,137,109,65,35,21,3190,167,193,188,144,155,131,170,239,220,299,289,195,203,160,144,137,80,53,23,344,1411,1053,2503,1075,0,5988,142,141,49,62,4,6336,5224,1112,783,198,130,1,4963,94,2384,2485,0,1373,787,228,336,22,3164,170,211,170,208,149,144,162,215,245,286,282,230,166,161,151,95,66,35,18,3172,167,194,181,147,158,115,187,228,235,312,272,195,199,160,143,134,81,45,19,407,1423,945,2504,1057,0,5887,185,155,49,54,6,6200,5163,1037,768,176,93,0,4916,96,2357,2463,0,1284,767,200,293,24,3082,165,221,147,201,152,137,156,199,237,297,274,219,164,178,130,93,63,38,11,3118,161,201,168,150,158,120,179,222,235,304,267,205,186,163,151,112,72,43,21,381,1487,783,2493,1056,0,5765,163,175,37,60,0,6068,5077,991,748,154,89,0,4832,105,2301,2426,0,1236,746,183,286,21,3007,165,211,149,184,147,137,154,189,238,303,261,205,165,169,133,91,61,34,11,3061,160,193,153,165,145,131,162,221,233,310,256,196,183,166,144,109,75,34,25,358,1561,663,2446,1040,0,5674,161,145,41,45,2,5972,5028,944,709,141,94,0,4807,108,2258,2440,1,1165,714,161,271,19,2965,170,197,166,168,151,127,155,175,253,305,251,202,164,168,129,84,57,34,9,3007,169,173,152,168,132,128,176,200,257,308,240,195,178,156,148,97,74,31,25,367,1467,711,2393,1034,0,5543,135,168,57,66,3,5850,4944,906,672,145,89,0,4738,112,2238,2387,1,1112,669,169,254,20,2897,176,172,170,163,140,120,156,184,258,310,237,180,179,159,121,79,51,30,12,2953,155,173,153,167,141,117,172,191,285,293,224,203,167,154,149,87,63,37,22,347,1449,672,2358,1024,0,5454,140,157,39,56,4,5764,4926,838,620,124,94,0,4705,116,2198,2389,2,1059,634,154,252,19,2833,163,158,190,147,136,119,141,195,263,290,221,182,183,170,111,76,50,27,11,2931,163,169,146,171,145,132,153,206,291,282,203,203,172,150,143,88,58,37,19,455,1286,704,2311,1008,0,5283,160,224,53,37,7
4049,Ehrendingen,4827,3984,843,609,110,124,0,3689,125,2239,1325,0,1138,648,204,275,11,2383,132,129,133,141,143,109,144,138,160,162,186,194,168,127,104,92,73,31,17,2444,104,134,146,131,128,113,135,160,166,191,190,191,159,120,114,87,96,53,26,240,967,818,1997,805,0,4558,153,56,24,34,3,4865,3999,866,627,122,117,0,3702,129,2236,1336,1,1163,658,218,277,10,2400,140,127,130,144,133,113,152,136,164,168,200,186,162,135,103,88,69,32,18,2465,116,145,125,141,116,115,153,151,154,193,215,184,162,124,98,98,102,47,26,245,1004,802,2010,804,0,4574,148,76,14,53,0,4880,4009,871,618,134,119,0,3722,139,2237,1346,0,1158,658,218,271,11,2405,139,124,138,135,140,111,152,157,166,166,204,181,164,122,99,95,66,29,17,2475,121,133,140,149,107,119,153,162,176,184,220,178,146,130,103,99,90,39,26,293,1000,774,2010,803,0,4555,177,76,34,37,1,4840,4013,827,617,100,110,0,3740,146,2229,1364,3,1100,667,176,249,8,2368,133,135,132,124,150,103,130,162,170,170,210,167,164,127,94,94,58,27,18,2472,127,136,147,133,110,126,146,168,177,177,235,169,148,120,104,98,80,49,22,279,1090,769,1900,802,0,4521,180,81,11,46,3,4823,3998,825,628,93,104,0,3734,147,2218,1369,0,1089,667,168,247,7,2373,136,139,138,132,140,110,129,166,172,163,213,179,159,109,105,87,51,31,14,2450,138,130,145,135,99,128,144,168,189,190,215,164,140,126,104,101,69,47,18,271,1170,708,1879,795,0,4506,151,80,32,54,0,4837,3985,852,639,94,119,0,3720,149,2193,1377,1,1117,674,178,257,8,2390,139,133,139,153,130,129,123,174,163,188,205,177,149,112,102,87,45,33,9,2447,125,145,131,128,109,143,153,174,175,200,207,163,136,127,101,107,61,44,18,295,1227,666,1872,777,0,4492,172,86,29,54,4,4775,3930,845,643,81,121,0,3662,154,2149,1359,0,1113,678,155,265,15,2357,131,132,141,149,131,134,122,160,174,201,193,173,136,112,102,83,49,27,7,2418,132,124,131,116,119,159,156,149,183,215,199,160,129,113,110,111,56,35,21,280,1211,703,1827,754,0,4448,161,75,38,51,2,4743,3898,845,657,86,102,0,3655,163,2131,1360,1,1088,684,151,239,14,2336,123,138,135,153,128,128,141,153,162,219,197,170,122,109,105,80,44,24,5,2407,133,130,136,110,117,154,144,166,177,224,180,157,136,121,110,102,53,37,20,323,1157,733,1781,749,0,4387,185,92,32,44,3,4716,3885,831,655,85,91,0,3654,170,2150,1333,1,1062,683,141,225,13,2319,138,129,134,154,128,128,141,144,175,222,179,168,129,102,101,75,43,23,6,2397,142,139,126,113,131,142,145,180,176,235,163,157,124,116,108,94,57,34,15,380,1205,644,1717,770,0,4287,220,103,46,57,3,4519,3730,789,629,76,84,0,3518,171,2063,1283,1,1001,658,128,204,11,2233,132,133,133,143,112,117,134,159,156,219,186,164,109,109,93,67,43,18,6,2286,118,136,122,122,128,130,127,188,184,207,154,144,130,107,119,75,54,26,15,409,1050,666,1640,754,0,4081,233,93,70,38,4,4304,3610,694,525,89,80,0,3431,178,2004,1248,1,873,555,136,173,9,2127,115,123,139,135,110,107,115,140,175,203,171,158,114,109,95,56,43,15,4,2177,109,126,118,124,112,114,128,146,194,195,160,139,125,107,123,68,49,27,13,320,985,671,1580,748,0,3946,181,97,36,42,2,4237,3556,681,529,71,81,0,3366,187,1987,1188,4,871,562,120,180,9,2103,99,129,143,137,115,103,102,151,184,192,172,148,113,107,93,57,38,17,3,2134,94,129,110,128,125,108,116,148,202,188,161,132,112,116,122,64,42,23,14,263,1022,646,1556,750,0,3939,152,61,37,41,7
